original_image_id,original_path,output_path,dataset_name,split_name,corruption_type,frequency_band,frequency_rank,severity,branch_type,attack_type,width,height,num_objects,class_names
001811,data/VOCdevkit/VOC2007/JPEGImages/001811.jpg,output/clean/001811.png,voc2007,test,clean,none,0,0,clean,,500,375,8,"[""tvmonitor"", ""sofa"", ""sofa"", ""chair"", ""chair"", ""pottedplant"", ""pottedplant"", ""pottedplant""]"
001811,data/VOCdevkit/VOC2007/JPEGImages/001811.jpg,output/high_frequency/gaussian_noise/severity_1/001811.png,voc2007,test,gaussian_noise,high,1,1,main,,500,375,8,"[""tvmonitor"", ""sofa"", ""sofa"", ""chair"", ""chair"", ""pottedplant"", ""pottedplant"", ""pottedplant""]"
001811,data/VOCdevkit/VOC2007/JPEGImages/001811.jpg,output/high_frequency/gaussian_noise/severity_2/001811.png,voc2007,test,gaussian_noise,high,1,2,main,,500,375,8,"[""tvmonitor"", ""sofa"", ""sofa"", ""chair"", ""chair"", ""pottedplant"", ""pottedplant"", ""pottedplant""]"
001811,data/VOCdevkit/VOC2007/JPEGImages/001811.jpg,output/high_frequency/gaussian_noise/severity_3/001811.png,voc2007,test,gaussian_noise,high,1,3,main,,500,375,8,"[""tvmonitor"", ""sofa"", ""sofa"", ""chair"", ""chair"", ""pottedplant"", ""pottedplant"", ""pottedplant""]"
001811,data/VOCdevkit/VOC2007/JPEGImages/001811.jpg,output/high_frequency/gaussian_noise/severity_4/001811.png,voc2007,test,gaussian_noise,high,1,4,main,,500,375,8,"[""tvmonitor"", ""sofa"", ""sofa"", ""chair"", ""chair"", ""pottedplant"", ""pottedplant"", ""pottedplant""]"
001811,data/VOCdevkit/VOC2007/JPEGImages/001811.jpg,output/high_frequency/gaussian_noise/severity_5/001811.png,voc2007,test,gaussian_noise,high,1,5,main,,500,375,8,"[""tvmonitor"", ""sofa"", ""sofa"", ""chair"", ""chair"", ""pottedplant"", ""pottedplant"", ""pottedplant""]"
001811,data/VOCdevkit/VOC2007/JPEGImages/001811.jpg,output/high_frequency/shot_noise/severity_1/001811.png,voc2007,test,shot_noise,high,2,1,main,,500,375,8,"[""tvmonitor"", ""sofa"", ""sofa"", ""chair"", ""chair"", ""pottedplant"", ""pottedplant"", ""pottedplant""]"
001811,data/VOCdevkit/VOC2007/JPEGImages/001811.jpg,output/high_frequency/shot_noise/severity_2/001811.png,voc2007,test,shot_noise,high,2,2,main,,500,375,8,"[""tvmonitor"", ""sofa"", ""sofa"", ""chair"", ""chair"", ""pottedplant"", ""pottedplant"", ""pottedplant""]"
001811,data/VOCdevkit/VOC2007/JPEGImages/001811.jpg,output/high_frequency/shot_noise/severity_3/001811.png,voc2007,test,shot_noise,high,2,3,main,,500,375,8,"[""tvmonitor"", ""sofa"", ""sofa"", ""chair"", ""chair"", ""pottedplant"", ""pottedplant"", ""pottedplant""]"
001811,data/VOCdevkit/VOC2007/JPEGImages/001811.jpg,output/high_frequency/shot_noise/severity_4/001811.png,voc2007,test,shot_noise,high,2,4,main,,500,375,8,"[""tvmonitor"", ""sofa"", ""sofa"", ""chair"", ""chair"", ""pottedplant"", ""pottedplant"", ""pottedplant""]"
001811,data/VOCdevkit/VOC2007/JPEGImages/001811.jpg,output/high_frequency/shot_noise/severity_5/001811.png,voc2007,test,shot_noise,high,2,5,main,,500,375,8,"[""tvmonitor"", ""sofa"", ""sofa"", ""chair"", ""chair"", ""pottedplant"", ""pottedplant"", ""pottedplant""]"
001811,data/VOCdevkit/VOC2007/JPEGImages/001811.jpg,output/high_frequency/jpeg_compression/severity_1/001811.png,voc2007,test,jpeg_compression,high,3,1,main,,500,375,8,"[""tvmonitor"", ""sofa"", ""sofa"", ""chair"", ""chair"", ""pottedplant"", ""pottedplant"", ""pottedplant""]"
001811,data/VOCdevkit/VOC2007/JPEGImages/001811.jpg,output/high_frequency/jpeg_compression/severity_2/001811.png,voc2007,test,jpeg_compression,high,3,2,main,,500,375,8,"[""tvmonitor"", ""sofa"", ""sofa"", ""chair"", ""chair"", ""pottedplant"", ""pottedplant"", ""pottedplant""]"
001811,data/VOCdevkit/VOC2007/JPEGImages/001811.jpg,output/high_frequency/jpeg_compression/severity_3/001811.png,voc2007,test,jpeg_compression,high,3,3,main,,500,375,8,"[""tvmonitor"", ""sofa"", ""sofa"", ""chair"", ""chair"", ""pottedplant"", ""pottedplant"", ""pottedplant""]"
001811,data/VOCdevkit/VOC2007/JPEGImages/001811.jpg,output/high_frequency/jpeg_compression/severity_4/001811.png,voc2007,test,jpeg_compression,high,3,4,main,,500,375,8,"[""tvmonitor"", ""sofa"", ""sofa"", ""chair"", ""chair"", ""pottedplant"", ""pottedplant"", ""pottedplant""]"
001811,data/VOCdevkit/VOC2007/JPEGImages/001811.jpg,output/high_frequency/jpeg_compression/severity_5/001811.png,voc2007,test,jpeg_compression,high,3,5,main,,500,375,8,"[""tvmonitor"", ""sofa"", ""sofa"", ""chair"", ""chair"", ""pottedplant"", ""pottedplant"", ""pottedplant""]"
001811,data/VOCdevkit/VOC2007/JPEGImages/001811.jpg,output/mid_frequency/pixelate/severity_1/001811.png,voc2007,test,pixelate,mid,4,1,main,,500,375,8,"[""tvmonitor"", ""sofa"", ""sofa"", ""chair"", ""chair"", ""pottedplant"", ""pottedplant"", ""pottedplant""]"
001811,data/VOCdevkit/VOC2007/JPEGImages/001811.jpg,output/mid_frequency/pixelate/severity_2/001811.png,voc2007,test,pixelate,mid,4,2,main,,500,375,8,"[""tvmonitor"", ""sofa"", ""sofa"", ""chair"", ""chair"", ""pottedplant"", ""pottedplant"", ""pottedplant""]"
001811,data/VOCdevkit/VOC2007/JPEGImages/001811.jpg,output/mid_frequency/pixelate/severity_3/001811.png,voc2007,test,pixelate,mid,4,3,main,,500,375,8,"[""tvmonitor"", ""sofa"", ""sofa"", ""chair"", ""chair"", ""pottedplant"", ""pottedplant"", ""pottedplant""]"
001811,data/VOCdevkit/VOC2007/JPEGImages/001811.jpg,output/mid_frequency/pixelate/severity_4/001811.png,voc2007,test,pixelate,mid,4,4,main,,500,375,8,"[""tvmonitor"", ""sofa"", ""sofa"", ""chair"", ""chair"", ""pottedplant"", ""pottedplant"", ""pottedplant""]"
001811,data/VOCdevkit/VOC2007/JPEGImages/001811.jpg,output/mid_frequency/pixelate/severity_5/001811.png,voc2007,test,pixelate,mid,4,5,main,,500,375,8,"[""tvmonitor"", ""sofa"", ""sofa"", ""chair"", ""chair"", ""pottedplant"", ""pottedplant"", ""pottedplant""]"
001811,data/VOCdevkit/VOC2007/JPEGImages/001811.jpg,output/mid_frequency/defocus_blur/severity_1/001811.png,voc2007,test,defocus_blur,mid,5,1,main,,500,375,8,"[""tvmonitor"", ""sofa"", ""sofa"", ""chair"", ""chair"", ""pottedplant"", ""pottedplant"", ""pottedplant""]"
001811,data/VOCdevkit/VOC2007/JPEGImages/001811.jpg,output/mid_frequency/defocus_blur/severity_2/001811.png,voc2007,test,defocus_blur,mid,5,2,main,,500,375,8,"[""tvmonitor"", ""sofa"", ""sofa"", ""chair"", ""chair"", ""pottedplant"", ""pottedplant"", ""pottedplant""]"
001811,data/VOCdevkit/VOC2007/JPEGImages/001811.jpg,output/mid_frequency/defocus_blur/severity_3/001811.png,voc2007,test,defocus_blur,mid,5,3,main,,500,375,8,"[""tvmonitor"", ""sofa"", ""sofa"", ""chair"", ""chair"", ""pottedplant"", ""pottedplant"", ""pottedplant""]"
001811,data/VOCdevkit/VOC2007/JPEGImages/001811.jpg,output/mid_frequency/defocus_blur/severity_4/001811.png,voc2007,test,defocus_blur,mid,5,4,main,,500,375,8,"[""tvmonitor"", ""sofa"", ""sofa"", ""chair"", ""chair"", ""pottedplant"", ""pottedplant"", ""pottedplant""]"
001811,data/VOCdevkit/VOC2007/JPEGImages/001811.jpg,output/mid_frequency/defocus_blur/severity_5/001811.png,voc2007,test,defocus_blur,mid,5,5,main,,500,375,8,"[""tvmonitor"", ""sofa"", ""sofa"", ""chair"", ""chair"", ""pottedplant"", ""pottedplant"", ""pottedplant""]"
001811,data/VOCdevkit/VOC2007/JPEGImages/001811.jpg,output/mid_frequency/motion_blur/severity_1/001811.png,voc2007,test,motion_blur,mid,6,1,main,,500,375,8,"[""tvmonitor"", ""sofa"", ""sofa"", ""chair"", ""chair"", ""pottedplant"", ""pottedplant"", ""pottedplant""]"
001811,data/VOCdevkit/VOC2007/JPEGImages/001811.jpg,output/mid_frequency/motion_blur/severity_2/001811.png,voc2007,test,motion_blur,mid,6,2,main,,500,375,8,"[""tvmonitor"", ""sofa"", ""sofa"", ""chair"", ""chair"", ""pottedplant"", ""pottedplant"", ""pottedplant""]"
001811,data/VOCdevkit/VOC2007/JPEGImages/001811.jpg,output/mid_frequency/motion_blur/severity_3/001811.png,voc2007,test,motion_blur,mid,6,3,main,,500,375,8,"[""tvmonitor"", ""sofa"", ""sofa"", ""chair"", ""chair"", ""pottedplant"", ""pottedplant"", ""pottedplant""]"
001811,data/VOCdevkit/VOC2007/JPEGImages/001811.jpg,output/mid_frequency/motion_blur/severity_4/001811.png,voc2007,test,motion_blur,mid,6,4,main,,500,375,8,"[""tvmonitor"", ""sofa"", ""sofa"", ""chair"", ""chair"", ""pottedplant"", ""pottedplant"", ""pottedplant""]"
001811,data/VOCdevkit/VOC2007/JPEGImages/001811.jpg,output/mid_frequency/motion_blur/severity_5/001811.png,voc2007,test,motion_blur,mid,6,5,main,,500,375,8,"[""tvmonitor"", ""sofa"", ""sofa"", ""chair"", ""chair"", ""pottedplant"", ""pottedplant"", ""pottedplant""]"
001811,data/VOCdevkit/VOC2007/JPEGImages/001811.jpg,output/low_frequency/fog/severity_1/001811.png,voc2007,test,fog,low,7,1,main,,500,375,8,"[""tvmonitor"", ""sofa"", ""sofa"", ""chair"", ""chair"", ""pottedplant"", ""pottedplant"", ""pottedplant""]"
001811,data/VOCdevkit/VOC2007/JPEGImages/001811.jpg,output/low_frequency/fog/severity_2/001811.png,voc2007,test,fog,low,7,2,main,,500,375,8,"[""tvmonitor"", ""sofa"", ""sofa"", ""chair"", ""chair"", ""pottedplant"", ""pottedplant"", ""pottedplant""]"
001811,data/VOCdevkit/VOC2007/JPEGImages/001811.jpg,output/low_frequency/fog/severity_3/001811.png,voc2007,test,fog,low,7,3,main,,500,375,8,"[""tvmonitor"", ""sofa"", ""sofa"", ""chair"", ""chair"", ""pottedplant"", ""pottedplant"", ""pottedplant""]"
001811,data/VOCdevkit/VOC2007/JPEGImages/001811.jpg,output/low_frequency/fog/severity_4/001811.png,voc2007,test,fog,low,7,4,main,,500,375,8,"[""tvmonitor"", ""sofa"", ""sofa"", ""chair"", ""chair"", ""pottedplant"", ""pottedplant"", ""pottedplant""]"
001811,data/VOCdevkit/VOC2007/JPEGImages/001811.jpg,output/low_frequency/fog/severity_5/001811.png,voc2007,test,fog,low,7,5,main,,500,375,8,"[""tvmonitor"", ""sofa"", ""sofa"", ""chair"", ""chair"", ""pottedplant"", ""pottedplant"", ""pottedplant""]"
001811,data/VOCdevkit/VOC2007/JPEGImages/001811.jpg,output/low_frequency/contrast/severity_1/001811.png,voc2007,test,contrast,low,8,1,main,,500,375,8,"[""tvmonitor"", ""sofa"", ""sofa"", ""chair"", ""chair"", ""pottedplant"", ""pottedplant"", ""pottedplant""]"
001811,data/VOCdevkit/VOC2007/JPEGImages/001811.jpg,output/low_frequency/contrast/severity_2/001811.png,voc2007,test,contrast,low,8,2,main,,500,375,8,"[""tvmonitor"", ""sofa"", ""sofa"", ""chair"", ""chair"", ""pottedplant"", ""pottedplant"", ""pottedplant""]"
001811,data/VOCdevkit/VOC2007/JPEGImages/001811.jpg,output/low_frequency/contrast/severity_3/001811.png,voc2007,test,contrast,low,8,3,main,,500,375,8,"[""tvmonitor"", ""sofa"", ""sofa"", ""chair"", ""chair"", ""pottedplant"", ""pottedplant"", ""pottedplant""]"
001811,data/VOCdevkit/VOC2007/JPEGImages/001811.jpg,output/low_frequency/contrast/severity_4/001811.png,voc2007,test,contrast,low,8,4,main,,500,375,8,"[""tvmonitor"", ""sofa"", ""sofa"", ""chair"", ""chair"", ""pottedplant"", ""pottedplant"", ""pottedplant""]"
001811,data/VOCdevkit/VOC2007/JPEGImages/001811.jpg,output/low_frequency/contrast/severity_5/001811.png,voc2007,test,contrast,low,8,5,main,,500,375,8,"[""tvmonitor"", ""sofa"", ""sofa"", ""chair"", ""chair"", ""pottedplant"", ""pottedplant"", ""pottedplant""]"
000402,data/VOCdevkit/VOC2007/JPEGImages/000402.jpg,output/clean/000402.png,voc2007,test,clean,none,0,0,clean,,500,333,3,"[""car"", ""car"", ""car""]"
000402,data/VOCdevkit/VOC2007/JPEGImages/000402.jpg,output/high_frequency/gaussian_noise/severity_1/000402.png,voc2007,test,gaussian_noise,high,1,1,main,,500,333,3,"[""car"", ""car"", ""car""]"
000402,data/VOCdevkit/VOC2007/JPEGImages/000402.jpg,output/high_frequency/gaussian_noise/severity_2/000402.png,voc2007,test,gaussian_noise,high,1,2,main,,500,333,3,"[""car"", ""car"", ""car""]"
000402,data/VOCdevkit/VOC2007/JPEGImages/000402.jpg,output/high_frequency/gaussian_noise/severity_3/000402.png,voc2007,test,gaussian_noise,high,1,3,main,,500,333,3,"[""car"", ""car"", ""car""]"
000402,data/VOCdevkit/VOC2007/JPEGImages/000402.jpg,output/high_frequency/gaussian_noise/severity_4/000402.png,voc2007,test,gaussian_noise,high,1,4,main,,500,333,3,"[""car"", ""car"", ""car""]"
000402,data/VOCdevkit/VOC2007/JPEGImages/000402.jpg,output/high_frequency/gaussian_noise/severity_5/000402.png,voc2007,test,gaussian_noise,high,1,5,main,,500,333,3,"[""car"", ""car"", ""car""]"
000402,data/VOCdevkit/VOC2007/JPEGImages/000402.jpg,output/high_frequency/shot_noise/severity_1/000402.png,voc2007,test,shot_noise,high,2,1,main,,500,333,3,"[""car"", ""car"", ""car""]"
000402,data/VOCdevkit/VOC2007/JPEGImages/000402.jpg,output/high_frequency/shot_noise/severity_2/000402.png,voc2007,test,shot_noise,high,2,2,main,,500,333,3,"[""car"", ""car"", ""car""]"
000402,data/VOCdevkit/VOC2007/JPEGImages/000402.jpg,output/high_frequency/shot_noise/severity_3/000402.png,voc2007,test,shot_noise,high,2,3,main,,500,333,3,"[""car"", ""car"", ""car""]"
000402,data/VOCdevkit/VOC2007/JPEGImages/000402.jpg,output/high_frequency/shot_noise/severity_4/000402.png,voc2007,test,shot_noise,high,2,4,main,,500,333,3,"[""car"", ""car"", ""car""]"
000402,data/VOCdevkit/VOC2007/JPEGImages/000402.jpg,output/high_frequency/shot_noise/severity_5/000402.png,voc2007,test,shot_noise,high,2,5,main,,500,333,3,"[""car"", ""car"", ""car""]"
000402,data/VOCdevkit/VOC2007/JPEGImages/000402.jpg,output/high_frequency/jpeg_compression/severity_1/000402.png,voc2007,test,jpeg_compression,high,3,1,main,,500,333,3,"[""car"", ""car"", ""car""]"
000402,data/VOCdevkit/VOC2007/JPEGImages/000402.jpg,output/high_frequency/jpeg_compression/severity_2/000402.png,voc2007,test,jpeg_compression,high,3,2,main,,500,333,3,"[""car"", ""car"", ""car""]"
000402,data/VOCdevkit/VOC2007/JPEGImages/000402.jpg,output/high_frequency/jpeg_compression/severity_3/000402.png,voc2007,test,jpeg_compression,high,3,3,main,,500,333,3,"[""car"", ""car"", ""car""]"
000402,data/VOCdevkit/VOC2007/JPEGImages/000402.jpg,output/high_frequency/jpeg_compression/severity_4/000402.png,voc2007,test,jpeg_compression,high,3,4,main,,500,333,3,"[""car"", ""car"", ""car""]"
000402,data/VOCdevkit/VOC2007/JPEGImages/000402.jpg,output/high_frequency/jpeg_compression/severity_5/000402.png,voc2007,test,jpeg_compression,high,3,5,main,,500,333,3,"[""car"", ""car"", ""car""]"
000402,data/VOCdevkit/VOC2007/JPEGImages/000402.jpg,output/mid_frequency/pixelate/severity_1/000402.png,voc2007,test,pixelate,mid,4,1,main,,500,333,3,"[""car"", ""car"", ""car""]"
000402,data/VOCdevkit/VOC2007/JPEGImages/000402.jpg,output/mid_frequency/pixelate/severity_2/000402.png,voc2007,test,pixelate,mid,4,2,main,,500,333,3,"[""car"", ""car"", ""car""]"
000402,data/VOCdevkit/VOC2007/JPEGImages/000402.jpg,output/mid_frequency/pixelate/severity_3/000402.png,voc2007,test,pixelate,mid,4,3,main,,500,333,3,"[""car"", ""car"", ""car""]"
000402,data/VOCdevkit/VOC2007/JPEGImages/000402.jpg,output/mid_frequency/pixelate/severity_4/000402.png,voc2007,test,pixelate,mid,4,4,main,,500,333,3,"[""car"", ""car"", ""car""]"
000402,data/VOCdevkit/VOC2007/JPEGImages/000402.jpg,output/mid_frequency/pixelate/severity_5/000402.png,voc2007,test,pixelate,mid,4,5,main,,500,333,3,"[""car"", ""car"", ""car""]"
000402,data/VOCdevkit/VOC2007/JPEGImages/000402.jpg,output/mid_frequency/defocus_blur/severity_1/000402.png,voc2007,test,defocus_blur,mid,5,1,main,,500,333,3,"[""car"", ""car"", ""car""]"
000402,data/VOCdevkit/VOC2007/JPEGImages/000402.jpg,output/mid_frequency/defocus_blur/severity_2/000402.png,voc2007,test,defocus_blur,mid,5,2,main,,500,333,3,"[""car"", ""car"", ""car""]"
000402,data/VOCdevkit/VOC2007/JPEGImages/000402.jpg,output/mid_frequency/defocus_blur/severity_3/000402.png,voc2007,test,defocus_blur,mid,5,3,main,,500,333,3,"[""car"", ""car"", ""car""]"
000402,data/VOCdevkit/VOC2007/JPEGImages/000402.jpg,output/mid_frequency/defocus_blur/severity_4/000402.png,voc2007,test,defocus_blur,mid,5,4,main,,500,333,3,"[""car"", ""car"", ""car""]"
000402,data/VOCdevkit/VOC2007/JPEGImages/000402.jpg,output/mid_frequency/defocus_blur/severity_5/000402.png,voc2007,test,defocus_blur,mid,5,5,main,,500,333,3,"[""car"", ""car"", ""car""]"
000402,data/VOCdevkit/VOC2007/JPEGImages/000402.jpg,output/mid_frequency/motion_blur/severity_1/000402.png,voc2007,test,motion_blur,mid,6,1,main,,500,333,3,"[""car"", ""car"", ""car""]"
000402,data/VOCdevkit/VOC2007/JPEGImages/000402.jpg,output/mid_frequency/motion_blur/severity_2/000402.png,voc2007,test,motion_blur,mid,6,2,main,,500,333,3,"[""car"", ""car"", ""car""]"
000402,data/VOCdevkit/VOC2007/JPEGImages/000402.jpg,output/mid_frequency/motion_blur/severity_3/000402.png,voc2007,test,motion_blur,mid,6,3,main,,500,333,3,"[""car"", ""car"", ""car""]"
000402,data/VOCdevkit/VOC2007/JPEGImages/000402.jpg,output/mid_frequency/motion_blur/severity_4/000402.png,voc2007,test,motion_blur,mid,6,4,main,,500,333,3,"[""car"", ""car"", ""car""]"
000402,data/VOCdevkit/VOC2007/JPEGImages/000402.jpg,output/mid_frequency/motion_blur/severity_5/000402.png,voc2007,test,motion_blur,mid,6,5,main,,500,333,3,"[""car"", ""car"", ""car""]"
000402,data/VOCdevkit/VOC2007/JPEGImages/000402.jpg,output/low_frequency/fog/severity_1/000402.png,voc2007,test,fog,low,7,1,main,,500,333,3,"[""car"", ""car"", ""car""]"
000402,data/VOCdevkit/VOC2007/JPEGImages/000402.jpg,output/low_frequency/fog/severity_2/000402.png,voc2007,test,fog,low,7,2,main,,500,333,3,"[""car"", ""car"", ""car""]"
000402,data/VOCdevkit/VOC2007/JPEGImages/000402.jpg,output/low_frequency/fog/severity_3/000402.png,voc2007,test,fog,low,7,3,main,,500,333,3,"[""car"", ""car"", ""car""]"
000402,data/VOCdevkit/VOC2007/JPEGImages/000402.jpg,output/low_frequency/fog/severity_4/000402.png,voc2007,test,fog,low,7,4,main,,500,333,3,"[""car"", ""car"", ""car""]"
000402,data/VOCdevkit/VOC2007/JPEGImages/000402.jpg,output/low_frequency/fog/severity_5/000402.png,voc2007,test,fog,low,7,5,main,,500,333,3,"[""car"", ""car"", ""car""]"
000402,data/VOCdevkit/VOC2007/JPEGImages/000402.jpg,output/low_frequency/contrast/severity_1/000402.png,voc2007,test,contrast,low,8,1,main,,500,333,3,"[""car"", ""car"", ""car""]"
000402,data/VOCdevkit/VOC2007/JPEGImages/000402.jpg,output/low_frequency/contrast/severity_2/000402.png,voc2007,test,contrast,low,8,2,main,,500,333,3,"[""car"", ""car"", ""car""]"
000402,data/VOCdevkit/VOC2007/JPEGImages/000402.jpg,output/low_frequency/contrast/severity_3/000402.png,voc2007,test,contrast,low,8,3,main,,500,333,3,"[""car"", ""car"", ""car""]"
000402,data/VOCdevkit/VOC2007/JPEGImages/000402.jpg,output/low_frequency/contrast/severity_4/000402.png,voc2007,test,contrast,low,8,4,main,,500,333,3,"[""car"", ""car"", ""car""]"
000402,data/VOCdevkit/VOC2007/JPEGImages/000402.jpg,output/low_frequency/contrast/severity_5/000402.png,voc2007,test,contrast,low,8,5,main,,500,333,3,"[""car"", ""car"", ""car""]"
004525,data/VOCdevkit/VOC2007/JPEGImages/004525.jpg,output/clean/004525.png,voc2007,test,clean,none,0,0,clean,,500,334,2,"[""chair"", ""diningtable""]"
004525,data/VOCdevkit/VOC2007/JPEGImages/004525.jpg,output/high_frequency/gaussian_noise/severity_1/004525.png,voc2007,test,gaussian_noise,high,1,1,main,,500,334,2,"[""chair"", ""diningtable""]"
004525,data/VOCdevkit/VOC2007/JPEGImages/004525.jpg,output/high_frequency/gaussian_noise/severity_2/004525.png,voc2007,test,gaussian_noise,high,1,2,main,,500,334,2,"[""chair"", ""diningtable""]"
004525,data/VOCdevkit/VOC2007/JPEGImages/004525.jpg,output/high_frequency/gaussian_noise/severity_3/004525.png,voc2007,test,gaussian_noise,high,1,3,main,,500,334,2,"[""chair"", ""diningtable""]"
004525,data/VOCdevkit/VOC2007/JPEGImages/004525.jpg,output/high_frequency/gaussian_noise/severity_4/004525.png,voc2007,test,gaussian_noise,high,1,4,main,,500,334,2,"[""chair"", ""diningtable""]"
004525,data/VOCdevkit/VOC2007/JPEGImages/004525.jpg,output/high_frequency/gaussian_noise/severity_5/004525.png,voc2007,test,gaussian_noise,high,1,5,main,,500,334,2,"[""chair"", ""diningtable""]"
004525,data/VOCdevkit/VOC2007/JPEGImages/004525.jpg,output/high_frequency/shot_noise/severity_1/004525.png,voc2007,test,shot_noise,high,2,1,main,,500,334,2,"[""chair"", ""diningtable""]"
004525,data/VOCdevkit/VOC2007/JPEGImages/004525.jpg,output/high_frequency/shot_noise/severity_2/004525.png,voc2007,test,shot_noise,high,2,2,main,,500,334,2,"[""chair"", ""diningtable""]"
004525,data/VOCdevkit/VOC2007/JPEGImages/004525.jpg,output/high_frequency/shot_noise/severity_3/004525.png,voc2007,test,shot_noise,high,2,3,main,,500,334,2,"[""chair"", ""diningtable""]"
004525,data/VOCdevkit/VOC2007/JPEGImages/004525.jpg,output/high_frequency/shot_noise/severity_4/004525.png,voc2007,test,shot_noise,high,2,4,main,,500,334,2,"[""chair"", ""diningtable""]"
004525,data/VOCdevkit/VOC2007/JPEGImages/004525.jpg,output/high_frequency/shot_noise/severity_5/004525.png,voc2007,test,shot_noise,high,2,5,main,,500,334,2,"[""chair"", ""diningtable""]"
004525,data/VOCdevkit/VOC2007/JPEGImages/004525.jpg,output/high_frequency/jpeg_compression/severity_1/004525.png,voc2007,test,jpeg_compression,high,3,1,main,,500,334,2,"[""chair"", ""diningtable""]"
004525,data/VOCdevkit/VOC2007/JPEGImages/004525.jpg,output/high_frequency/jpeg_compression/severity_2/004525.png,voc2007,test,jpeg_compression,high,3,2,main,,500,334,2,"[""chair"", ""diningtable""]"
004525,data/VOCdevkit/VOC2007/JPEGImages/004525.jpg,output/high_frequency/jpeg_compression/severity_3/004525.png,voc2007,test,jpeg_compression,high,3,3,main,,500,334,2,"[""chair"", ""diningtable""]"
004525,data/VOCdevkit/VOC2007/JPEGImages/004525.jpg,output/high_frequency/jpeg_compression/severity_4/004525.png,voc2007,test,jpeg_compression,high,3,4,main,,500,334,2,"[""chair"", ""diningtable""]"
004525,data/VOCdevkit/VOC2007/JPEGImages/004525.jpg,output/high_frequency/jpeg_compression/severity_5/004525.png,voc2007,test,jpeg_compression,high,3,5,main,,500,334,2,"[""chair"", ""diningtable""]"
004525,data/VOCdevkit/VOC2007/JPEGImages/004525.jpg,output/mid_frequency/pixelate/severity_1/004525.png,voc2007,test,pixelate,mid,4,1,main,,500,334,2,"[""chair"", ""diningtable""]"
004525,data/VOCdevkit/VOC2007/JPEGImages/004525.jpg,output/mid_frequency/pixelate/severity_2/004525.png,voc2007,test,pixelate,mid,4,2,main,,500,334,2,"[""chair"", ""diningtable""]"
004525,data/VOCdevkit/VOC2007/JPEGImages/004525.jpg,output/mid_frequency/pixelate/severity_3/004525.png,voc2007,test,pixelate,mid,4,3,main,,500,334,2,"[""chair"", ""diningtable""]"
004525,data/VOCdevkit/VOC2007/JPEGImages/004525.jpg,output/mid_frequency/pixelate/severity_4/004525.png,voc2007,test,pixelate,mid,4,4,main,,500,334,2,"[""chair"", ""diningtable""]"
004525,data/VOCdevkit/VOC2007/JPEGImages/004525.jpg,output/mid_frequency/pixelate/severity_5/004525.png,voc2007,test,pixelate,mid,4,5,main,,500,334,2,"[""chair"", ""diningtable""]"
004525,data/VOCdevkit/VOC2007/JPEGImages/004525.jpg,output/mid_frequency/defocus_blur/severity_1/004525.png,voc2007,test,defocus_blur,mid,5,1,main,,500,334,2,"[""chair"", ""diningtable""]"
004525,data/VOCdevkit/VOC2007/JPEGImages/004525.jpg,output/mid_frequency/defocus_blur/severity_2/004525.png,voc2007,test,defocus_blur,mid,5,2,main,,500,334,2,"[""chair"", ""diningtable""]"
004525,data/VOCdevkit/VOC2007/JPEGImages/004525.jpg,output/mid_frequency/defocus_blur/severity_3/004525.png,voc2007,test,defocus_blur,mid,5,3,main,,500,334,2,"[""chair"", ""diningtable""]"
004525,data/VOCdevkit/VOC2007/JPEGImages/004525.jpg,output/mid_frequency/defocus_blur/severity_4/004525.png,voc2007,test,defocus_blur,mid,5,4,main,,500,334,2,"[""chair"", ""diningtable""]"
004525,data/VOCdevkit/VOC2007/JPEGImages/004525.jpg,output/mid_frequency/defocus_blur/severity_5/004525.png,voc2007,test,defocus_blur,mid,5,5,main,,500,334,2,"[""chair"", ""diningtable""]"
004525,data/VOCdevkit/VOC2007/JPEGImages/004525.jpg,output/mid_frequency/motion_blur/severity_1/004525.png,voc2007,test,motion_blur,mid,6,1,main,,500,334,2,"[""chair"", ""diningtable""]"
004525,data/VOCdevkit/VOC2007/JPEGImages/004525.jpg,output/mid_frequency/motion_blur/severity_2/004525.png,voc2007,test,motion_blur,mid,6,2,main,,500,334,2,"[""chair"", ""diningtable""]"
004525,data/VOCdevkit/VOC2007/JPEGImages/004525.jpg,output/mid_frequency/motion_blur/severity_3/004525.png,voc2007,test,motion_blur,mid,6,3,main,,500,334,2,"[""chair"", ""diningtable""]"
004525,data/VOCdevkit/VOC2007/JPEGImages/004525.jpg,output/mid_frequency/motion_blur/severity_4/004525.png,voc2007,test,motion_blur,mid,6,4,main,,500,334,2,"[""chair"", ""diningtable""]"
004525,data/VOCdevkit/VOC2007/JPEGImages/004525.jpg,output/mid_frequency/motion_blur/severity_5/004525.png,voc2007,test,motion_blur,mid,6,5,main,,500,334,2,"[""chair"", ""diningtable""]"
004525,data/VOCdevkit/VOC2007/JPEGImages/004525.jpg,output/low_frequency/fog/severity_1/004525.png,voc2007,test,fog,low,7,1,main,,500,334,2,"[""chair"", ""diningtable""]"
004525,data/VOCdevkit/VOC2007/JPEGImages/004525.jpg,output/low_frequency/fog/severity_2/004525.png,voc2007,test,fog,low,7,2,main,,500,334,2,"[""chair"", ""diningtable""]"
004525,data/VOCdevkit/VOC2007/JPEGImages/004525.jpg,output/low_frequency/fog/severity_3/004525.png,voc2007,test,fog,low,7,3,main,,500,334,2,"[""chair"", ""diningtable""]"
004525,data/VOCdevkit/VOC2007/JPEGImages/004525.jpg,output/low_frequency/fog/severity_4/004525.png,voc2007,test,fog,low,7,4,main,,500,334,2,"[""chair"", ""diningtable""]"
004525,data/VOCdevkit/VOC2007/JPEGImages/004525.jpg,output/low_frequency/fog/severity_5/004525.png,voc2007,test,fog,low,7,5,main,,500,334,2,"[""chair"", ""diningtable""]"
004525,data/VOCdevkit/VOC2007/JPEGImages/004525.jpg,output/low_frequency/contrast/severity_1/004525.png,voc2007,test,contrast,low,8,1,main,,500,334,2,"[""chair"", ""diningtable""]"
004525,data/VOCdevkit/VOC2007/JPEGImages/004525.jpg,output/low_frequency/contrast/severity_2/004525.png,voc2007,test,contrast,low,8,2,main,,500,334,2,"[""chair"", ""diningtable""]"
004525,data/VOCdevkit/VOC2007/JPEGImages/004525.jpg,output/low_frequency/contrast/severity_3/004525.png,voc2007,test,contrast,low,8,3,main,,500,334,2,"[""chair"", ""diningtable""]"
004525,data/VOCdevkit/VOC2007/JPEGImages/004525.jpg,output/low_frequency/contrast/severity_4/004525.png,voc2007,test,contrast,low,8,4,main,,500,334,2,"[""chair"", ""diningtable""]"
004525,data/VOCdevkit/VOC2007/JPEGImages/004525.jpg,output/low_frequency/contrast/severity_5/004525.png,voc2007,test,contrast,low,8,5,main,,500,334,2,"[""chair"", ""diningtable""]"
004053,data/VOCdevkit/VOC2007/JPEGImages/004053.jpg,output/clean/004053.png,voc2007,test,clean,none,0,0,clean,,500,332,6,"[""tvmonitor"", ""chair"", ""chair"", ""chair"", ""chair"", ""sofa""]"
004053,data/VOCdevkit/VOC2007/JPEGImages/004053.jpg,output/high_frequency/gaussian_noise/severity_1/004053.png,voc2007,test,gaussian_noise,high,1,1,main,,500,332,6,"[""tvmonitor"", ""chair"", ""chair"", ""chair"", ""chair"", ""sofa""]"
004053,data/VOCdevkit/VOC2007/JPEGImages/004053.jpg,output/high_frequency/gaussian_noise/severity_2/004053.png,voc2007,test,gaussian_noise,high,1,2,main,,500,332,6,"[""tvmonitor"", ""chair"", ""chair"", ""chair"", ""chair"", ""sofa""]"
004053,data/VOCdevkit/VOC2007/JPEGImages/004053.jpg,output/high_frequency/gaussian_noise/severity_3/004053.png,voc2007,test,gaussian_noise,high,1,3,main,,500,332,6,"[""tvmonitor"", ""chair"", ""chair"", ""chair"", ""chair"", ""sofa""]"
004053,data/VOCdevkit/VOC2007/JPEGImages/004053.jpg,output/high_frequency/gaussian_noise/severity_4/004053.png,voc2007,test,gaussian_noise,high,1,4,main,,500,332,6,"[""tvmonitor"", ""chair"", ""chair"", ""chair"", ""chair"", ""sofa""]"
004053,data/VOCdevkit/VOC2007/JPEGImages/004053.jpg,output/high_frequency/gaussian_noise/severity_5/004053.png,voc2007,test,gaussian_noise,high,1,5,main,,500,332,6,"[""tvmonitor"", ""chair"", ""chair"", ""chair"", ""chair"", ""sofa""]"
004053,data/VOCdevkit/VOC2007/JPEGImages/004053.jpg,output/high_frequency/shot_noise/severity_1/004053.png,voc2007,test,shot_noise,high,2,1,main,,500,332,6,"[""tvmonitor"", ""chair"", ""chair"", ""chair"", ""chair"", ""sofa""]"
004053,data/VOCdevkit/VOC2007/JPEGImages/004053.jpg,output/high_frequency/shot_noise/severity_2/004053.png,voc2007,test,shot_noise,high,2,2,main,,500,332,6,"[""tvmonitor"", ""chair"", ""chair"", ""chair"", ""chair"", ""sofa""]"
004053,data/VOCdevkit/VOC2007/JPEGImages/004053.jpg,output/high_frequency/shot_noise/severity_3/004053.png,voc2007,test,shot_noise,high,2,3,main,,500,332,6,"[""tvmonitor"", ""chair"", ""chair"", ""chair"", ""chair"", ""sofa""]"
004053,data/VOCdevkit/VOC2007/JPEGImages/004053.jpg,output/high_frequency/shot_noise/severity_4/004053.png,voc2007,test,shot_noise,high,2,4,main,,500,332,6,"[""tvmonitor"", ""chair"", ""chair"", ""chair"", ""chair"", ""sofa""]"
004053,data/VOCdevkit/VOC2007/JPEGImages/004053.jpg,output/high_frequency/shot_noise/severity_5/004053.png,voc2007,test,shot_noise,high,2,5,main,,500,332,6,"[""tvmonitor"", ""chair"", ""chair"", ""chair"", ""chair"", ""sofa""]"
004053,data/VOCdevkit/VOC2007/JPEGImages/004053.jpg,output/high_frequency/jpeg_compression/severity_1/004053.png,voc2007,test,jpeg_compression,high,3,1,main,,500,332,6,"[""tvmonitor"", ""chair"", ""chair"", ""chair"", ""chair"", ""sofa""]"
004053,data/VOCdevkit/VOC2007/JPEGImages/004053.jpg,output/high_frequency/jpeg_compression/severity_2/004053.png,voc2007,test,jpeg_compression,high,3,2,main,,500,332,6,"[""tvmonitor"", ""chair"", ""chair"", ""chair"", ""chair"", ""sofa""]"
004053,data/VOCdevkit/VOC2007/JPEGImages/004053.jpg,output/high_frequency/jpeg_compression/severity_3/004053.png,voc2007,test,jpeg_compression,high,3,3,main,,500,332,6,"[""tvmonitor"", ""chair"", ""chair"", ""chair"", ""chair"", ""sofa""]"
004053,data/VOCdevkit/VOC2007/JPEGImages/004053.jpg,output/high_frequency/jpeg_compression/severity_4/004053.png,voc2007,test,jpeg_compression,high,3,4,main,,500,332,6,"[""tvmonitor"", ""chair"", ""chair"", ""chair"", ""chair"", ""sofa""]"
004053,data/VOCdevkit/VOC2007/JPEGImages/004053.jpg,output/high_frequency/jpeg_compression/severity_5/004053.png,voc2007,test,jpeg_compression,high,3,5,main,,500,332,6,"[""tvmonitor"", ""chair"", ""chair"", ""chair"", ""chair"", ""sofa""]"
004053,data/VOCdevkit/VOC2007/JPEGImages/004053.jpg,output/mid_frequency/pixelate/severity_1/004053.png,voc2007,test,pixelate,mid,4,1,main,,500,332,6,"[""tvmonitor"", ""chair"", ""chair"", ""chair"", ""chair"", ""sofa""]"
004053,data/VOCdevkit/VOC2007/JPEGImages/004053.jpg,output/mid_frequency/pixelate/severity_2/004053.png,voc2007,test,pixelate,mid,4,2,main,,500,332,6,"[""tvmonitor"", ""chair"", ""chair"", ""chair"", ""chair"", ""sofa""]"
004053,data/VOCdevkit/VOC2007/JPEGImages/004053.jpg,output/mid_frequency/pixelate/severity_3/004053.png,voc2007,test,pixelate,mid,4,3,main,,500,332,6,"[""tvmonitor"", ""chair"", ""chair"", ""chair"", ""chair"", ""sofa""]"
004053,data/VOCdevkit/VOC2007/JPEGImages/004053.jpg,output/mid_frequency/pixelate/severity_4/004053.png,voc2007,test,pixelate,mid,4,4,main,,500,332,6,"[""tvmonitor"", ""chair"", ""chair"", ""chair"", ""chair"", ""sofa""]"
004053,data/VOCdevkit/VOC2007/JPEGImages/004053.jpg,output/mid_frequency/pixelate/severity_5/004053.png,voc2007,test,pixelate,mid,4,5,main,,500,332,6,"[""tvmonitor"", ""chair"", ""chair"", ""chair"", ""chair"", ""sofa""]"
004053,data/VOCdevkit/VOC2007/JPEGImages/004053.jpg,output/mid_frequency/defocus_blur/severity_1/004053.png,voc2007,test,defocus_blur,mid,5,1,main,,500,332,6,"[""tvmonitor"", ""chair"", ""chair"", ""chair"", ""chair"", ""sofa""]"
004053,data/VOCdevkit/VOC2007/JPEGImages/004053.jpg,output/mid_frequency/defocus_blur/severity_2/004053.png,voc2007,test,defocus_blur,mid,5,2,main,,500,332,6,"[""tvmonitor"", ""chair"", ""chair"", ""chair"", ""chair"", ""sofa""]"
004053,data/VOCdevkit/VOC2007/JPEGImages/004053.jpg,output/mid_frequency/defocus_blur/severity_3/004053.png,voc2007,test,defocus_blur,mid,5,3,main,,500,332,6,"[""tvmonitor"", ""chair"", ""chair"", ""chair"", ""chair"", ""sofa""]"
004053,data/VOCdevkit/VOC2007/JPEGImages/004053.jpg,output/mid_frequency/defocus_blur/severity_4/004053.png,voc2007,test,defocus_blur,mid,5,4,main,,500,332,6,"[""tvmonitor"", ""chair"", ""chair"", ""chair"", ""chair"", ""sofa""]"
004053,data/VOCdevkit/VOC2007/JPEGImages/004053.jpg,output/mid_frequency/defocus_blur/severity_5/004053.png,voc2007,test,defocus_blur,mid,5,5,main,,500,332,6,"[""tvmonitor"", ""chair"", ""chair"", ""chair"", ""chair"", ""sofa""]"
004053,data/VOCdevkit/VOC2007/JPEGImages/004053.jpg,output/mid_frequency/motion_blur/severity_1/004053.png,voc2007,test,motion_blur,mid,6,1,main,,500,332,6,"[""tvmonitor"", ""chair"", ""chair"", ""chair"", ""chair"", ""sofa""]"
004053,data/VOCdevkit/VOC2007/JPEGImages/004053.jpg,output/mid_frequency/motion_blur/severity_2/004053.png,voc2007,test,motion_blur,mid,6,2,main,,500,332,6,"[""tvmonitor"", ""chair"", ""chair"", ""chair"", ""chair"", ""sofa""]"
004053,data/VOCdevkit/VOC2007/JPEGImages/004053.jpg,output/mid_frequency/motion_blur/severity_3/004053.png,voc2007,test,motion_blur,mid,6,3,main,,500,332,6,"[""tvmonitor"", ""chair"", ""chair"", ""chair"", ""chair"", ""sofa""]"
004053,data/VOCdevkit/VOC2007/JPEGImages/004053.jpg,output/mid_frequency/motion_blur/severity_4/004053.png,voc2007,test,motion_blur,mid,6,4,main,,500,332,6,"[""tvmonitor"", ""chair"", ""chair"", ""chair"", ""chair"", ""sofa""]"
004053,data/VOCdevkit/VOC2007/JPEGImages/004053.jpg,output/mid_frequency/motion_blur/severity_5/004053.png,voc2007,test,motion_blur,mid,6,5,main,,500,332,6,"[""tvmonitor"", ""chair"", ""chair"", ""chair"", ""chair"", ""sofa""]"
004053,data/VOCdevkit/VOC2007/JPEGImages/004053.jpg,output/low_frequency/fog/severity_1/004053.png,voc2007,test,fog,low,7,1,main,,500,332,6,"[""tvmonitor"", ""chair"", ""chair"", ""chair"", ""chair"", ""sofa""]"
004053,data/VOCdevkit/VOC2007/JPEGImages/004053.jpg,output/low_frequency/fog/severity_2/004053.png,voc2007,test,fog,low,7,2,main,,500,332,6,"[""tvmonitor"", ""chair"", ""chair"", ""chair"", ""chair"", ""sofa""]"
004053,data/VOCdevkit/VOC2007/JPEGImages/004053.jpg,output/low_frequency/fog/severity_3/004053.png,voc2007,test,fog,low,7,3,main,,500,332,6,"[""tvmonitor"", ""chair"", ""chair"", ""chair"", ""chair"", ""sofa""]"
004053,data/VOCdevkit/VOC2007/JPEGImages/004053.jpg,output/low_frequency/fog/severity_4/004053.png,voc2007,test,fog,low,7,4,main,,500,332,6,"[""tvmonitor"", ""chair"", ""chair"", ""chair"", ""chair"", ""sofa""]"
004053,data/VOCdevkit/VOC2007/JPEGImages/004053.jpg,output/low_frequency/fog/severity_5/004053.png,voc2007,test,fog,low,7,5,main,,500,332,6,"[""tvmonitor"", ""chair"", ""chair"", ""chair"", ""chair"", ""sofa""]"
004053,data/VOCdevkit/VOC2007/JPEGImages/004053.jpg,output/low_frequency/contrast/severity_1/004053.png,voc2007,test,contrast,low,8,1,main,,500,332,6,"[""tvmonitor"", ""chair"", ""chair"", ""chair"", ""chair"", ""sofa""]"
004053,data/VOCdevkit/VOC2007/JPEGImages/004053.jpg,output/low_frequency/contrast/severity_2/004053.png,voc2007,test,contrast,low,8,2,main,,500,332,6,"[""tvmonitor"", ""chair"", ""chair"", ""chair"", ""chair"", ""sofa""]"
004053,data/VOCdevkit/VOC2007/JPEGImages/004053.jpg,output/low_frequency/contrast/severity_3/004053.png,voc2007,test,contrast,low,8,3,main,,500,332,6,"[""tvmonitor"", ""chair"", ""chair"", ""chair"", ""chair"", ""sofa""]"
004053,data/VOCdevkit/VOC2007/JPEGImages/004053.jpg,output/low_frequency/contrast/severity_4/004053.png,voc2007,test,contrast,low,8,4,main,,500,332,6,"[""tvmonitor"", ""chair"", ""chair"", ""chair"", ""chair"", ""sofa""]"
004053,data/VOCdevkit/VOC2007/JPEGImages/004053.jpg,output/low_frequency/contrast/severity_5/004053.png,voc2007,test,contrast,low,8,5,main,,500,332,6,"[""tvmonitor"", ""chair"", ""chair"", ""chair"", ""chair"", ""sofa""]"
003692,data/VOCdevkit/VOC2007/JPEGImages/003692.jpg,output/clean/003692.png,voc2007,test,clean,none,0,0,clean,,500,250,8,"[""car"", ""car"", ""car"", ""car"", ""car"", ""car"", ""car"", ""car""]"
003692,data/VOCdevkit/VOC2007/JPEGImages/003692.jpg,output/high_frequency/gaussian_noise/severity_1/003692.png,voc2007,test,gaussian_noise,high,1,1,main,,500,250,8,"[""car"", ""car"", ""car"", ""car"", ""car"", ""car"", ""car"", ""car""]"
003692,data/VOCdevkit/VOC2007/JPEGImages/003692.jpg,output/high_frequency/gaussian_noise/severity_2/003692.png,voc2007,test,gaussian_noise,high,1,2,main,,500,250,8,"[""car"", ""car"", ""car"", ""car"", ""car"", ""car"", ""car"", ""car""]"
003692,data/VOCdevkit/VOC2007/JPEGImages/003692.jpg,output/high_frequency/gaussian_noise/severity_3/003692.png,voc2007,test,gaussian_noise,high,1,3,main,,500,250,8,"[""car"", ""car"", ""car"", ""car"", ""car"", ""car"", ""car"", ""car""]"
003692,data/VOCdevkit/VOC2007/JPEGImages/003692.jpg,output/high_frequency/gaussian_noise/severity_4/003692.png,voc2007,test,gaussian_noise,high,1,4,main,,500,250,8,"[""car"", ""car"", ""car"", ""car"", ""car"", ""car"", ""car"", ""car""]"
003692,data/VOCdevkit/VOC2007/JPEGImages/003692.jpg,output/high_frequency/gaussian_noise/severity_5/003692.png,voc2007,test,gaussian_noise,high,1,5,main,,500,250,8,"[""car"", ""car"", ""car"", ""car"", ""car"", ""car"", ""car"", ""car""]"
003692,data/VOCdevkit/VOC2007/JPEGImages/003692.jpg,output/high_frequency/shot_noise/severity_1/003692.png,voc2007,test,shot_noise,high,2,1,main,,500,250,8,"[""car"", ""car"", ""car"", ""car"", ""car"", ""car"", ""car"", ""car""]"
003692,data/VOCdevkit/VOC2007/JPEGImages/003692.jpg,output/high_frequency/shot_noise/severity_2/003692.png,voc2007,test,shot_noise,high,2,2,main,,500,250,8,"[""car"", ""car"", ""car"", ""car"", ""car"", ""car"", ""car"", ""car""]"
003692,data/VOCdevkit/VOC2007/JPEGImages/003692.jpg,output/high_frequency/shot_noise/severity_3/003692.png,voc2007,test,shot_noise,high,2,3,main,,500,250,8,"[""car"", ""car"", ""car"", ""car"", ""car"", ""car"", ""car"", ""car""]"
003692,data/VOCdevkit/VOC2007/JPEGImages/003692.jpg,output/high_frequency/shot_noise/severity_4/003692.png,voc2007,test,shot_noise,high,2,4,main,,500,250,8,"[""car"", ""car"", ""car"", ""car"", ""car"", ""car"", ""car"", ""car""]"
003692,data/VOCdevkit/VOC2007/JPEGImages/003692.jpg,output/high_frequency/shot_noise/severity_5/003692.png,voc2007,test,shot_noise,high,2,5,main,,500,250,8,"[""car"", ""car"", ""car"", ""car"", ""car"", ""car"", ""car"", ""car""]"
003692,data/VOCdevkit/VOC2007/JPEGImages/003692.jpg,output/high_frequency/jpeg_compression/severity_1/003692.png,voc2007,test,jpeg_compression,high,3,1,main,,500,250,8,"[""car"", ""car"", ""car"", ""car"", ""car"", ""car"", ""car"", ""car""]"
003692,data/VOCdevkit/VOC2007/JPEGImages/003692.jpg,output/high_frequency/jpeg_compression/severity_2/003692.png,voc2007,test,jpeg_compression,high,3,2,main,,500,250,8,"[""car"", ""car"", ""car"", ""car"", ""car"", ""car"", ""car"", ""car""]"
003692,data/VOCdevkit/VOC2007/JPEGImages/003692.jpg,output/high_frequency/jpeg_compression/severity_3/003692.png,voc2007,test,jpeg_compression,high,3,3,main,,500,250,8,"[""car"", ""car"", ""car"", ""car"", ""car"", ""car"", ""car"", ""car""]"
003692,data/VOCdevkit/VOC2007/JPEGImages/003692.jpg,output/high_frequency/jpeg_compression/severity_4/003692.png,voc2007,test,jpeg_compression,high,3,4,main,,500,250,8,"[""car"", ""car"", ""car"", ""car"", ""car"", ""car"", ""car"", ""car""]"
003692,data/VOCdevkit/VOC2007/JPEGImages/003692.jpg,output/high_frequency/jpeg_compression/severity_5/003692.png,voc2007,test,jpeg_compression,high,3,5,main,,500,250,8,"[""car"", ""car"", ""car"", ""car"", ""car"", ""car"", ""car"", ""car""]"
003692,data/VOCdevkit/VOC2007/JPEGImages/003692.jpg,output/mid_frequency/pixelate/severity_1/003692.png,voc2007,test,pixelate,mid,4,1,main,,500,250,8,"[""car"", ""car"", ""car"", ""car"", ""car"", ""car"", ""car"", ""car""]"
003692,data/VOCdevkit/VOC2007/JPEGImages/003692.jpg,output/mid_frequency/pixelate/severity_2/003692.png,voc2007,test,pixelate,mid,4,2,main,,500,250,8,"[""car"", ""car"", ""car"", ""car"", ""car"", ""car"", ""car"", ""car""]"
003692,data/VOCdevkit/VOC2007/JPEGImages/003692.jpg,output/mid_frequency/pixelate/severity_3/003692.png,voc2007,test,pixelate,mid,4,3,main,,500,250,8,"[""car"", ""car"", ""car"", ""car"", ""car"", ""car"", ""car"", ""car""]"
003692,data/VOCdevkit/VOC2007/JPEGImages/003692.jpg,output/mid_frequency/pixelate/severity_4/003692.png,voc2007,test,pixelate,mid,4,4,main,,500,250,8,"[""car"", ""car"", ""car"", ""car"", ""car"", ""car"", ""car"", ""car""]"
003692,data/VOCdevkit/VOC2007/JPEGImages/003692.jpg,output/mid_frequency/pixelate/severity_5/003692.png,voc2007,test,pixelate,mid,4,5,main,,500,250,8,"[""car"", ""car"", ""car"", ""car"", ""car"", ""car"", ""car"", ""car""]"
003692,data/VOCdevkit/VOC2007/JPEGImages/003692.jpg,output/mid_frequency/defocus_blur/severity_1/003692.png,voc2007,test,defocus_blur,mid,5,1,main,,500,250,8,"[""car"", ""car"", ""car"", ""car"", ""car"", ""car"", ""car"", ""car""]"
003692,data/VOCdevkit/VOC2007/JPEGImages/003692.jpg,output/mid_frequency/defocus_blur/severity_2/003692.png,voc2007,test,defocus_blur,mid,5,2,main,,500,250,8,"[""car"", ""car"", ""car"", ""car"", ""car"", ""car"", ""car"", ""car""]"
003692,data/VOCdevkit/VOC2007/JPEGImages/003692.jpg,output/mid_frequency/defocus_blur/severity_3/003692.png,voc2007,test,defocus_blur,mid,5,3,main,,500,250,8,"[""car"", ""car"", ""car"", ""car"", ""car"", ""car"", ""car"", ""car""]"
003692,data/VOCdevkit/VOC2007/JPEGImages/003692.jpg,output/mid_frequency/defocus_blur/severity_4/003692.png,voc2007,test,defocus_blur,mid,5,4,main,,500,250,8,"[""car"", ""car"", ""car"", ""car"", ""car"", ""car"", ""car"", ""car""]"
003692,data/VOCdevkit/VOC2007/JPEGImages/003692.jpg,output/mid_frequency/defocus_blur/severity_5/003692.png,voc2007,test,defocus_blur,mid,5,5,main,,500,250,8,"[""car"", ""car"", ""car"", ""car"", ""car"", ""car"", ""car"", ""car""]"
003692,data/VOCdevkit/VOC2007/JPEGImages/003692.jpg,output/mid_frequency/motion_blur/severity_1/003692.png,voc2007,test,motion_blur,mid,6,1,main,,500,250,8,"[""car"", ""car"", ""car"", ""car"", ""car"", ""car"", ""car"", ""car""]"
003692,data/VOCdevkit/VOC2007/JPEGImages/003692.jpg,output/mid_frequency/motion_blur/severity_2/003692.png,voc2007,test,motion_blur,mid,6,2,main,,500,250,8,"[""car"", ""car"", ""car"", ""car"", ""car"", ""car"", ""car"", ""car""]"
003692,data/VOCdevkit/VOC2007/JPEGImages/003692.jpg,output/mid_frequency/motion_blur/severity_3/003692.png,voc2007,test,motion_blur,mid,6,3,main,,500,250,8,"[""car"", ""car"", ""car"", ""car"", ""car"", ""car"", ""car"", ""car""]"
003692,data/VOCdevkit/VOC2007/JPEGImages/003692.jpg,output/mid_frequency/motion_blur/severity_4/003692.png,voc2007,test,motion_blur,mid,6,4,main,,500,250,8,"[""car"", ""car"", ""car"", ""car"", ""car"", ""car"", ""car"", ""car""]"
003692,data/VOCdevkit/VOC2007/JPEGImages/003692.jpg,output/mid_frequency/motion_blur/severity_5/003692.png,voc2007,test,motion_blur,mid,6,5,main,,500,250,8,"[""car"", ""car"", ""car"", ""car"", ""car"", ""car"", ""car"", ""car""]"
003692,data/VOCdevkit/VOC2007/JPEGImages/003692.jpg,output/low_frequency/fog/severity_1/003692.png,voc2007,test,fog,low,7,1,main,,500,250,8,"[""car"", ""car"", ""car"", ""car"", ""car"", ""car"", ""car"", ""car""]"
003692,data/VOCdevkit/VOC2007/JPEGImages/003692.jpg,output/low_frequency/fog/severity_2/003692.png,voc2007,test,fog,low,7,2,main,,500,250,8,"[""car"", ""car"", ""car"", ""car"", ""car"", ""car"", ""car"", ""car""]"
003692,data/VOCdevkit/VOC2007/JPEGImages/003692.jpg,output/low_frequency/fog/severity_3/003692.png,voc2007,test,fog,low,7,3,main,,500,250,8,"[""car"", ""car"", ""car"", ""car"", ""car"", ""car"", ""car"", ""car""]"
003692,data/VOCdevkit/VOC2007/JPEGImages/003692.jpg,output/low_frequency/fog/severity_4/003692.png,voc2007,test,fog,low,7,4,main,,500,250,8,"[""car"", ""car"", ""car"", ""car"", ""car"", ""car"", ""car"", ""car""]"
003692,data/VOCdevkit/VOC2007/JPEGImages/003692.jpg,output/low_frequency/fog/severity_5/003692.png,voc2007,test,fog,low,7,5,main,,500,250,8,"[""car"", ""car"", ""car"", ""car"", ""car"", ""car"", ""car"", ""car""]"
003692,data/VOCdevkit/VOC2007/JPEGImages/003692.jpg,output/low_frequency/contrast/severity_1/003692.png,voc2007,test,contrast,low,8,1,main,,500,250,8,"[""car"", ""car"", ""car"", ""car"", ""car"", ""car"", ""car"", ""car""]"
003692,data/VOCdevkit/VOC2007/JPEGImages/003692.jpg,output/low_frequency/contrast/severity_2/003692.png,voc2007,test,contrast,low,8,2,main,,500,250,8,"[""car"", ""car"", ""car"", ""car"", ""car"", ""car"", ""car"", ""car""]"
003692,data/VOCdevkit/VOC2007/JPEGImages/003692.jpg,output/low_frequency/contrast/severity_3/003692.png,voc2007,test,contrast,low,8,3,main,,500,250,8,"[""car"", ""car"", ""car"", ""car"", ""car"", ""car"", ""car"", ""car""]"
003692,data/VOCdevkit/VOC2007/JPEGImages/003692.jpg,output/low_frequency/contrast/severity_4/003692.png,voc2007,test,contrast,low,8,4,main,,500,250,8,"[""car"", ""car"", ""car"", ""car"", ""car"", ""car"", ""car"", ""car""]"
003692,data/VOCdevkit/VOC2007/JPEGImages/003692.jpg,output/low_frequency/contrast/severity_5/003692.png,voc2007,test,contrast,low,8,5,main,,500,250,8,"[""car"", ""car"", ""car"", ""car"", ""car"", ""car"", ""car"", ""car""]"
002274,data/VOCdevkit/VOC2007/JPEGImages/002274.jpg,output/clean/002274.png,voc2007,test,clean,none,0,0,clean,,375,500,2,"[""boat"", ""boat""]"
002274,data/VOCdevkit/VOC2007/JPEGImages/002274.jpg,output/high_frequency/gaussian_noise/severity_1/002274.png,voc2007,test,gaussian_noise,high,1,1,main,,375,500,2,"[""boat"", ""boat""]"
002274,data/VOCdevkit/VOC2007/JPEGImages/002274.jpg,output/high_frequency/gaussian_noise/severity_2/002274.png,voc2007,test,gaussian_noise,high,1,2,main,,375,500,2,"[""boat"", ""boat""]"
002274,data/VOCdevkit/VOC2007/JPEGImages/002274.jpg,output/high_frequency/gaussian_noise/severity_3/002274.png,voc2007,test,gaussian_noise,high,1,3,main,,375,500,2,"[""boat"", ""boat""]"
002274,data/VOCdevkit/VOC2007/JPEGImages/002274.jpg,output/high_frequency/gaussian_noise/severity_4/002274.png,voc2007,test,gaussian_noise,high,1,4,main,,375,500,2,"[""boat"", ""boat""]"
002274,data/VOCdevkit/VOC2007/JPEGImages/002274.jpg,output/high_frequency/gaussian_noise/severity_5/002274.png,voc2007,test,gaussian_noise,high,1,5,main,,375,500,2,"[""boat"", ""boat""]"
002274,data/VOCdevkit/VOC2007/JPEGImages/002274.jpg,output/high_frequency/shot_noise/severity_1/002274.png,voc2007,test,shot_noise,high,2,1,main,,375,500,2,"[""boat"", ""boat""]"
002274,data/VOCdevkit/VOC2007/JPEGImages/002274.jpg,output/high_frequency/shot_noise/severity_2/002274.png,voc2007,test,shot_noise,high,2,2,main,,375,500,2,"[""boat"", ""boat""]"
002274,data/VOCdevkit/VOC2007/JPEGImages/002274.jpg,output/high_frequency/shot_noise/severity_3/002274.png,voc2007,test,shot_noise,high,2,3,main,,375,500,2,"[""boat"", ""boat""]"
002274,data/VOCdevkit/VOC2007/JPEGImages/002274.jpg,output/high_frequency/shot_noise/severity_4/002274.png,voc2007,test,shot_noise,high,2,4,main,,375,500,2,"[""boat"", ""boat""]"
002274,data/VOCdevkit/VOC2007/JPEGImages/002274.jpg,output/high_frequency/shot_noise/severity_5/002274.png,voc2007,test,shot_noise,high,2,5,main,,375,500,2,"[""boat"", ""boat""]"
002274,data/VOCdevkit/VOC2007/JPEGImages/002274.jpg,output/high_frequency/jpeg_compression/severity_1/002274.png,voc2007,test,jpeg_compression,high,3,1,main,,375,500,2,"[""boat"", ""boat""]"
002274,data/VOCdevkit/VOC2007/JPEGImages/002274.jpg,output/high_frequency/jpeg_compression/severity_2/002274.png,voc2007,test,jpeg_compression,high,3,2,main,,375,500,2,"[""boat"", ""boat""]"
002274,data/VOCdevkit/VOC2007/JPEGImages/002274.jpg,output/high_frequency/jpeg_compression/severity_3/002274.png,voc2007,test,jpeg_compression,high,3,3,main,,375,500,2,"[""boat"", ""boat""]"
002274,data/VOCdevkit/VOC2007/JPEGImages/002274.jpg,output/high_frequency/jpeg_compression/severity_4/002274.png,voc2007,test,jpeg_compression,high,3,4,main,,375,500,2,"[""boat"", ""boat""]"
002274,data/VOCdevkit/VOC2007/JPEGImages/002274.jpg,output/high_frequency/jpeg_compression/severity_5/002274.png,voc2007,test,jpeg_compression,high,3,5,main,,375,500,2,"[""boat"", ""boat""]"
002274,data/VOCdevkit/VOC2007/JPEGImages/002274.jpg,output/mid_frequency/pixelate/severity_1/002274.png,voc2007,test,pixelate,mid,4,1,main,,375,500,2,"[""boat"", ""boat""]"
002274,data/VOCdevkit/VOC2007/JPEGImages/002274.jpg,output/mid_frequency/pixelate/severity_2/002274.png,voc2007,test,pixelate,mid,4,2,main,,375,500,2,"[""boat"", ""boat""]"
002274,data/VOCdevkit/VOC2007/JPEGImages/002274.jpg,output/mid_frequency/pixelate/severity_3/002274.png,voc2007,test,pixelate,mid,4,3,main,,375,500,2,"[""boat"", ""boat""]"
002274,data/VOCdevkit/VOC2007/JPEGImages/002274.jpg,output/mid_frequency/pixelate/severity_4/002274.png,voc2007,test,pixelate,mid,4,4,main,,375,500,2,"[""boat"", ""boat""]"
002274,data/VOCdevkit/VOC2007/JPEGImages/002274.jpg,output/mid_frequency/pixelate/severity_5/002274.png,voc2007,test,pixelate,mid,4,5,main,,375,500,2,"[""boat"", ""boat""]"
002274,data/VOCdevkit/VOC2007/JPEGImages/002274.jpg,output/mid_frequency/defocus_blur/severity_1/002274.png,voc2007,test,defocus_blur,mid,5,1,main,,375,500,2,"[""boat"", ""boat""]"
002274,data/VOCdevkit/VOC2007/JPEGImages/002274.jpg,output/mid_frequency/defocus_blur/severity_2/002274.png,voc2007,test,defocus_blur,mid,5,2,main,,375,500,2,"[""boat"", ""boat""]"
002274,data/VOCdevkit/VOC2007/JPEGImages/002274.jpg,output/mid_frequency/defocus_blur/severity_3/002274.png,voc2007,test,defocus_blur,mid,5,3,main,,375,500,2,"[""boat"", ""boat""]"
002274,data/VOCdevkit/VOC2007/JPEGImages/002274.jpg,output/mid_frequency/defocus_blur/severity_4/002274.png,voc2007,test,defocus_blur,mid,5,4,main,,375,500,2,"[""boat"", ""boat""]"
002274,data/VOCdevkit/VOC2007/JPEGImages/002274.jpg,output/mid_frequency/defocus_blur/severity_5/002274.png,voc2007,test,defocus_blur,mid,5,5,main,,375,500,2,"[""boat"", ""boat""]"
002274,data/VOCdevkit/VOC2007/JPEGImages/002274.jpg,output/mid_frequency/motion_blur/severity_1/002274.png,voc2007,test,motion_blur,mid,6,1,main,,375,500,2,"[""boat"", ""boat""]"
002274,data/VOCdevkit/VOC2007/JPEGImages/002274.jpg,output/mid_frequency/motion_blur/severity_2/002274.png,voc2007,test,motion_blur,mid,6,2,main,,375,500,2,"[""boat"", ""boat""]"
002274,data/VOCdevkit/VOC2007/JPEGImages/002274.jpg,output/mid_frequency/motion_blur/severity_3/002274.png,voc2007,test,motion_blur,mid,6,3,main,,375,500,2,"[""boat"", ""boat""]"
002274,data/VOCdevkit/VOC2007/JPEGImages/002274.jpg,output/mid_frequency/motion_blur/severity_4/002274.png,voc2007,test,motion_blur,mid,6,4,main,,375,500,2,"[""boat"", ""boat""]"
002274,data/VOCdevkit/VOC2007/JPEGImages/002274.jpg,output/mid_frequency/motion_blur/severity_5/002274.png,voc2007,test,motion_blur,mid,6,5,main,,375,500,2,"[""boat"", ""boat""]"
002274,data/VOCdevkit/VOC2007/JPEGImages/002274.jpg,output/low_frequency/fog/severity_1/002274.png,voc2007,test,fog,low,7,1,main,,375,500,2,"[""boat"", ""boat""]"
002274,data/VOCdevkit/VOC2007/JPEGImages/002274.jpg,output/low_frequency/fog/severity_2/002274.png,voc2007,test,fog,low,7,2,main,,375,500,2,"[""boat"", ""boat""]"
002274,data/VOCdevkit/VOC2007/JPEGImages/002274.jpg,output/low_frequency/fog/severity_3/002274.png,voc2007,test,fog,low,7,3,main,,375,500,2,"[""boat"", ""boat""]"
002274,data/VOCdevkit/VOC2007/JPEGImages/002274.jpg,output/low_frequency/fog/severity_4/002274.png,voc2007,test,fog,low,7,4,main,,375,500,2,"[""boat"", ""boat""]"
002274,data/VOCdevkit/VOC2007/JPEGImages/002274.jpg,output/low_frequency/fog/severity_5/002274.png,voc2007,test,fog,low,7,5,main,,375,500,2,"[""boat"", ""boat""]"
002274,data/VOCdevkit/VOC2007/JPEGImages/002274.jpg,output/low_frequency/contrast/severity_1/002274.png,voc2007,test,contrast,low,8,1,main,,375,500,2,"[""boat"", ""boat""]"
002274,data/VOCdevkit/VOC2007/JPEGImages/002274.jpg,output/low_frequency/contrast/severity_2/002274.png,voc2007,test,contrast,low,8,2,main,,375,500,2,"[""boat"", ""boat""]"
002274,data/VOCdevkit/VOC2007/JPEGImages/002274.jpg,output/low_frequency/contrast/severity_3/002274.png,voc2007,test,contrast,low,8,3,main,,375,500,2,"[""boat"", ""boat""]"
002274,data/VOCdevkit/VOC2007/JPEGImages/002274.jpg,output/low_frequency/contrast/severity_4/002274.png,voc2007,test,contrast,low,8,4,main,,375,500,2,"[""boat"", ""boat""]"
002274,data/VOCdevkit/VOC2007/JPEGImages/002274.jpg,output/low_frequency/contrast/severity_5/002274.png,voc2007,test,contrast,low,8,5,main,,375,500,2,"[""boat"", ""boat""]"
001664,data/VOCdevkit/VOC2007/JPEGImages/001664.jpg,output/clean/001664.png,voc2007,test,clean,none,0,0,clean,,500,333,1,"[""person""]"
001664,data/VOCdevkit/VOC2007/JPEGImages/001664.jpg,output/high_frequency/gaussian_noise/severity_1/001664.png,voc2007,test,gaussian_noise,high,1,1,main,,500,333,1,"[""person""]"
001664,data/VOCdevkit/VOC2007/JPEGImages/001664.jpg,output/high_frequency/gaussian_noise/severity_2/001664.png,voc2007,test,gaussian_noise,high,1,2,main,,500,333,1,"[""person""]"
001664,data/VOCdevkit/VOC2007/JPEGImages/001664.jpg,output/high_frequency/gaussian_noise/severity_3/001664.png,voc2007,test,gaussian_noise,high,1,3,main,,500,333,1,"[""person""]"
001664,data/VOCdevkit/VOC2007/JPEGImages/001664.jpg,output/high_frequency/gaussian_noise/severity_4/001664.png,voc2007,test,gaussian_noise,high,1,4,main,,500,333,1,"[""person""]"
001664,data/VOCdevkit/VOC2007/JPEGImages/001664.jpg,output/high_frequency/gaussian_noise/severity_5/001664.png,voc2007,test,gaussian_noise,high,1,5,main,,500,333,1,"[""person""]"
001664,data/VOCdevkit/VOC2007/JPEGImages/001664.jpg,output/high_frequency/shot_noise/severity_1/001664.png,voc2007,test,shot_noise,high,2,1,main,,500,333,1,"[""person""]"
001664,data/VOCdevkit/VOC2007/JPEGImages/001664.jpg,output/high_frequency/shot_noise/severity_2/001664.png,voc2007,test,shot_noise,high,2,2,main,,500,333,1,"[""person""]"
001664,data/VOCdevkit/VOC2007/JPEGImages/001664.jpg,output/high_frequency/shot_noise/severity_3/001664.png,voc2007,test,shot_noise,high,2,3,main,,500,333,1,"[""person""]"
001664,data/VOCdevkit/VOC2007/JPEGImages/001664.jpg,output/high_frequency/shot_noise/severity_4/001664.png,voc2007,test,shot_noise,high,2,4,main,,500,333,1,"[""person""]"
001664,data/VOCdevkit/VOC2007/JPEGImages/001664.jpg,output/high_frequency/shot_noise/severity_5/001664.png,voc2007,test,shot_noise,high,2,5,main,,500,333,1,"[""person""]"
001664,data/VOCdevkit/VOC2007/JPEGImages/001664.jpg,output/high_frequency/jpeg_compression/severity_1/001664.png,voc2007,test,jpeg_compression,high,3,1,main,,500,333,1,"[""person""]"
001664,data/VOCdevkit/VOC2007/JPEGImages/001664.jpg,output/high_frequency/jpeg_compression/severity_2/001664.png,voc2007,test,jpeg_compression,high,3,2,main,,500,333,1,"[""person""]"
001664,data/VOCdevkit/VOC2007/JPEGImages/001664.jpg,output/high_frequency/jpeg_compression/severity_3/001664.png,voc2007,test,jpeg_compression,high,3,3,main,,500,333,1,"[""person""]"
001664,data/VOCdevkit/VOC2007/JPEGImages/001664.jpg,output/high_frequency/jpeg_compression/severity_4/001664.png,voc2007,test,jpeg_compression,high,3,4,main,,500,333,1,"[""person""]"
001664,data/VOCdevkit/VOC2007/JPEGImages/001664.jpg,output/high_frequency/jpeg_compression/severity_5/001664.png,voc2007,test,jpeg_compression,high,3,5,main,,500,333,1,"[""person""]"
001664,data/VOCdevkit/VOC2007/JPEGImages/001664.jpg,output/mid_frequency/pixelate/severity_1/001664.png,voc2007,test,pixelate,mid,4,1,main,,500,333,1,"[""person""]"
001664,data/VOCdevkit/VOC2007/JPEGImages/001664.jpg,output/mid_frequency/pixelate/severity_2/001664.png,voc2007,test,pixelate,mid,4,2,main,,500,333,1,"[""person""]"
001664,data/VOCdevkit/VOC2007/JPEGImages/001664.jpg,output/mid_frequency/pixelate/severity_3/001664.png,voc2007,test,pixelate,mid,4,3,main,,500,333,1,"[""person""]"
001664,data/VOCdevkit/VOC2007/JPEGImages/001664.jpg,output/mid_frequency/pixelate/severity_4/001664.png,voc2007,test,pixelate,mid,4,4,main,,500,333,1,"[""person""]"
001664,data/VOCdevkit/VOC2007/JPEGImages/001664.jpg,output/mid_frequency/pixelate/severity_5/001664.png,voc2007,test,pixelate,mid,4,5,main,,500,333,1,"[""person""]"
001664,data/VOCdevkit/VOC2007/JPEGImages/001664.jpg,output/mid_frequency/defocus_blur/severity_1/001664.png,voc2007,test,defocus_blur,mid,5,1,main,,500,333,1,"[""person""]"
001664,data/VOCdevkit/VOC2007/JPEGImages/001664.jpg,output/mid_frequency/defocus_blur/severity_2/001664.png,voc2007,test,defocus_blur,mid,5,2,main,,500,333,1,"[""person""]"
001664,data/VOCdevkit/VOC2007/JPEGImages/001664.jpg,output/mid_frequency/defocus_blur/severity_3/001664.png,voc2007,test,defocus_blur,mid,5,3,main,,500,333,1,"[""person""]"
001664,data/VOCdevkit/VOC2007/JPEGImages/001664.jpg,output/mid_frequency/defocus_blur/severity_4/001664.png,voc2007,test,defocus_blur,mid,5,4,main,,500,333,1,"[""person""]"
001664,data/VOCdevkit/VOC2007/JPEGImages/001664.jpg,output/mid_frequency/defocus_blur/severity_5/001664.png,voc2007,test,defocus_blur,mid,5,5,main,,500,333,1,"[""person""]"
001664,data/VOCdevkit/VOC2007/JPEGImages/001664.jpg,output/mid_frequency/motion_blur/severity_1/001664.png,voc2007,test,motion_blur,mid,6,1,main,,500,333,1,"[""person""]"
001664,data/VOCdevkit/VOC2007/JPEGImages/001664.jpg,output/mid_frequency/motion_blur/severity_2/001664.png,voc2007,test,motion_blur,mid,6,2,main,,500,333,1,"[""person""]"
001664,data/VOCdevkit/VOC2007/JPEGImages/001664.jpg,output/mid_frequency/motion_blur/severity_3/001664.png,voc2007,test,motion_blur,mid,6,3,main,,500,333,1,"[""person""]"
001664,data/VOCdevkit/VOC2007/JPEGImages/001664.jpg,output/mid_frequency/motion_blur/severity_4/001664.png,voc2007,test,motion_blur,mid,6,4,main,,500,333,1,"[""person""]"
001664,data/VOCdevkit/VOC2007/JPEGImages/001664.jpg,output/mid_frequency/motion_blur/severity_5/001664.png,voc2007,test,motion_blur,mid,6,5,main,,500,333,1,"[""person""]"
001664,data/VOCdevkit/VOC2007/JPEGImages/001664.jpg,output/low_frequency/fog/severity_1/001664.png,voc2007,test,fog,low,7,1,main,,500,333,1,"[""person""]"
001664,data/VOCdevkit/VOC2007/JPEGImages/001664.jpg,output/low_frequency/fog/severity_2/001664.png,voc2007,test,fog,low,7,2,main,,500,333,1,"[""person""]"
001664,data/VOCdevkit/VOC2007/JPEGImages/001664.jpg,output/low_frequency/fog/severity_3/001664.png,voc2007,test,fog,low,7,3,main,,500,333,1,"[""person""]"
001664,data/VOCdevkit/VOC2007/JPEGImages/001664.jpg,output/low_frequency/fog/severity_4/001664.png,voc2007,test,fog,low,7,4,main,,500,333,1,"[""person""]"
001664,data/VOCdevkit/VOC2007/JPEGImages/001664.jpg,output/low_frequency/fog/severity_5/001664.png,voc2007,test,fog,low,7,5,main,,500,333,1,"[""person""]"
001664,data/VOCdevkit/VOC2007/JPEGImages/001664.jpg,output/low_frequency/contrast/severity_1/001664.png,voc2007,test,contrast,low,8,1,main,,500,333,1,"[""person""]"
001664,data/VOCdevkit/VOC2007/JPEGImages/001664.jpg,output/low_frequency/contrast/severity_2/001664.png,voc2007,test,contrast,low,8,2,main,,500,333,1,"[""person""]"
001664,data/VOCdevkit/VOC2007/JPEGImages/001664.jpg,output/low_frequency/contrast/severity_3/001664.png,voc2007,test,contrast,low,8,3,main,,500,333,1,"[""person""]"
001664,data/VOCdevkit/VOC2007/JPEGImages/001664.jpg,output/low_frequency/contrast/severity_4/001664.png,voc2007,test,contrast,low,8,4,main,,500,333,1,"[""person""]"
001664,data/VOCdevkit/VOC2007/JPEGImages/001664.jpg,output/low_frequency/contrast/severity_5/001664.png,voc2007,test,contrast,low,8,5,main,,500,333,1,"[""person""]"
008959,data/VOCdevkit/VOC2007/JPEGImages/008959.jpg,output/clean/008959.png,voc2007,test,clean,none,0,0,clean,,500,375,1,"[""bird""]"
008959,data/VOCdevkit/VOC2007/JPEGImages/008959.jpg,output/high_frequency/gaussian_noise/severity_1/008959.png,voc2007,test,gaussian_noise,high,1,1,main,,500,375,1,"[""bird""]"
008959,data/VOCdevkit/VOC2007/JPEGImages/008959.jpg,output/high_frequency/gaussian_noise/severity_2/008959.png,voc2007,test,gaussian_noise,high,1,2,main,,500,375,1,"[""bird""]"
008959,data/VOCdevkit/VOC2007/JPEGImages/008959.jpg,output/high_frequency/gaussian_noise/severity_3/008959.png,voc2007,test,gaussian_noise,high,1,3,main,,500,375,1,"[""bird""]"
008959,data/VOCdevkit/VOC2007/JPEGImages/008959.jpg,output/high_frequency/gaussian_noise/severity_4/008959.png,voc2007,test,gaussian_noise,high,1,4,main,,500,375,1,"[""bird""]"
008959,data/VOCdevkit/VOC2007/JPEGImages/008959.jpg,output/high_frequency/gaussian_noise/severity_5/008959.png,voc2007,test,gaussian_noise,high,1,5,main,,500,375,1,"[""bird""]"
008959,data/VOCdevkit/VOC2007/JPEGImages/008959.jpg,output/high_frequency/shot_noise/severity_1/008959.png,voc2007,test,shot_noise,high,2,1,main,,500,375,1,"[""bird""]"
008959,data/VOCdevkit/VOC2007/JPEGImages/008959.jpg,output/high_frequency/shot_noise/severity_2/008959.png,voc2007,test,shot_noise,high,2,2,main,,500,375,1,"[""bird""]"
008959,data/VOCdevkit/VOC2007/JPEGImages/008959.jpg,output/high_frequency/shot_noise/severity_3/008959.png,voc2007,test,shot_noise,high,2,3,main,,500,375,1,"[""bird""]"
008959,data/VOCdevkit/VOC2007/JPEGImages/008959.jpg,output/high_frequency/shot_noise/severity_4/008959.png,voc2007,test,shot_noise,high,2,4,main,,500,375,1,"[""bird""]"
008959,data/VOCdevkit/VOC2007/JPEGImages/008959.jpg,output/high_frequency/shot_noise/severity_5/008959.png,voc2007,test,shot_noise,high,2,5,main,,500,375,1,"[""bird""]"
008959,data/VOCdevkit/VOC2007/JPEGImages/008959.jpg,output/high_frequency/jpeg_compression/severity_1/008959.png,voc2007,test,jpeg_compression,high,3,1,main,,500,375,1,"[""bird""]"
008959,data/VOCdevkit/VOC2007/JPEGImages/008959.jpg,output/high_frequency/jpeg_compression/severity_2/008959.png,voc2007,test,jpeg_compression,high,3,2,main,,500,375,1,"[""bird""]"
008959,data/VOCdevkit/VOC2007/JPEGImages/008959.jpg,output/high_frequency/jpeg_compression/severity_3/008959.png,voc2007,test,jpeg_compression,high,3,3,main,,500,375,1,"[""bird""]"
008959,data/VOCdevkit/VOC2007/JPEGImages/008959.jpg,output/high_frequency/jpeg_compression/severity_4/008959.png,voc2007,test,jpeg_compression,high,3,4,main,,500,375,1,"[""bird""]"
008959,data/VOCdevkit/VOC2007/JPEGImages/008959.jpg,output/high_frequency/jpeg_compression/severity_5/008959.png,voc2007,test,jpeg_compression,high,3,5,main,,500,375,1,"[""bird""]"
008959,data/VOCdevkit/VOC2007/JPEGImages/008959.jpg,output/mid_frequency/pixelate/severity_1/008959.png,voc2007,test,pixelate,mid,4,1,main,,500,375,1,"[""bird""]"
008959,data/VOCdevkit/VOC2007/JPEGImages/008959.jpg,output/mid_frequency/pixelate/severity_2/008959.png,voc2007,test,pixelate,mid,4,2,main,,500,375,1,"[""bird""]"
008959,data/VOCdevkit/VOC2007/JPEGImages/008959.jpg,output/mid_frequency/pixelate/severity_3/008959.png,voc2007,test,pixelate,mid,4,3,main,,500,375,1,"[""bird""]"
008959,data/VOCdevkit/VOC2007/JPEGImages/008959.jpg,output/mid_frequency/pixelate/severity_4/008959.png,voc2007,test,pixelate,mid,4,4,main,,500,375,1,"[""bird""]"
008959,data/VOCdevkit/VOC2007/JPEGImages/008959.jpg,output/mid_frequency/pixelate/severity_5/008959.png,voc2007,test,pixelate,mid,4,5,main,,500,375,1,"[""bird""]"
008959,data/VOCdevkit/VOC2007/JPEGImages/008959.jpg,output/mid_frequency/defocus_blur/severity_1/008959.png,voc2007,test,defocus_blur,mid,5,1,main,,500,375,1,"[""bird""]"
008959,data/VOCdevkit/VOC2007/JPEGImages/008959.jpg,output/mid_frequency/defocus_blur/severity_2/008959.png,voc2007,test,defocus_blur,mid,5,2,main,,500,375,1,"[""bird""]"
008959,data/VOCdevkit/VOC2007/JPEGImages/008959.jpg,output/mid_frequency/defocus_blur/severity_3/008959.png,voc2007,test,defocus_blur,mid,5,3,main,,500,375,1,"[""bird""]"
008959,data/VOCdevkit/VOC2007/JPEGImages/008959.jpg,output/mid_frequency/defocus_blur/severity_4/008959.png,voc2007,test,defocus_blur,mid,5,4,main,,500,375,1,"[""bird""]"
008959,data/VOCdevkit/VOC2007/JPEGImages/008959.jpg,output/mid_frequency/defocus_blur/severity_5/008959.png,voc2007,test,defocus_blur,mid,5,5,main,,500,375,1,"[""bird""]"
008959,data/VOCdevkit/VOC2007/JPEGImages/008959.jpg,output/mid_frequency/motion_blur/severity_1/008959.png,voc2007,test,motion_blur,mid,6,1,main,,500,375,1,"[""bird""]"
008959,data/VOCdevkit/VOC2007/JPEGImages/008959.jpg,output/mid_frequency/motion_blur/severity_2/008959.png,voc2007,test,motion_blur,mid,6,2,main,,500,375,1,"[""bird""]"
008959,data/VOCdevkit/VOC2007/JPEGImages/008959.jpg,output/mid_frequency/motion_blur/severity_3/008959.png,voc2007,test,motion_blur,mid,6,3,main,,500,375,1,"[""bird""]"
008959,data/VOCdevkit/VOC2007/JPEGImages/008959.jpg,output/mid_frequency/motion_blur/severity_4/008959.png,voc2007,test,motion_blur,mid,6,4,main,,500,375,1,"[""bird""]"
008959,data/VOCdevkit/VOC2007/JPEGImages/008959.jpg,output/mid_frequency/motion_blur/severity_5/008959.png,voc2007,test,motion_blur,mid,6,5,main,,500,375,1,"[""bird""]"
008959,data/VOCdevkit/VOC2007/JPEGImages/008959.jpg,output/low_frequency/fog/severity_1/008959.png,voc2007,test,fog,low,7,1,main,,500,375,1,"[""bird""]"
008959,data/VOCdevkit/VOC2007/JPEGImages/008959.jpg,output/low_frequency/fog/severity_2/008959.png,voc2007,test,fog,low,7,2,main,,500,375,1,"[""bird""]"
008959,data/VOCdevkit/VOC2007/JPEGImages/008959.jpg,output/low_frequency/fog/severity_3/008959.png,voc2007,test,fog,low,7,3,main,,500,375,1,"[""bird""]"
008959,data/VOCdevkit/VOC2007/JPEGImages/008959.jpg,output/low_frequency/fog/severity_4/008959.png,voc2007,test,fog,low,7,4,main,,500,375,1,"[""bird""]"
008959,data/VOCdevkit/VOC2007/JPEGImages/008959.jpg,output/low_frequency/fog/severity_5/008959.png,voc2007,test,fog,low,7,5,main,,500,375,1,"[""bird""]"
008959,data/VOCdevkit/VOC2007/JPEGImages/008959.jpg,output/low_frequency/contrast/severity_1/008959.png,voc2007,test,contrast,low,8,1,main,,500,375,1,"[""bird""]"
008959,data/VOCdevkit/VOC2007/JPEGImages/008959.jpg,output/low_frequency/contrast/severity_2/008959.png,voc2007,test,contrast,low,8,2,main,,500,375,1,"[""bird""]"
008959,data/VOCdevkit/VOC2007/JPEGImages/008959.jpg,output/low_frequency/contrast/severity_3/008959.png,voc2007,test,contrast,low,8,3,main,,500,375,1,"[""bird""]"
008959,data/VOCdevkit/VOC2007/JPEGImages/008959.jpg,output/low_frequency/contrast/severity_4/008959.png,voc2007,test,contrast,low,8,4,main,,500,375,1,"[""bird""]"
008959,data/VOCdevkit/VOC2007/JPEGImages/008959.jpg,output/low_frequency/contrast/severity_5/008959.png,voc2007,test,contrast,low,8,5,main,,500,375,1,"[""bird""]"
001415,data/VOCdevkit/VOC2007/JPEGImages/001415.jpg,output/clean/001415.png,voc2007,test,clean,none,0,0,clean,,500,333,1,"[""bird""]"
001415,data/VOCdevkit/VOC2007/JPEGImages/001415.jpg,output/high_frequency/gaussian_noise/severity_1/001415.png,voc2007,test,gaussian_noise,high,1,1,main,,500,333,1,"[""bird""]"
001415,data/VOCdevkit/VOC2007/JPEGImages/001415.jpg,output/high_frequency/gaussian_noise/severity_2/001415.png,voc2007,test,gaussian_noise,high,1,2,main,,500,333,1,"[""bird""]"
001415,data/VOCdevkit/VOC2007/JPEGImages/001415.jpg,output/high_frequency/gaussian_noise/severity_3/001415.png,voc2007,test,gaussian_noise,high,1,3,main,,500,333,1,"[""bird""]"
001415,data/VOCdevkit/VOC2007/JPEGImages/001415.jpg,output/high_frequency/gaussian_noise/severity_4/001415.png,voc2007,test,gaussian_noise,high,1,4,main,,500,333,1,"[""bird""]"
001415,data/VOCdevkit/VOC2007/JPEGImages/001415.jpg,output/high_frequency/gaussian_noise/severity_5/001415.png,voc2007,test,gaussian_noise,high,1,5,main,,500,333,1,"[""bird""]"
001415,data/VOCdevkit/VOC2007/JPEGImages/001415.jpg,output/high_frequency/shot_noise/severity_1/001415.png,voc2007,test,shot_noise,high,2,1,main,,500,333,1,"[""bird""]"
001415,data/VOCdevkit/VOC2007/JPEGImages/001415.jpg,output/high_frequency/shot_noise/severity_2/001415.png,voc2007,test,shot_noise,high,2,2,main,,500,333,1,"[""bird""]"
001415,data/VOCdevkit/VOC2007/JPEGImages/001415.jpg,output/high_frequency/shot_noise/severity_3/001415.png,voc2007,test,shot_noise,high,2,3,main,,500,333,1,"[""bird""]"
001415,data/VOCdevkit/VOC2007/JPEGImages/001415.jpg,output/high_frequency/shot_noise/severity_4/001415.png,voc2007,test,shot_noise,high,2,4,main,,500,333,1,"[""bird""]"
001415,data/VOCdevkit/VOC2007/JPEGImages/001415.jpg,output/high_frequency/shot_noise/severity_5/001415.png,voc2007,test,shot_noise,high,2,5,main,,500,333,1,"[""bird""]"
001415,data/VOCdevkit/VOC2007/JPEGImages/001415.jpg,output/high_frequency/jpeg_compression/severity_1/001415.png,voc2007,test,jpeg_compression,high,3,1,main,,500,333,1,"[""bird""]"
001415,data/VOCdevkit/VOC2007/JPEGImages/001415.jpg,output/high_frequency/jpeg_compression/severity_2/001415.png,voc2007,test,jpeg_compression,high,3,2,main,,500,333,1,"[""bird""]"
001415,data/VOCdevkit/VOC2007/JPEGImages/001415.jpg,output/high_frequency/jpeg_compression/severity_3/001415.png,voc2007,test,jpeg_compression,high,3,3,main,,500,333,1,"[""bird""]"
001415,data/VOCdevkit/VOC2007/JPEGImages/001415.jpg,output/high_frequency/jpeg_compression/severity_4/001415.png,voc2007,test,jpeg_compression,high,3,4,main,,500,333,1,"[""bird""]"
001415,data/VOCdevkit/VOC2007/JPEGImages/001415.jpg,output/high_frequency/jpeg_compression/severity_5/001415.png,voc2007,test,jpeg_compression,high,3,5,main,,500,333,1,"[""bird""]"
001415,data/VOCdevkit/VOC2007/JPEGImages/001415.jpg,output/mid_frequency/pixelate/severity_1/001415.png,voc2007,test,pixelate,mid,4,1,main,,500,333,1,"[""bird""]"
001415,data/VOCdevkit/VOC2007/JPEGImages/001415.jpg,output/mid_frequency/pixelate/severity_2/001415.png,voc2007,test,pixelate,mid,4,2,main,,500,333,1,"[""bird""]"
001415,data/VOCdevkit/VOC2007/JPEGImages/001415.jpg,output/mid_frequency/pixelate/severity_3/001415.png,voc2007,test,pixelate,mid,4,3,main,,500,333,1,"[""bird""]"
001415,data/VOCdevkit/VOC2007/JPEGImages/001415.jpg,output/mid_frequency/pixelate/severity_4/001415.png,voc2007,test,pixelate,mid,4,4,main,,500,333,1,"[""bird""]"
001415,data/VOCdevkit/VOC2007/JPEGImages/001415.jpg,output/mid_frequency/pixelate/severity_5/001415.png,voc2007,test,pixelate,mid,4,5,main,,500,333,1,"[""bird""]"
001415,data/VOCdevkit/VOC2007/JPEGImages/001415.jpg,output/mid_frequency/defocus_blur/severity_1/001415.png,voc2007,test,defocus_blur,mid,5,1,main,,500,333,1,"[""bird""]"
001415,data/VOCdevkit/VOC2007/JPEGImages/001415.jpg,output/mid_frequency/defocus_blur/severity_2/001415.png,voc2007,test,defocus_blur,mid,5,2,main,,500,333,1,"[""bird""]"
001415,data/VOCdevkit/VOC2007/JPEGImages/001415.jpg,output/mid_frequency/defocus_blur/severity_3/001415.png,voc2007,test,defocus_blur,mid,5,3,main,,500,333,1,"[""bird""]"
001415,data/VOCdevkit/VOC2007/JPEGImages/001415.jpg,output/mid_frequency/defocus_blur/severity_4/001415.png,voc2007,test,defocus_blur,mid,5,4,main,,500,333,1,"[""bird""]"
001415,data/VOCdevkit/VOC2007/JPEGImages/001415.jpg,output/mid_frequency/defocus_blur/severity_5/001415.png,voc2007,test,defocus_blur,mid,5,5,main,,500,333,1,"[""bird""]"
001415,data/VOCdevkit/VOC2007/JPEGImages/001415.jpg,output/mid_frequency/motion_blur/severity_1/001415.png,voc2007,test,motion_blur,mid,6,1,main,,500,333,1,"[""bird""]"
001415,data/VOCdevkit/VOC2007/JPEGImages/001415.jpg,output/mid_frequency/motion_blur/severity_2/001415.png,voc2007,test,motion_blur,mid,6,2,main,,500,333,1,"[""bird""]"
001415,data/VOCdevkit/VOC2007/JPEGImages/001415.jpg,output/mid_frequency/motion_blur/severity_3/001415.png,voc2007,test,motion_blur,mid,6,3,main,,500,333,1,"[""bird""]"
001415,data/VOCdevkit/VOC2007/JPEGImages/001415.jpg,output/mid_frequency/motion_blur/severity_4/001415.png,voc2007,test,motion_blur,mid,6,4,main,,500,333,1,"[""bird""]"
001415,data/VOCdevkit/VOC2007/JPEGImages/001415.jpg,output/mid_frequency/motion_blur/severity_5/001415.png,voc2007,test,motion_blur,mid,6,5,main,,500,333,1,"[""bird""]"
001415,data/VOCdevkit/VOC2007/JPEGImages/001415.jpg,output/low_frequency/fog/severity_1/001415.png,voc2007,test,fog,low,7,1,main,,500,333,1,"[""bird""]"
001415,data/VOCdevkit/VOC2007/JPEGImages/001415.jpg,output/low_frequency/fog/severity_2/001415.png,voc2007,test,fog,low,7,2,main,,500,333,1,"[""bird""]"
001415,data/VOCdevkit/VOC2007/JPEGImages/001415.jpg,output/low_frequency/fog/severity_3/001415.png,voc2007,test,fog,low,7,3,main,,500,333,1,"[""bird""]"
001415,data/VOCdevkit/VOC2007/JPEGImages/001415.jpg,output/low_frequency/fog/severity_4/001415.png,voc2007,test,fog,low,7,4,main,,500,333,1,"[""bird""]"
001415,data/VOCdevkit/VOC2007/JPEGImages/001415.jpg,output/low_frequency/fog/severity_5/001415.png,voc2007,test,fog,low,7,5,main,,500,333,1,"[""bird""]"
001415,data/VOCdevkit/VOC2007/JPEGImages/001415.jpg,output/low_frequency/contrast/severity_1/001415.png,voc2007,test,contrast,low,8,1,main,,500,333,1,"[""bird""]"
001415,data/VOCdevkit/VOC2007/JPEGImages/001415.jpg,output/low_frequency/contrast/severity_2/001415.png,voc2007,test,contrast,low,8,2,main,,500,333,1,"[""bird""]"
001415,data/VOCdevkit/VOC2007/JPEGImages/001415.jpg,output/low_frequency/contrast/severity_3/001415.png,voc2007,test,contrast,low,8,3,main,,500,333,1,"[""bird""]"
001415,data/VOCdevkit/VOC2007/JPEGImages/001415.jpg,output/low_frequency/contrast/severity_4/001415.png,voc2007,test,contrast,low,8,4,main,,500,333,1,"[""bird""]"
001415,data/VOCdevkit/VOC2007/JPEGImages/001415.jpg,output/low_frequency/contrast/severity_5/001415.png,voc2007,test,contrast,low,8,5,main,,500,333,1,"[""bird""]"
009736,data/VOCdevkit/VOC2007/JPEGImages/009736.jpg,output/clean/009736.png,voc2007,test,clean,none,0,0,clean,,333,500,1,"[""person""]"
009736,data/VOCdevkit/VOC2007/JPEGImages/009736.jpg,output/high_frequency/gaussian_noise/severity_1/009736.png,voc2007,test,gaussian_noise,high,1,1,main,,333,500,1,"[""person""]"
009736,data/VOCdevkit/VOC2007/JPEGImages/009736.jpg,output/high_frequency/gaussian_noise/severity_2/009736.png,voc2007,test,gaussian_noise,high,1,2,main,,333,500,1,"[""person""]"
009736,data/VOCdevkit/VOC2007/JPEGImages/009736.jpg,output/high_frequency/gaussian_noise/severity_3/009736.png,voc2007,test,gaussian_noise,high,1,3,main,,333,500,1,"[""person""]"
009736,data/VOCdevkit/VOC2007/JPEGImages/009736.jpg,output/high_frequency/gaussian_noise/severity_4/009736.png,voc2007,test,gaussian_noise,high,1,4,main,,333,500,1,"[""person""]"
009736,data/VOCdevkit/VOC2007/JPEGImages/009736.jpg,output/high_frequency/gaussian_noise/severity_5/009736.png,voc2007,test,gaussian_noise,high,1,5,main,,333,500,1,"[""person""]"
009736,data/VOCdevkit/VOC2007/JPEGImages/009736.jpg,output/high_frequency/shot_noise/severity_1/009736.png,voc2007,test,shot_noise,high,2,1,main,,333,500,1,"[""person""]"
009736,data/VOCdevkit/VOC2007/JPEGImages/009736.jpg,output/high_frequency/shot_noise/severity_2/009736.png,voc2007,test,shot_noise,high,2,2,main,,333,500,1,"[""person""]"
009736,data/VOCdevkit/VOC2007/JPEGImages/009736.jpg,output/high_frequency/shot_noise/severity_3/009736.png,voc2007,test,shot_noise,high,2,3,main,,333,500,1,"[""person""]"
009736,data/VOCdevkit/VOC2007/JPEGImages/009736.jpg,output/high_frequency/shot_noise/severity_4/009736.png,voc2007,test,shot_noise,high,2,4,main,,333,500,1,"[""person""]"
009736,data/VOCdevkit/VOC2007/JPEGImages/009736.jpg,output/high_frequency/shot_noise/severity_5/009736.png,voc2007,test,shot_noise,high,2,5,main,,333,500,1,"[""person""]"
009736,data/VOCdevkit/VOC2007/JPEGImages/009736.jpg,output/high_frequency/jpeg_compression/severity_1/009736.png,voc2007,test,jpeg_compression,high,3,1,main,,333,500,1,"[""person""]"
009736,data/VOCdevkit/VOC2007/JPEGImages/009736.jpg,output/high_frequency/jpeg_compression/severity_2/009736.png,voc2007,test,jpeg_compression,high,3,2,main,,333,500,1,"[""person""]"
009736,data/VOCdevkit/VOC2007/JPEGImages/009736.jpg,output/high_frequency/jpeg_compression/severity_3/009736.png,voc2007,test,jpeg_compression,high,3,3,main,,333,500,1,"[""person""]"
009736,data/VOCdevkit/VOC2007/JPEGImages/009736.jpg,output/high_frequency/jpeg_compression/severity_4/009736.png,voc2007,test,jpeg_compression,high,3,4,main,,333,500,1,"[""person""]"
009736,data/VOCdevkit/VOC2007/JPEGImages/009736.jpg,output/high_frequency/jpeg_compression/severity_5/009736.png,voc2007,test,jpeg_compression,high,3,5,main,,333,500,1,"[""person""]"
009736,data/VOCdevkit/VOC2007/JPEGImages/009736.jpg,output/mid_frequency/pixelate/severity_1/009736.png,voc2007,test,pixelate,mid,4,1,main,,333,500,1,"[""person""]"
009736,data/VOCdevkit/VOC2007/JPEGImages/009736.jpg,output/mid_frequency/pixelate/severity_2/009736.png,voc2007,test,pixelate,mid,4,2,main,,333,500,1,"[""person""]"
009736,data/VOCdevkit/VOC2007/JPEGImages/009736.jpg,output/mid_frequency/pixelate/severity_3/009736.png,voc2007,test,pixelate,mid,4,3,main,,333,500,1,"[""person""]"
009736,data/VOCdevkit/VOC2007/JPEGImages/009736.jpg,output/mid_frequency/pixelate/severity_4/009736.png,voc2007,test,pixelate,mid,4,4,main,,333,500,1,"[""person""]"
009736,data/VOCdevkit/VOC2007/JPEGImages/009736.jpg,output/mid_frequency/pixelate/severity_5/009736.png,voc2007,test,pixelate,mid,4,5,main,,333,500,1,"[""person""]"
009736,data/VOCdevkit/VOC2007/JPEGImages/009736.jpg,output/mid_frequency/defocus_blur/severity_1/009736.png,voc2007,test,defocus_blur,mid,5,1,main,,333,500,1,"[""person""]"
009736,data/VOCdevkit/VOC2007/JPEGImages/009736.jpg,output/mid_frequency/defocus_blur/severity_2/009736.png,voc2007,test,defocus_blur,mid,5,2,main,,333,500,1,"[""person""]"
009736,data/VOCdevkit/VOC2007/JPEGImages/009736.jpg,output/mid_frequency/defocus_blur/severity_3/009736.png,voc2007,test,defocus_blur,mid,5,3,main,,333,500,1,"[""person""]"
009736,data/VOCdevkit/VOC2007/JPEGImages/009736.jpg,output/mid_frequency/defocus_blur/severity_4/009736.png,voc2007,test,defocus_blur,mid,5,4,main,,333,500,1,"[""person""]"
009736,data/VOCdevkit/VOC2007/JPEGImages/009736.jpg,output/mid_frequency/defocus_blur/severity_5/009736.png,voc2007,test,defocus_blur,mid,5,5,main,,333,500,1,"[""person""]"
009736,data/VOCdevkit/VOC2007/JPEGImages/009736.jpg,output/mid_frequency/motion_blur/severity_1/009736.png,voc2007,test,motion_blur,mid,6,1,main,,333,500,1,"[""person""]"
009736,data/VOCdevkit/VOC2007/JPEGImages/009736.jpg,output/mid_frequency/motion_blur/severity_2/009736.png,voc2007,test,motion_blur,mid,6,2,main,,333,500,1,"[""person""]"
009736,data/VOCdevkit/VOC2007/JPEGImages/009736.jpg,output/mid_frequency/motion_blur/severity_3/009736.png,voc2007,test,motion_blur,mid,6,3,main,,333,500,1,"[""person""]"
009736,data/VOCdevkit/VOC2007/JPEGImages/009736.jpg,output/mid_frequency/motion_blur/severity_4/009736.png,voc2007,test,motion_blur,mid,6,4,main,,333,500,1,"[""person""]"
009736,data/VOCdevkit/VOC2007/JPEGImages/009736.jpg,output/mid_frequency/motion_blur/severity_5/009736.png,voc2007,test,motion_blur,mid,6,5,main,,333,500,1,"[""person""]"
009736,data/VOCdevkit/VOC2007/JPEGImages/009736.jpg,output/low_frequency/fog/severity_1/009736.png,voc2007,test,fog,low,7,1,main,,333,500,1,"[""person""]"
009736,data/VOCdevkit/VOC2007/JPEGImages/009736.jpg,output/low_frequency/fog/severity_2/009736.png,voc2007,test,fog,low,7,2,main,,333,500,1,"[""person""]"
009736,data/VOCdevkit/VOC2007/JPEGImages/009736.jpg,output/low_frequency/fog/severity_3/009736.png,voc2007,test,fog,low,7,3,main,,333,500,1,"[""person""]"
009736,data/VOCdevkit/VOC2007/JPEGImages/009736.jpg,output/low_frequency/fog/severity_4/009736.png,voc2007,test,fog,low,7,4,main,,333,500,1,"[""person""]"
009736,data/VOCdevkit/VOC2007/JPEGImages/009736.jpg,output/low_frequency/fog/severity_5/009736.png,voc2007,test,fog,low,7,5,main,,333,500,1,"[""person""]"
009736,data/VOCdevkit/VOC2007/JPEGImages/009736.jpg,output/low_frequency/contrast/severity_1/009736.png,voc2007,test,contrast,low,8,1,main,,333,500,1,"[""person""]"
009736,data/VOCdevkit/VOC2007/JPEGImages/009736.jpg,output/low_frequency/contrast/severity_2/009736.png,voc2007,test,contrast,low,8,2,main,,333,500,1,"[""person""]"
009736,data/VOCdevkit/VOC2007/JPEGImages/009736.jpg,output/low_frequency/contrast/severity_3/009736.png,voc2007,test,contrast,low,8,3,main,,333,500,1,"[""person""]"
009736,data/VOCdevkit/VOC2007/JPEGImages/009736.jpg,output/low_frequency/contrast/severity_4/009736.png,voc2007,test,contrast,low,8,4,main,,333,500,1,"[""person""]"
009736,data/VOCdevkit/VOC2007/JPEGImages/009736.jpg,output/low_frequency/contrast/severity_5/009736.png,voc2007,test,contrast,low,8,5,main,,333,500,1,"[""person""]"
006979,data/VOCdevkit/VOC2007/JPEGImages/006979.jpg,output/clean/006979.png,voc2007,test,clean,none,0,0,clean,,416,500,1,"[""cat""]"
006979,data/VOCdevkit/VOC2007/JPEGImages/006979.jpg,output/high_frequency/gaussian_noise/severity_1/006979.png,voc2007,test,gaussian_noise,high,1,1,main,,416,500,1,"[""cat""]"
006979,data/VOCdevkit/VOC2007/JPEGImages/006979.jpg,output/high_frequency/gaussian_noise/severity_2/006979.png,voc2007,test,gaussian_noise,high,1,2,main,,416,500,1,"[""cat""]"
006979,data/VOCdevkit/VOC2007/JPEGImages/006979.jpg,output/high_frequency/gaussian_noise/severity_3/006979.png,voc2007,test,gaussian_noise,high,1,3,main,,416,500,1,"[""cat""]"
006979,data/VOCdevkit/VOC2007/JPEGImages/006979.jpg,output/high_frequency/gaussian_noise/severity_4/006979.png,voc2007,test,gaussian_noise,high,1,4,main,,416,500,1,"[""cat""]"
006979,data/VOCdevkit/VOC2007/JPEGImages/006979.jpg,output/high_frequency/gaussian_noise/severity_5/006979.png,voc2007,test,gaussian_noise,high,1,5,main,,416,500,1,"[""cat""]"
006979,data/VOCdevkit/VOC2007/JPEGImages/006979.jpg,output/high_frequency/shot_noise/severity_1/006979.png,voc2007,test,shot_noise,high,2,1,main,,416,500,1,"[""cat""]"
006979,data/VOCdevkit/VOC2007/JPEGImages/006979.jpg,output/high_frequency/shot_noise/severity_2/006979.png,voc2007,test,shot_noise,high,2,2,main,,416,500,1,"[""cat""]"
006979,data/VOCdevkit/VOC2007/JPEGImages/006979.jpg,output/high_frequency/shot_noise/severity_3/006979.png,voc2007,test,shot_noise,high,2,3,main,,416,500,1,"[""cat""]"
006979,data/VOCdevkit/VOC2007/JPEGImages/006979.jpg,output/high_frequency/shot_noise/severity_4/006979.png,voc2007,test,shot_noise,high,2,4,main,,416,500,1,"[""cat""]"
006979,data/VOCdevkit/VOC2007/JPEGImages/006979.jpg,output/high_frequency/shot_noise/severity_5/006979.png,voc2007,test,shot_noise,high,2,5,main,,416,500,1,"[""cat""]"
006979,data/VOCdevkit/VOC2007/JPEGImages/006979.jpg,output/high_frequency/jpeg_compression/severity_1/006979.png,voc2007,test,jpeg_compression,high,3,1,main,,416,500,1,"[""cat""]"
006979,data/VOCdevkit/VOC2007/JPEGImages/006979.jpg,output/high_frequency/jpeg_compression/severity_2/006979.png,voc2007,test,jpeg_compression,high,3,2,main,,416,500,1,"[""cat""]"
006979,data/VOCdevkit/VOC2007/JPEGImages/006979.jpg,output/high_frequency/jpeg_compression/severity_3/006979.png,voc2007,test,jpeg_compression,high,3,3,main,,416,500,1,"[""cat""]"
006979,data/VOCdevkit/VOC2007/JPEGImages/006979.jpg,output/high_frequency/jpeg_compression/severity_4/006979.png,voc2007,test,jpeg_compression,high,3,4,main,,416,500,1,"[""cat""]"
006979,data/VOCdevkit/VOC2007/JPEGImages/006979.jpg,output/high_frequency/jpeg_compression/severity_5/006979.png,voc2007,test,jpeg_compression,high,3,5,main,,416,500,1,"[""cat""]"
006979,data/VOCdevkit/VOC2007/JPEGImages/006979.jpg,output/mid_frequency/pixelate/severity_1/006979.png,voc2007,test,pixelate,mid,4,1,main,,416,500,1,"[""cat""]"
006979,data/VOCdevkit/VOC2007/JPEGImages/006979.jpg,output/mid_frequency/pixelate/severity_2/006979.png,voc2007,test,pixelate,mid,4,2,main,,416,500,1,"[""cat""]"
006979,data/VOCdevkit/VOC2007/JPEGImages/006979.jpg,output/mid_frequency/pixelate/severity_3/006979.png,voc2007,test,pixelate,mid,4,3,main,,416,500,1,"[""cat""]"
006979,data/VOCdevkit/VOC2007/JPEGImages/006979.jpg,output/mid_frequency/pixelate/severity_4/006979.png,voc2007,test,pixelate,mid,4,4,main,,416,500,1,"[""cat""]"
006979,data/VOCdevkit/VOC2007/JPEGImages/006979.jpg,output/mid_frequency/pixelate/severity_5/006979.png,voc2007,test,pixelate,mid,4,5,main,,416,500,1,"[""cat""]"
006979,data/VOCdevkit/VOC2007/JPEGImages/006979.jpg,output/mid_frequency/defocus_blur/severity_1/006979.png,voc2007,test,defocus_blur,mid,5,1,main,,416,500,1,"[""cat""]"
006979,data/VOCdevkit/VOC2007/JPEGImages/006979.jpg,output/mid_frequency/defocus_blur/severity_2/006979.png,voc2007,test,defocus_blur,mid,5,2,main,,416,500,1,"[""cat""]"
006979,data/VOCdevkit/VOC2007/JPEGImages/006979.jpg,output/mid_frequency/defocus_blur/severity_3/006979.png,voc2007,test,defocus_blur,mid,5,3,main,,416,500,1,"[""cat""]"
006979,data/VOCdevkit/VOC2007/JPEGImages/006979.jpg,output/mid_frequency/defocus_blur/severity_4/006979.png,voc2007,test,defocus_blur,mid,5,4,main,,416,500,1,"[""cat""]"
006979,data/VOCdevkit/VOC2007/JPEGImages/006979.jpg,output/mid_frequency/defocus_blur/severity_5/006979.png,voc2007,test,defocus_blur,mid,5,5,main,,416,500,1,"[""cat""]"
006979,data/VOCdevkit/VOC2007/JPEGImages/006979.jpg,output/mid_frequency/motion_blur/severity_1/006979.png,voc2007,test,motion_blur,mid,6,1,main,,416,500,1,"[""cat""]"
006979,data/VOCdevkit/VOC2007/JPEGImages/006979.jpg,output/mid_frequency/motion_blur/severity_2/006979.png,voc2007,test,motion_blur,mid,6,2,main,,416,500,1,"[""cat""]"
006979,data/VOCdevkit/VOC2007/JPEGImages/006979.jpg,output/mid_frequency/motion_blur/severity_3/006979.png,voc2007,test,motion_blur,mid,6,3,main,,416,500,1,"[""cat""]"
006979,data/VOCdevkit/VOC2007/JPEGImages/006979.jpg,output/mid_frequency/motion_blur/severity_4/006979.png,voc2007,test,motion_blur,mid,6,4,main,,416,500,1,"[""cat""]"
006979,data/VOCdevkit/VOC2007/JPEGImages/006979.jpg,output/mid_frequency/motion_blur/severity_5/006979.png,voc2007,test,motion_blur,mid,6,5,main,,416,500,1,"[""cat""]"
006979,data/VOCdevkit/VOC2007/JPEGImages/006979.jpg,output/low_frequency/fog/severity_1/006979.png,voc2007,test,fog,low,7,1,main,,416,500,1,"[""cat""]"
006979,data/VOCdevkit/VOC2007/JPEGImages/006979.jpg,output/low_frequency/fog/severity_2/006979.png,voc2007,test,fog,low,7,2,main,,416,500,1,"[""cat""]"
006979,data/VOCdevkit/VOC2007/JPEGImages/006979.jpg,output/low_frequency/fog/severity_3/006979.png,voc2007,test,fog,low,7,3,main,,416,500,1,"[""cat""]"
006979,data/VOCdevkit/VOC2007/JPEGImages/006979.jpg,output/low_frequency/fog/severity_4/006979.png,voc2007,test,fog,low,7,4,main,,416,500,1,"[""cat""]"
006979,data/VOCdevkit/VOC2007/JPEGImages/006979.jpg,output/low_frequency/fog/severity_5/006979.png,voc2007,test,fog,low,7,5,main,,416,500,1,"[""cat""]"
006979,data/VOCdevkit/VOC2007/JPEGImages/006979.jpg,output/low_frequency/contrast/severity_1/006979.png,voc2007,test,contrast,low,8,1,main,,416,500,1,"[""cat""]"
006979,data/VOCdevkit/VOC2007/JPEGImages/006979.jpg,output/low_frequency/contrast/severity_2/006979.png,voc2007,test,contrast,low,8,2,main,,416,500,1,"[""cat""]"
006979,data/VOCdevkit/VOC2007/JPEGImages/006979.jpg,output/low_frequency/contrast/severity_3/006979.png,voc2007,test,contrast,low,8,3,main,,416,500,1,"[""cat""]"
006979,data/VOCdevkit/VOC2007/JPEGImages/006979.jpg,output/low_frequency/contrast/severity_4/006979.png,voc2007,test,contrast,low,8,4,main,,416,500,1,"[""cat""]"
006979,data/VOCdevkit/VOC2007/JPEGImages/006979.jpg,output/low_frequency/contrast/severity_5/006979.png,voc2007,test,contrast,low,8,5,main,,416,500,1,"[""cat""]"
000511,data/VOCdevkit/VOC2007/JPEGImages/000511.jpg,output/clean/000511.png,voc2007,test,clean,none,0,0,clean,,500,335,1,"[""train""]"
000511,data/VOCdevkit/VOC2007/JPEGImages/000511.jpg,output/high_frequency/gaussian_noise/severity_1/000511.png,voc2007,test,gaussian_noise,high,1,1,main,,500,335,1,"[""train""]"
000511,data/VOCdevkit/VOC2007/JPEGImages/000511.jpg,output/high_frequency/gaussian_noise/severity_2/000511.png,voc2007,test,gaussian_noise,high,1,2,main,,500,335,1,"[""train""]"
000511,data/VOCdevkit/VOC2007/JPEGImages/000511.jpg,output/high_frequency/gaussian_noise/severity_3/000511.png,voc2007,test,gaussian_noise,high,1,3,main,,500,335,1,"[""train""]"
000511,data/VOCdevkit/VOC2007/JPEGImages/000511.jpg,output/high_frequency/gaussian_noise/severity_4/000511.png,voc2007,test,gaussian_noise,high,1,4,main,,500,335,1,"[""train""]"
000511,data/VOCdevkit/VOC2007/JPEGImages/000511.jpg,output/high_frequency/gaussian_noise/severity_5/000511.png,voc2007,test,gaussian_noise,high,1,5,main,,500,335,1,"[""train""]"
000511,data/VOCdevkit/VOC2007/JPEGImages/000511.jpg,output/high_frequency/shot_noise/severity_1/000511.png,voc2007,test,shot_noise,high,2,1,main,,500,335,1,"[""train""]"
000511,data/VOCdevkit/VOC2007/JPEGImages/000511.jpg,output/high_frequency/shot_noise/severity_2/000511.png,voc2007,test,shot_noise,high,2,2,main,,500,335,1,"[""train""]"
000511,data/VOCdevkit/VOC2007/JPEGImages/000511.jpg,output/high_frequency/shot_noise/severity_3/000511.png,voc2007,test,shot_noise,high,2,3,main,,500,335,1,"[""train""]"
000511,data/VOCdevkit/VOC2007/JPEGImages/000511.jpg,output/high_frequency/shot_noise/severity_4/000511.png,voc2007,test,shot_noise,high,2,4,main,,500,335,1,"[""train""]"
000511,data/VOCdevkit/VOC2007/JPEGImages/000511.jpg,output/high_frequency/shot_noise/severity_5/000511.png,voc2007,test,shot_noise,high,2,5,main,,500,335,1,"[""train""]"
000511,data/VOCdevkit/VOC2007/JPEGImages/000511.jpg,output/high_frequency/jpeg_compression/severity_1/000511.png,voc2007,test,jpeg_compression,high,3,1,main,,500,335,1,"[""train""]"
000511,data/VOCdevkit/VOC2007/JPEGImages/000511.jpg,output/high_frequency/jpeg_compression/severity_2/000511.png,voc2007,test,jpeg_compression,high,3,2,main,,500,335,1,"[""train""]"
000511,data/VOCdevkit/VOC2007/JPEGImages/000511.jpg,output/high_frequency/jpeg_compression/severity_3/000511.png,voc2007,test,jpeg_compression,high,3,3,main,,500,335,1,"[""train""]"
000511,data/VOCdevkit/VOC2007/JPEGImages/000511.jpg,output/high_frequency/jpeg_compression/severity_4/000511.png,voc2007,test,jpeg_compression,high,3,4,main,,500,335,1,"[""train""]"
000511,data/VOCdevkit/VOC2007/JPEGImages/000511.jpg,output/high_frequency/jpeg_compression/severity_5/000511.png,voc2007,test,jpeg_compression,high,3,5,main,,500,335,1,"[""train""]"
000511,data/VOCdevkit/VOC2007/JPEGImages/000511.jpg,output/mid_frequency/pixelate/severity_1/000511.png,voc2007,test,pixelate,mid,4,1,main,,500,335,1,"[""train""]"
000511,data/VOCdevkit/VOC2007/JPEGImages/000511.jpg,output/mid_frequency/pixelate/severity_2/000511.png,voc2007,test,pixelate,mid,4,2,main,,500,335,1,"[""train""]"
000511,data/VOCdevkit/VOC2007/JPEGImages/000511.jpg,output/mid_frequency/pixelate/severity_3/000511.png,voc2007,test,pixelate,mid,4,3,main,,500,335,1,"[""train""]"
000511,data/VOCdevkit/VOC2007/JPEGImages/000511.jpg,output/mid_frequency/pixelate/severity_4/000511.png,voc2007,test,pixelate,mid,4,4,main,,500,335,1,"[""train""]"
000511,data/VOCdevkit/VOC2007/JPEGImages/000511.jpg,output/mid_frequency/pixelate/severity_5/000511.png,voc2007,test,pixelate,mid,4,5,main,,500,335,1,"[""train""]"
000511,data/VOCdevkit/VOC2007/JPEGImages/000511.jpg,output/mid_frequency/defocus_blur/severity_1/000511.png,voc2007,test,defocus_blur,mid,5,1,main,,500,335,1,"[""train""]"
000511,data/VOCdevkit/VOC2007/JPEGImages/000511.jpg,output/mid_frequency/defocus_blur/severity_2/000511.png,voc2007,test,defocus_blur,mid,5,2,main,,500,335,1,"[""train""]"
000511,data/VOCdevkit/VOC2007/JPEGImages/000511.jpg,output/mid_frequency/defocus_blur/severity_3/000511.png,voc2007,test,defocus_blur,mid,5,3,main,,500,335,1,"[""train""]"
000511,data/VOCdevkit/VOC2007/JPEGImages/000511.jpg,output/mid_frequency/defocus_blur/severity_4/000511.png,voc2007,test,defocus_blur,mid,5,4,main,,500,335,1,"[""train""]"
000511,data/VOCdevkit/VOC2007/JPEGImages/000511.jpg,output/mid_frequency/defocus_blur/severity_5/000511.png,voc2007,test,defocus_blur,mid,5,5,main,,500,335,1,"[""train""]"
000511,data/VOCdevkit/VOC2007/JPEGImages/000511.jpg,output/mid_frequency/motion_blur/severity_1/000511.png,voc2007,test,motion_blur,mid,6,1,main,,500,335,1,"[""train""]"
000511,data/VOCdevkit/VOC2007/JPEGImages/000511.jpg,output/mid_frequency/motion_blur/severity_2/000511.png,voc2007,test,motion_blur,mid,6,2,main,,500,335,1,"[""train""]"
000511,data/VOCdevkit/VOC2007/JPEGImages/000511.jpg,output/mid_frequency/motion_blur/severity_3/000511.png,voc2007,test,motion_blur,mid,6,3,main,,500,335,1,"[""train""]"
000511,data/VOCdevkit/VOC2007/JPEGImages/000511.jpg,output/mid_frequency/motion_blur/severity_4/000511.png,voc2007,test,motion_blur,mid,6,4,main,,500,335,1,"[""train""]"
000511,data/VOCdevkit/VOC2007/JPEGImages/000511.jpg,output/mid_frequency/motion_blur/severity_5/000511.png,voc2007,test,motion_blur,mid,6,5,main,,500,335,1,"[""train""]"
000511,data/VOCdevkit/VOC2007/JPEGImages/000511.jpg,output/low_frequency/fog/severity_1/000511.png,voc2007,test,fog,low,7,1,main,,500,335,1,"[""train""]"
000511,data/VOCdevkit/VOC2007/JPEGImages/000511.jpg,output/low_frequency/fog/severity_2/000511.png,voc2007,test,fog,low,7,2,main,,500,335,1,"[""train""]"
000511,data/VOCdevkit/VOC2007/JPEGImages/000511.jpg,output/low_frequency/fog/severity_3/000511.png,voc2007,test,fog,low,7,3,main,,500,335,1,"[""train""]"
000511,data/VOCdevkit/VOC2007/JPEGImages/000511.jpg,output/low_frequency/fog/severity_4/000511.png,voc2007,test,fog,low,7,4,main,,500,335,1,"[""train""]"
000511,data/VOCdevkit/VOC2007/JPEGImages/000511.jpg,output/low_frequency/fog/severity_5/000511.png,voc2007,test,fog,low,7,5,main,,500,335,1,"[""train""]"
000511,data/VOCdevkit/VOC2007/JPEGImages/000511.jpg,output/low_frequency/contrast/severity_1/000511.png,voc2007,test,contrast,low,8,1,main,,500,335,1,"[""train""]"
000511,data/VOCdevkit/VOC2007/JPEGImages/000511.jpg,output/low_frequency/contrast/severity_2/000511.png,voc2007,test,contrast,low,8,2,main,,500,335,1,"[""train""]"
000511,data/VOCdevkit/VOC2007/JPEGImages/000511.jpg,output/low_frequency/contrast/severity_3/000511.png,voc2007,test,contrast,low,8,3,main,,500,335,1,"[""train""]"
000511,data/VOCdevkit/VOC2007/JPEGImages/000511.jpg,output/low_frequency/contrast/severity_4/000511.png,voc2007,test,contrast,low,8,4,main,,500,335,1,"[""train""]"
000511,data/VOCdevkit/VOC2007/JPEGImages/000511.jpg,output/low_frequency/contrast/severity_5/000511.png,voc2007,test,contrast,low,8,5,main,,500,335,1,"[""train""]"
000478,data/VOCdevkit/VOC2007/JPEGImages/000478.jpg,output/clean/000478.png,voc2007,test,clean,none,0,0,clean,,500,333,1,"[""dog""]"
000478,data/VOCdevkit/VOC2007/JPEGImages/000478.jpg,output/high_frequency/gaussian_noise/severity_1/000478.png,voc2007,test,gaussian_noise,high,1,1,main,,500,333,1,"[""dog""]"
000478,data/VOCdevkit/VOC2007/JPEGImages/000478.jpg,output/high_frequency/gaussian_noise/severity_2/000478.png,voc2007,test,gaussian_noise,high,1,2,main,,500,333,1,"[""dog""]"
000478,data/VOCdevkit/VOC2007/JPEGImages/000478.jpg,output/high_frequency/gaussian_noise/severity_3/000478.png,voc2007,test,gaussian_noise,high,1,3,main,,500,333,1,"[""dog""]"
000478,data/VOCdevkit/VOC2007/JPEGImages/000478.jpg,output/high_frequency/gaussian_noise/severity_4/000478.png,voc2007,test,gaussian_noise,high,1,4,main,,500,333,1,"[""dog""]"
000478,data/VOCdevkit/VOC2007/JPEGImages/000478.jpg,output/high_frequency/gaussian_noise/severity_5/000478.png,voc2007,test,gaussian_noise,high,1,5,main,,500,333,1,"[""dog""]"
000478,data/VOCdevkit/VOC2007/JPEGImages/000478.jpg,output/high_frequency/shot_noise/severity_1/000478.png,voc2007,test,shot_noise,high,2,1,main,,500,333,1,"[""dog""]"
000478,data/VOCdevkit/VOC2007/JPEGImages/000478.jpg,output/high_frequency/shot_noise/severity_2/000478.png,voc2007,test,shot_noise,high,2,2,main,,500,333,1,"[""dog""]"
000478,data/VOCdevkit/VOC2007/JPEGImages/000478.jpg,output/high_frequency/shot_noise/severity_3/000478.png,voc2007,test,shot_noise,high,2,3,main,,500,333,1,"[""dog""]"
000478,data/VOCdevkit/VOC2007/JPEGImages/000478.jpg,output/high_frequency/shot_noise/severity_4/000478.png,voc2007,test,shot_noise,high,2,4,main,,500,333,1,"[""dog""]"
000478,data/VOCdevkit/VOC2007/JPEGImages/000478.jpg,output/high_frequency/shot_noise/severity_5/000478.png,voc2007,test,shot_noise,high,2,5,main,,500,333,1,"[""dog""]"
000478,data/VOCdevkit/VOC2007/JPEGImages/000478.jpg,output/high_frequency/jpeg_compression/severity_1/000478.png,voc2007,test,jpeg_compression,high,3,1,main,,500,333,1,"[""dog""]"
000478,data/VOCdevkit/VOC2007/JPEGImages/000478.jpg,output/high_frequency/jpeg_compression/severity_2/000478.png,voc2007,test,jpeg_compression,high,3,2,main,,500,333,1,"[""dog""]"
000478,data/VOCdevkit/VOC2007/JPEGImages/000478.jpg,output/high_frequency/jpeg_compression/severity_3/000478.png,voc2007,test,jpeg_compression,high,3,3,main,,500,333,1,"[""dog""]"
000478,data/VOCdevkit/VOC2007/JPEGImages/000478.jpg,output/high_frequency/jpeg_compression/severity_4/000478.png,voc2007,test,jpeg_compression,high,3,4,main,,500,333,1,"[""dog""]"
000478,data/VOCdevkit/VOC2007/JPEGImages/000478.jpg,output/high_frequency/jpeg_compression/severity_5/000478.png,voc2007,test,jpeg_compression,high,3,5,main,,500,333,1,"[""dog""]"
000478,data/VOCdevkit/VOC2007/JPEGImages/000478.jpg,output/mid_frequency/pixelate/severity_1/000478.png,voc2007,test,pixelate,mid,4,1,main,,500,333,1,"[""dog""]"
000478,data/VOCdevkit/VOC2007/JPEGImages/000478.jpg,output/mid_frequency/pixelate/severity_2/000478.png,voc2007,test,pixelate,mid,4,2,main,,500,333,1,"[""dog""]"
000478,data/VOCdevkit/VOC2007/JPEGImages/000478.jpg,output/mid_frequency/pixelate/severity_3/000478.png,voc2007,test,pixelate,mid,4,3,main,,500,333,1,"[""dog""]"
000478,data/VOCdevkit/VOC2007/JPEGImages/000478.jpg,output/mid_frequency/pixelate/severity_4/000478.png,voc2007,test,pixelate,mid,4,4,main,,500,333,1,"[""dog""]"
000478,data/VOCdevkit/VOC2007/JPEGImages/000478.jpg,output/mid_frequency/pixelate/severity_5/000478.png,voc2007,test,pixelate,mid,4,5,main,,500,333,1,"[""dog""]"
000478,data/VOCdevkit/VOC2007/JPEGImages/000478.jpg,output/mid_frequency/defocus_blur/severity_1/000478.png,voc2007,test,defocus_blur,mid,5,1,main,,500,333,1,"[""dog""]"
000478,data/VOCdevkit/VOC2007/JPEGImages/000478.jpg,output/mid_frequency/defocus_blur/severity_2/000478.png,voc2007,test,defocus_blur,mid,5,2,main,,500,333,1,"[""dog""]"
000478,data/VOCdevkit/VOC2007/JPEGImages/000478.jpg,output/mid_frequency/defocus_blur/severity_3/000478.png,voc2007,test,defocus_blur,mid,5,3,main,,500,333,1,"[""dog""]"
000478,data/VOCdevkit/VOC2007/JPEGImages/000478.jpg,output/mid_frequency/defocus_blur/severity_4/000478.png,voc2007,test,defocus_blur,mid,5,4,main,,500,333,1,"[""dog""]"
000478,data/VOCdevkit/VOC2007/JPEGImages/000478.jpg,output/mid_frequency/defocus_blur/severity_5/000478.png,voc2007,test,defocus_blur,mid,5,5,main,,500,333,1,"[""dog""]"
000478,data/VOCdevkit/VOC2007/JPEGImages/000478.jpg,output/mid_frequency/motion_blur/severity_1/000478.png,voc2007,test,motion_blur,mid,6,1,main,,500,333,1,"[""dog""]"
000478,data/VOCdevkit/VOC2007/JPEGImages/000478.jpg,output/mid_frequency/motion_blur/severity_2/000478.png,voc2007,test,motion_blur,mid,6,2,main,,500,333,1,"[""dog""]"
000478,data/VOCdevkit/VOC2007/JPEGImages/000478.jpg,output/mid_frequency/motion_blur/severity_3/000478.png,voc2007,test,motion_blur,mid,6,3,main,,500,333,1,"[""dog""]"
000478,data/VOCdevkit/VOC2007/JPEGImages/000478.jpg,output/mid_frequency/motion_blur/severity_4/000478.png,voc2007,test,motion_blur,mid,6,4,main,,500,333,1,"[""dog""]"
000478,data/VOCdevkit/VOC2007/JPEGImages/000478.jpg,output/mid_frequency/motion_blur/severity_5/000478.png,voc2007,test,motion_blur,mid,6,5,main,,500,333,1,"[""dog""]"
000478,data/VOCdevkit/VOC2007/JPEGImages/000478.jpg,output/low_frequency/fog/severity_1/000478.png,voc2007,test,fog,low,7,1,main,,500,333,1,"[""dog""]"
000478,data/VOCdevkit/VOC2007/JPEGImages/000478.jpg,output/low_frequency/fog/severity_2/000478.png,voc2007,test,fog,low,7,2,main,,500,333,1,"[""dog""]"
000478,data/VOCdevkit/VOC2007/JPEGImages/000478.jpg,output/low_frequency/fog/severity_3/000478.png,voc2007,test,fog,low,7,3,main,,500,333,1,"[""dog""]"
000478,data/VOCdevkit/VOC2007/JPEGImages/000478.jpg,output/low_frequency/fog/severity_4/000478.png,voc2007,test,fog,low,7,4,main,,500,333,1,"[""dog""]"
000478,data/VOCdevkit/VOC2007/JPEGImages/000478.jpg,output/low_frequency/fog/severity_5/000478.png,voc2007,test,fog,low,7,5,main,,500,333,1,"[""dog""]"
000478,data/VOCdevkit/VOC2007/JPEGImages/000478.jpg,output/low_frequency/contrast/severity_1/000478.png,voc2007,test,contrast,low,8,1,main,,500,333,1,"[""dog""]"
000478,data/VOCdevkit/VOC2007/JPEGImages/000478.jpg,output/low_frequency/contrast/severity_2/000478.png,voc2007,test,contrast,low,8,2,main,,500,333,1,"[""dog""]"
000478,data/VOCdevkit/VOC2007/JPEGImages/000478.jpg,output/low_frequency/contrast/severity_3/000478.png,voc2007,test,contrast,low,8,3,main,,500,333,1,"[""dog""]"
000478,data/VOCdevkit/VOC2007/JPEGImages/000478.jpg,output/low_frequency/contrast/severity_4/000478.png,voc2007,test,contrast,low,8,4,main,,500,333,1,"[""dog""]"
000478,data/VOCdevkit/VOC2007/JPEGImages/000478.jpg,output/low_frequency/contrast/severity_5/000478.png,voc2007,test,contrast,low,8,5,main,,500,333,1,"[""dog""]"
001530,data/VOCdevkit/VOC2007/JPEGImages/001530.jpg,output/clean/001530.png,voc2007,test,clean,none,0,0,clean,,500,375,1,"[""bird""]"
001530,data/VOCdevkit/VOC2007/JPEGImages/001530.jpg,output/high_frequency/gaussian_noise/severity_1/001530.png,voc2007,test,gaussian_noise,high,1,1,main,,500,375,1,"[""bird""]"
001530,data/VOCdevkit/VOC2007/JPEGImages/001530.jpg,output/high_frequency/gaussian_noise/severity_2/001530.png,voc2007,test,gaussian_noise,high,1,2,main,,500,375,1,"[""bird""]"
001530,data/VOCdevkit/VOC2007/JPEGImages/001530.jpg,output/high_frequency/gaussian_noise/severity_3/001530.png,voc2007,test,gaussian_noise,high,1,3,main,,500,375,1,"[""bird""]"
001530,data/VOCdevkit/VOC2007/JPEGImages/001530.jpg,output/high_frequency/gaussian_noise/severity_4/001530.png,voc2007,test,gaussian_noise,high,1,4,main,,500,375,1,"[""bird""]"
001530,data/VOCdevkit/VOC2007/JPEGImages/001530.jpg,output/high_frequency/gaussian_noise/severity_5/001530.png,voc2007,test,gaussian_noise,high,1,5,main,,500,375,1,"[""bird""]"
001530,data/VOCdevkit/VOC2007/JPEGImages/001530.jpg,output/high_frequency/shot_noise/severity_1/001530.png,voc2007,test,shot_noise,high,2,1,main,,500,375,1,"[""bird""]"
001530,data/VOCdevkit/VOC2007/JPEGImages/001530.jpg,output/high_frequency/shot_noise/severity_2/001530.png,voc2007,test,shot_noise,high,2,2,main,,500,375,1,"[""bird""]"
001530,data/VOCdevkit/VOC2007/JPEGImages/001530.jpg,output/high_frequency/shot_noise/severity_3/001530.png,voc2007,test,shot_noise,high,2,3,main,,500,375,1,"[""bird""]"
001530,data/VOCdevkit/VOC2007/JPEGImages/001530.jpg,output/high_frequency/shot_noise/severity_4/001530.png,voc2007,test,shot_noise,high,2,4,main,,500,375,1,"[""bird""]"
001530,data/VOCdevkit/VOC2007/JPEGImages/001530.jpg,output/high_frequency/shot_noise/severity_5/001530.png,voc2007,test,shot_noise,high,2,5,main,,500,375,1,"[""bird""]"
001530,data/VOCdevkit/VOC2007/JPEGImages/001530.jpg,output/high_frequency/jpeg_compression/severity_1/001530.png,voc2007,test,jpeg_compression,high,3,1,main,,500,375,1,"[""bird""]"
001530,data/VOCdevkit/VOC2007/JPEGImages/001530.jpg,output/high_frequency/jpeg_compression/severity_2/001530.png,voc2007,test,jpeg_compression,high,3,2,main,,500,375,1,"[""bird""]"
001530,data/VOCdevkit/VOC2007/JPEGImages/001530.jpg,output/high_frequency/jpeg_compression/severity_3/001530.png,voc2007,test,jpeg_compression,high,3,3,main,,500,375,1,"[""bird""]"
001530,data/VOCdevkit/VOC2007/JPEGImages/001530.jpg,output/high_frequency/jpeg_compression/severity_4/001530.png,voc2007,test,jpeg_compression,high,3,4,main,,500,375,1,"[""bird""]"
001530,data/VOCdevkit/VOC2007/JPEGImages/001530.jpg,output/high_frequency/jpeg_compression/severity_5/001530.png,voc2007,test,jpeg_compression,high,3,5,main,,500,375,1,"[""bird""]"
001530,data/VOCdevkit/VOC2007/JPEGImages/001530.jpg,output/mid_frequency/pixelate/severity_1/001530.png,voc2007,test,pixelate,mid,4,1,main,,500,375,1,"[""bird""]"
001530,data/VOCdevkit/VOC2007/JPEGImages/001530.jpg,output/mid_frequency/pixelate/severity_2/001530.png,voc2007,test,pixelate,mid,4,2,main,,500,375,1,"[""bird""]"
001530,data/VOCdevkit/VOC2007/JPEGImages/001530.jpg,output/mid_frequency/pixelate/severity_3/001530.png,voc2007,test,pixelate,mid,4,3,main,,500,375,1,"[""bird""]"
001530,data/VOCdevkit/VOC2007/JPEGImages/001530.jpg,output/mid_frequency/pixelate/severity_4/001530.png,voc2007,test,pixelate,mid,4,4,main,,500,375,1,"[""bird""]"
001530,data/VOCdevkit/VOC2007/JPEGImages/001530.jpg,output/mid_frequency/pixelate/severity_5/001530.png,voc2007,test,pixelate,mid,4,5,main,,500,375,1,"[""bird""]"
001530,data/VOCdevkit/VOC2007/JPEGImages/001530.jpg,output/mid_frequency/defocus_blur/severity_1/001530.png,voc2007,test,defocus_blur,mid,5,1,main,,500,375,1,"[""bird""]"
001530,data/VOCdevkit/VOC2007/JPEGImages/001530.jpg,output/mid_frequency/defocus_blur/severity_2/001530.png,voc2007,test,defocus_blur,mid,5,2,main,,500,375,1,"[""bird""]"
001530,data/VOCdevkit/VOC2007/JPEGImages/001530.jpg,output/mid_frequency/defocus_blur/severity_3/001530.png,voc2007,test,defocus_blur,mid,5,3,main,,500,375,1,"[""bird""]"
001530,data/VOCdevkit/VOC2007/JPEGImages/001530.jpg,output/mid_frequency/defocus_blur/severity_4/001530.png,voc2007,test,defocus_blur,mid,5,4,main,,500,375,1,"[""bird""]"
001530,data/VOCdevkit/VOC2007/JPEGImages/001530.jpg,output/mid_frequency/defocus_blur/severity_5/001530.png,voc2007,test,defocus_blur,mid,5,5,main,,500,375,1,"[""bird""]"
001530,data/VOCdevkit/VOC2007/JPEGImages/001530.jpg,output/mid_frequency/motion_blur/severity_1/001530.png,voc2007,test,motion_blur,mid,6,1,main,,500,375,1,"[""bird""]"
001530,data/VOCdevkit/VOC2007/JPEGImages/001530.jpg,output/mid_frequency/motion_blur/severity_2/001530.png,voc2007,test,motion_blur,mid,6,2,main,,500,375,1,"[""bird""]"
001530,data/VOCdevkit/VOC2007/JPEGImages/001530.jpg,output/mid_frequency/motion_blur/severity_3/001530.png,voc2007,test,motion_blur,mid,6,3,main,,500,375,1,"[""bird""]"
001530,data/VOCdevkit/VOC2007/JPEGImages/001530.jpg,output/mid_frequency/motion_blur/severity_4/001530.png,voc2007,test,motion_blur,mid,6,4,main,,500,375,1,"[""bird""]"
001530,data/VOCdevkit/VOC2007/JPEGImages/001530.jpg,output/mid_frequency/motion_blur/severity_5/001530.png,voc2007,test,motion_blur,mid,6,5,main,,500,375,1,"[""bird""]"
001530,data/VOCdevkit/VOC2007/JPEGImages/001530.jpg,output/low_frequency/fog/severity_1/001530.png,voc2007,test,fog,low,7,1,main,,500,375,1,"[""bird""]"
001530,data/VOCdevkit/VOC2007/JPEGImages/001530.jpg,output/low_frequency/fog/severity_2/001530.png,voc2007,test,fog,low,7,2,main,,500,375,1,"[""bird""]"
001530,data/VOCdevkit/VOC2007/JPEGImages/001530.jpg,output/low_frequency/fog/severity_3/001530.png,voc2007,test,fog,low,7,3,main,,500,375,1,"[""bird""]"
001530,data/VOCdevkit/VOC2007/JPEGImages/001530.jpg,output/low_frequency/fog/severity_4/001530.png,voc2007,test,fog,low,7,4,main,,500,375,1,"[""bird""]"
001530,data/VOCdevkit/VOC2007/JPEGImages/001530.jpg,output/low_frequency/fog/severity_5/001530.png,voc2007,test,fog,low,7,5,main,,500,375,1,"[""bird""]"
001530,data/VOCdevkit/VOC2007/JPEGImages/001530.jpg,output/low_frequency/contrast/severity_1/001530.png,voc2007,test,contrast,low,8,1,main,,500,375,1,"[""bird""]"
001530,data/VOCdevkit/VOC2007/JPEGImages/001530.jpg,output/low_frequency/contrast/severity_2/001530.png,voc2007,test,contrast,low,8,2,main,,500,375,1,"[""bird""]"
001530,data/VOCdevkit/VOC2007/JPEGImages/001530.jpg,output/low_frequency/contrast/severity_3/001530.png,voc2007,test,contrast,low,8,3,main,,500,375,1,"[""bird""]"
001530,data/VOCdevkit/VOC2007/JPEGImages/001530.jpg,output/low_frequency/contrast/severity_4/001530.png,voc2007,test,contrast,low,8,4,main,,500,375,1,"[""bird""]"
001530,data/VOCdevkit/VOC2007/JPEGImages/001530.jpg,output/low_frequency/contrast/severity_5/001530.png,voc2007,test,contrast,low,8,5,main,,500,375,1,"[""bird""]"
003602,data/VOCdevkit/VOC2007/JPEGImages/003602.jpg,output/clean/003602.png,voc2007,test,clean,none,0,0,clean,,500,333,3,"[""person"", ""person"", ""person""]"
003602,data/VOCdevkit/VOC2007/JPEGImages/003602.jpg,output/high_frequency/gaussian_noise/severity_1/003602.png,voc2007,test,gaussian_noise,high,1,1,main,,500,333,3,"[""person"", ""person"", ""person""]"
003602,data/VOCdevkit/VOC2007/JPEGImages/003602.jpg,output/high_frequency/gaussian_noise/severity_2/003602.png,voc2007,test,gaussian_noise,high,1,2,main,,500,333,3,"[""person"", ""person"", ""person""]"
003602,data/VOCdevkit/VOC2007/JPEGImages/003602.jpg,output/high_frequency/gaussian_noise/severity_3/003602.png,voc2007,test,gaussian_noise,high,1,3,main,,500,333,3,"[""person"", ""person"", ""person""]"
003602,data/VOCdevkit/VOC2007/JPEGImages/003602.jpg,output/high_frequency/gaussian_noise/severity_4/003602.png,voc2007,test,gaussian_noise,high,1,4,main,,500,333,3,"[""person"", ""person"", ""person""]"
003602,data/VOCdevkit/VOC2007/JPEGImages/003602.jpg,output/high_frequency/gaussian_noise/severity_5/003602.png,voc2007,test,gaussian_noise,high,1,5,main,,500,333,3,"[""person"", ""person"", ""person""]"
003602,data/VOCdevkit/VOC2007/JPEGImages/003602.jpg,output/high_frequency/shot_noise/severity_1/003602.png,voc2007,test,shot_noise,high,2,1,main,,500,333,3,"[""person"", ""person"", ""person""]"
003602,data/VOCdevkit/VOC2007/JPEGImages/003602.jpg,output/high_frequency/shot_noise/severity_2/003602.png,voc2007,test,shot_noise,high,2,2,main,,500,333,3,"[""person"", ""person"", ""person""]"
003602,data/VOCdevkit/VOC2007/JPEGImages/003602.jpg,output/high_frequency/shot_noise/severity_3/003602.png,voc2007,test,shot_noise,high,2,3,main,,500,333,3,"[""person"", ""person"", ""person""]"
003602,data/VOCdevkit/VOC2007/JPEGImages/003602.jpg,output/high_frequency/shot_noise/severity_4/003602.png,voc2007,test,shot_noise,high,2,4,main,,500,333,3,"[""person"", ""person"", ""person""]"
003602,data/VOCdevkit/VOC2007/JPEGImages/003602.jpg,output/high_frequency/shot_noise/severity_5/003602.png,voc2007,test,shot_noise,high,2,5,main,,500,333,3,"[""person"", ""person"", ""person""]"
003602,data/VOCdevkit/VOC2007/JPEGImages/003602.jpg,output/high_frequency/jpeg_compression/severity_1/003602.png,voc2007,test,jpeg_compression,high,3,1,main,,500,333,3,"[""person"", ""person"", ""person""]"
003602,data/VOCdevkit/VOC2007/JPEGImages/003602.jpg,output/high_frequency/jpeg_compression/severity_2/003602.png,voc2007,test,jpeg_compression,high,3,2,main,,500,333,3,"[""person"", ""person"", ""person""]"
003602,data/VOCdevkit/VOC2007/JPEGImages/003602.jpg,output/high_frequency/jpeg_compression/severity_3/003602.png,voc2007,test,jpeg_compression,high,3,3,main,,500,333,3,"[""person"", ""person"", ""person""]"
003602,data/VOCdevkit/VOC2007/JPEGImages/003602.jpg,output/high_frequency/jpeg_compression/severity_4/003602.png,voc2007,test,jpeg_compression,high,3,4,main,,500,333,3,"[""person"", ""person"", ""person""]"
003602,data/VOCdevkit/VOC2007/JPEGImages/003602.jpg,output/high_frequency/jpeg_compression/severity_5/003602.png,voc2007,test,jpeg_compression,high,3,5,main,,500,333,3,"[""person"", ""person"", ""person""]"
003602,data/VOCdevkit/VOC2007/JPEGImages/003602.jpg,output/mid_frequency/pixelate/severity_1/003602.png,voc2007,test,pixelate,mid,4,1,main,,500,333,3,"[""person"", ""person"", ""person""]"
003602,data/VOCdevkit/VOC2007/JPEGImages/003602.jpg,output/mid_frequency/pixelate/severity_2/003602.png,voc2007,test,pixelate,mid,4,2,main,,500,333,3,"[""person"", ""person"", ""person""]"
003602,data/VOCdevkit/VOC2007/JPEGImages/003602.jpg,output/mid_frequency/pixelate/severity_3/003602.png,voc2007,test,pixelate,mid,4,3,main,,500,333,3,"[""person"", ""person"", ""person""]"
003602,data/VOCdevkit/VOC2007/JPEGImages/003602.jpg,output/mid_frequency/pixelate/severity_4/003602.png,voc2007,test,pixelate,mid,4,4,main,,500,333,3,"[""person"", ""person"", ""person""]"
003602,data/VOCdevkit/VOC2007/JPEGImages/003602.jpg,output/mid_frequency/pixelate/severity_5/003602.png,voc2007,test,pixelate,mid,4,5,main,,500,333,3,"[""person"", ""person"", ""person""]"
003602,data/VOCdevkit/VOC2007/JPEGImages/003602.jpg,output/mid_frequency/defocus_blur/severity_1/003602.png,voc2007,test,defocus_blur,mid,5,1,main,,500,333,3,"[""person"", ""person"", ""person""]"
003602,data/VOCdevkit/VOC2007/JPEGImages/003602.jpg,output/mid_frequency/defocus_blur/severity_2/003602.png,voc2007,test,defocus_blur,mid,5,2,main,,500,333,3,"[""person"", ""person"", ""person""]"
003602,data/VOCdevkit/VOC2007/JPEGImages/003602.jpg,output/mid_frequency/defocus_blur/severity_3/003602.png,voc2007,test,defocus_blur,mid,5,3,main,,500,333,3,"[""person"", ""person"", ""person""]"
003602,data/VOCdevkit/VOC2007/JPEGImages/003602.jpg,output/mid_frequency/defocus_blur/severity_4/003602.png,voc2007,test,defocus_blur,mid,5,4,main,,500,333,3,"[""person"", ""person"", ""person""]"
003602,data/VOCdevkit/VOC2007/JPEGImages/003602.jpg,output/mid_frequency/defocus_blur/severity_5/003602.png,voc2007,test,defocus_blur,mid,5,5,main,,500,333,3,"[""person"", ""person"", ""person""]"
003602,data/VOCdevkit/VOC2007/JPEGImages/003602.jpg,output/mid_frequency/motion_blur/severity_1/003602.png,voc2007,test,motion_blur,mid,6,1,main,,500,333,3,"[""person"", ""person"", ""person""]"
003602,data/VOCdevkit/VOC2007/JPEGImages/003602.jpg,output/mid_frequency/motion_blur/severity_2/003602.png,voc2007,test,motion_blur,mid,6,2,main,,500,333,3,"[""person"", ""person"", ""person""]"
003602,data/VOCdevkit/VOC2007/JPEGImages/003602.jpg,output/mid_frequency/motion_blur/severity_3/003602.png,voc2007,test,motion_blur,mid,6,3,main,,500,333,3,"[""person"", ""person"", ""person""]"
003602,data/VOCdevkit/VOC2007/JPEGImages/003602.jpg,output/mid_frequency/motion_blur/severity_4/003602.png,voc2007,test,motion_blur,mid,6,4,main,,500,333,3,"[""person"", ""person"", ""person""]"
003602,data/VOCdevkit/VOC2007/JPEGImages/003602.jpg,output/mid_frequency/motion_blur/severity_5/003602.png,voc2007,test,motion_blur,mid,6,5,main,,500,333,3,"[""person"", ""person"", ""person""]"
003602,data/VOCdevkit/VOC2007/JPEGImages/003602.jpg,output/low_frequency/fog/severity_1/003602.png,voc2007,test,fog,low,7,1,main,,500,333,3,"[""person"", ""person"", ""person""]"
003602,data/VOCdevkit/VOC2007/JPEGImages/003602.jpg,output/low_frequency/fog/severity_2/003602.png,voc2007,test,fog,low,7,2,main,,500,333,3,"[""person"", ""person"", ""person""]"
003602,data/VOCdevkit/VOC2007/JPEGImages/003602.jpg,output/low_frequency/fog/severity_3/003602.png,voc2007,test,fog,low,7,3,main,,500,333,3,"[""person"", ""person"", ""person""]"
003602,data/VOCdevkit/VOC2007/JPEGImages/003602.jpg,output/low_frequency/fog/severity_4/003602.png,voc2007,test,fog,low,7,4,main,,500,333,3,"[""person"", ""person"", ""person""]"
003602,data/VOCdevkit/VOC2007/JPEGImages/003602.jpg,output/low_frequency/fog/severity_5/003602.png,voc2007,test,fog,low,7,5,main,,500,333,3,"[""person"", ""person"", ""person""]"
003602,data/VOCdevkit/VOC2007/JPEGImages/003602.jpg,output/low_frequency/contrast/severity_1/003602.png,voc2007,test,contrast,low,8,1,main,,500,333,3,"[""person"", ""person"", ""person""]"
003602,data/VOCdevkit/VOC2007/JPEGImages/003602.jpg,output/low_frequency/contrast/severity_2/003602.png,voc2007,test,contrast,low,8,2,main,,500,333,3,"[""person"", ""person"", ""person""]"
003602,data/VOCdevkit/VOC2007/JPEGImages/003602.jpg,output/low_frequency/contrast/severity_3/003602.png,voc2007,test,contrast,low,8,3,main,,500,333,3,"[""person"", ""person"", ""person""]"
003602,data/VOCdevkit/VOC2007/JPEGImages/003602.jpg,output/low_frequency/contrast/severity_4/003602.png,voc2007,test,contrast,low,8,4,main,,500,333,3,"[""person"", ""person"", ""person""]"
003602,data/VOCdevkit/VOC2007/JPEGImages/003602.jpg,output/low_frequency/contrast/severity_5/003602.png,voc2007,test,contrast,low,8,5,main,,500,333,3,"[""person"", ""person"", ""person""]"
003842,data/VOCdevkit/VOC2007/JPEGImages/003842.jpg,output/clean/003842.png,voc2007,test,clean,none,0,0,clean,,224,500,1,"[""bottle""]"
003842,data/VOCdevkit/VOC2007/JPEGImages/003842.jpg,output/high_frequency/gaussian_noise/severity_1/003842.png,voc2007,test,gaussian_noise,high,1,1,main,,224,500,1,"[""bottle""]"
003842,data/VOCdevkit/VOC2007/JPEGImages/003842.jpg,output/high_frequency/gaussian_noise/severity_2/003842.png,voc2007,test,gaussian_noise,high,1,2,main,,224,500,1,"[""bottle""]"
003842,data/VOCdevkit/VOC2007/JPEGImages/003842.jpg,output/high_frequency/gaussian_noise/severity_3/003842.png,voc2007,test,gaussian_noise,high,1,3,main,,224,500,1,"[""bottle""]"
003842,data/VOCdevkit/VOC2007/JPEGImages/003842.jpg,output/high_frequency/gaussian_noise/severity_4/003842.png,voc2007,test,gaussian_noise,high,1,4,main,,224,500,1,"[""bottle""]"
003842,data/VOCdevkit/VOC2007/JPEGImages/003842.jpg,output/high_frequency/gaussian_noise/severity_5/003842.png,voc2007,test,gaussian_noise,high,1,5,main,,224,500,1,"[""bottle""]"
003842,data/VOCdevkit/VOC2007/JPEGImages/003842.jpg,output/high_frequency/shot_noise/severity_1/003842.png,voc2007,test,shot_noise,high,2,1,main,,224,500,1,"[""bottle""]"
003842,data/VOCdevkit/VOC2007/JPEGImages/003842.jpg,output/high_frequency/shot_noise/severity_2/003842.png,voc2007,test,shot_noise,high,2,2,main,,224,500,1,"[""bottle""]"
003842,data/VOCdevkit/VOC2007/JPEGImages/003842.jpg,output/high_frequency/shot_noise/severity_3/003842.png,voc2007,test,shot_noise,high,2,3,main,,224,500,1,"[""bottle""]"
003842,data/VOCdevkit/VOC2007/JPEGImages/003842.jpg,output/high_frequency/shot_noise/severity_4/003842.png,voc2007,test,shot_noise,high,2,4,main,,224,500,1,"[""bottle""]"
003842,data/VOCdevkit/VOC2007/JPEGImages/003842.jpg,output/high_frequency/shot_noise/severity_5/003842.png,voc2007,test,shot_noise,high,2,5,main,,224,500,1,"[""bottle""]"
003842,data/VOCdevkit/VOC2007/JPEGImages/003842.jpg,output/high_frequency/jpeg_compression/severity_1/003842.png,voc2007,test,jpeg_compression,high,3,1,main,,224,500,1,"[""bottle""]"
003842,data/VOCdevkit/VOC2007/JPEGImages/003842.jpg,output/high_frequency/jpeg_compression/severity_2/003842.png,voc2007,test,jpeg_compression,high,3,2,main,,224,500,1,"[""bottle""]"
003842,data/VOCdevkit/VOC2007/JPEGImages/003842.jpg,output/high_frequency/jpeg_compression/severity_3/003842.png,voc2007,test,jpeg_compression,high,3,3,main,,224,500,1,"[""bottle""]"
003842,data/VOCdevkit/VOC2007/JPEGImages/003842.jpg,output/high_frequency/jpeg_compression/severity_4/003842.png,voc2007,test,jpeg_compression,high,3,4,main,,224,500,1,"[""bottle""]"
003842,data/VOCdevkit/VOC2007/JPEGImages/003842.jpg,output/high_frequency/jpeg_compression/severity_5/003842.png,voc2007,test,jpeg_compression,high,3,5,main,,224,500,1,"[""bottle""]"
003842,data/VOCdevkit/VOC2007/JPEGImages/003842.jpg,output/mid_frequency/pixelate/severity_1/003842.png,voc2007,test,pixelate,mid,4,1,main,,224,500,1,"[""bottle""]"
003842,data/VOCdevkit/VOC2007/JPEGImages/003842.jpg,output/mid_frequency/pixelate/severity_2/003842.png,voc2007,test,pixelate,mid,4,2,main,,224,500,1,"[""bottle""]"
003842,data/VOCdevkit/VOC2007/JPEGImages/003842.jpg,output/mid_frequency/pixelate/severity_3/003842.png,voc2007,test,pixelate,mid,4,3,main,,224,500,1,"[""bottle""]"
003842,data/VOCdevkit/VOC2007/JPEGImages/003842.jpg,output/mid_frequency/pixelate/severity_4/003842.png,voc2007,test,pixelate,mid,4,4,main,,224,500,1,"[""bottle""]"
003842,data/VOCdevkit/VOC2007/JPEGImages/003842.jpg,output/mid_frequency/pixelate/severity_5/003842.png,voc2007,test,pixelate,mid,4,5,main,,224,500,1,"[""bottle""]"
003842,data/VOCdevkit/VOC2007/JPEGImages/003842.jpg,output/mid_frequency/defocus_blur/severity_1/003842.png,voc2007,test,defocus_blur,mid,5,1,main,,224,500,1,"[""bottle""]"
003842,data/VOCdevkit/VOC2007/JPEGImages/003842.jpg,output/mid_frequency/defocus_blur/severity_2/003842.png,voc2007,test,defocus_blur,mid,5,2,main,,224,500,1,"[""bottle""]"
003842,data/VOCdevkit/VOC2007/JPEGImages/003842.jpg,output/mid_frequency/defocus_blur/severity_3/003842.png,voc2007,test,defocus_blur,mid,5,3,main,,224,500,1,"[""bottle""]"
003842,data/VOCdevkit/VOC2007/JPEGImages/003842.jpg,output/mid_frequency/defocus_blur/severity_4/003842.png,voc2007,test,defocus_blur,mid,5,4,main,,224,500,1,"[""bottle""]"
003842,data/VOCdevkit/VOC2007/JPEGImages/003842.jpg,output/mid_frequency/defocus_blur/severity_5/003842.png,voc2007,test,defocus_blur,mid,5,5,main,,224,500,1,"[""bottle""]"
003842,data/VOCdevkit/VOC2007/JPEGImages/003842.jpg,output/mid_frequency/motion_blur/severity_1/003842.png,voc2007,test,motion_blur,mid,6,1,main,,224,500,1,"[""bottle""]"
003842,data/VOCdevkit/VOC2007/JPEGImages/003842.jpg,output/mid_frequency/motion_blur/severity_2/003842.png,voc2007,test,motion_blur,mid,6,2,main,,224,500,1,"[""bottle""]"
003842,data/VOCdevkit/VOC2007/JPEGImages/003842.jpg,output/mid_frequency/motion_blur/severity_3/003842.png,voc2007,test,motion_blur,mid,6,3,main,,224,500,1,"[""bottle""]"
003842,data/VOCdevkit/VOC2007/JPEGImages/003842.jpg,output/mid_frequency/motion_blur/severity_4/003842.png,voc2007,test,motion_blur,mid,6,4,main,,224,500,1,"[""bottle""]"
003842,data/VOCdevkit/VOC2007/JPEGImages/003842.jpg,output/mid_frequency/motion_blur/severity_5/003842.png,voc2007,test,motion_blur,mid,6,5,main,,224,500,1,"[""bottle""]"
003842,data/VOCdevkit/VOC2007/JPEGImages/003842.jpg,output/low_frequency/fog/severity_1/003842.png,voc2007,test,fog,low,7,1,main,,224,500,1,"[""bottle""]"
003842,data/VOCdevkit/VOC2007/JPEGImages/003842.jpg,output/low_frequency/fog/severity_2/003842.png,voc2007,test,fog,low,7,2,main,,224,500,1,"[""bottle""]"
003842,data/VOCdevkit/VOC2007/JPEGImages/003842.jpg,output/low_frequency/fog/severity_3/003842.png,voc2007,test,fog,low,7,3,main,,224,500,1,"[""bottle""]"
003842,data/VOCdevkit/VOC2007/JPEGImages/003842.jpg,output/low_frequency/fog/severity_4/003842.png,voc2007,test,fog,low,7,4,main,,224,500,1,"[""bottle""]"
003842,data/VOCdevkit/VOC2007/JPEGImages/003842.jpg,output/low_frequency/fog/severity_5/003842.png,voc2007,test,fog,low,7,5,main,,224,500,1,"[""bottle""]"
003842,data/VOCdevkit/VOC2007/JPEGImages/003842.jpg,output/low_frequency/contrast/severity_1/003842.png,voc2007,test,contrast,low,8,1,main,,224,500,1,"[""bottle""]"
003842,data/VOCdevkit/VOC2007/JPEGImages/003842.jpg,output/low_frequency/contrast/severity_2/003842.png,voc2007,test,contrast,low,8,2,main,,224,500,1,"[""bottle""]"
003842,data/VOCdevkit/VOC2007/JPEGImages/003842.jpg,output/low_frequency/contrast/severity_3/003842.png,voc2007,test,contrast,low,8,3,main,,224,500,1,"[""bottle""]"
003842,data/VOCdevkit/VOC2007/JPEGImages/003842.jpg,output/low_frequency/contrast/severity_4/003842.png,voc2007,test,contrast,low,8,4,main,,224,500,1,"[""bottle""]"
003842,data/VOCdevkit/VOC2007/JPEGImages/003842.jpg,output/low_frequency/contrast/severity_5/003842.png,voc2007,test,contrast,low,8,5,main,,224,500,1,"[""bottle""]"
008340,data/VOCdevkit/VOC2007/JPEGImages/008340.jpg,output/clean/008340.png,voc2007,test,clean,none,0,0,clean,,500,375,1,"[""dog""]"
008340,data/VOCdevkit/VOC2007/JPEGImages/008340.jpg,output/high_frequency/gaussian_noise/severity_1/008340.png,voc2007,test,gaussian_noise,high,1,1,main,,500,375,1,"[""dog""]"
008340,data/VOCdevkit/VOC2007/JPEGImages/008340.jpg,output/high_frequency/gaussian_noise/severity_2/008340.png,voc2007,test,gaussian_noise,high,1,2,main,,500,375,1,"[""dog""]"
008340,data/VOCdevkit/VOC2007/JPEGImages/008340.jpg,output/high_frequency/gaussian_noise/severity_3/008340.png,voc2007,test,gaussian_noise,high,1,3,main,,500,375,1,"[""dog""]"
008340,data/VOCdevkit/VOC2007/JPEGImages/008340.jpg,output/high_frequency/gaussian_noise/severity_4/008340.png,voc2007,test,gaussian_noise,high,1,4,main,,500,375,1,"[""dog""]"
008340,data/VOCdevkit/VOC2007/JPEGImages/008340.jpg,output/high_frequency/gaussian_noise/severity_5/008340.png,voc2007,test,gaussian_noise,high,1,5,main,,500,375,1,"[""dog""]"
008340,data/VOCdevkit/VOC2007/JPEGImages/008340.jpg,output/high_frequency/shot_noise/severity_1/008340.png,voc2007,test,shot_noise,high,2,1,main,,500,375,1,"[""dog""]"
008340,data/VOCdevkit/VOC2007/JPEGImages/008340.jpg,output/high_frequency/shot_noise/severity_2/008340.png,voc2007,test,shot_noise,high,2,2,main,,500,375,1,"[""dog""]"
008340,data/VOCdevkit/VOC2007/JPEGImages/008340.jpg,output/high_frequency/shot_noise/severity_3/008340.png,voc2007,test,shot_noise,high,2,3,main,,500,375,1,"[""dog""]"
008340,data/VOCdevkit/VOC2007/JPEGImages/008340.jpg,output/high_frequency/shot_noise/severity_4/008340.png,voc2007,test,shot_noise,high,2,4,main,,500,375,1,"[""dog""]"
008340,data/VOCdevkit/VOC2007/JPEGImages/008340.jpg,output/high_frequency/shot_noise/severity_5/008340.png,voc2007,test,shot_noise,high,2,5,main,,500,375,1,"[""dog""]"
008340,data/VOCdevkit/VOC2007/JPEGImages/008340.jpg,output/high_frequency/jpeg_compression/severity_1/008340.png,voc2007,test,jpeg_compression,high,3,1,main,,500,375,1,"[""dog""]"
008340,data/VOCdevkit/VOC2007/JPEGImages/008340.jpg,output/high_frequency/jpeg_compression/severity_2/008340.png,voc2007,test,jpeg_compression,high,3,2,main,,500,375,1,"[""dog""]"
008340,data/VOCdevkit/VOC2007/JPEGImages/008340.jpg,output/high_frequency/jpeg_compression/severity_3/008340.png,voc2007,test,jpeg_compression,high,3,3,main,,500,375,1,"[""dog""]"
008340,data/VOCdevkit/VOC2007/JPEGImages/008340.jpg,output/high_frequency/jpeg_compression/severity_4/008340.png,voc2007,test,jpeg_compression,high,3,4,main,,500,375,1,"[""dog""]"
008340,data/VOCdevkit/VOC2007/JPEGImages/008340.jpg,output/high_frequency/jpeg_compression/severity_5/008340.png,voc2007,test,jpeg_compression,high,3,5,main,,500,375,1,"[""dog""]"
008340,data/VOCdevkit/VOC2007/JPEGImages/008340.jpg,output/mid_frequency/pixelate/severity_1/008340.png,voc2007,test,pixelate,mid,4,1,main,,500,375,1,"[""dog""]"
008340,data/VOCdevkit/VOC2007/JPEGImages/008340.jpg,output/mid_frequency/pixelate/severity_2/008340.png,voc2007,test,pixelate,mid,4,2,main,,500,375,1,"[""dog""]"
008340,data/VOCdevkit/VOC2007/JPEGImages/008340.jpg,output/mid_frequency/pixelate/severity_3/008340.png,voc2007,test,pixelate,mid,4,3,main,,500,375,1,"[""dog""]"
008340,data/VOCdevkit/VOC2007/JPEGImages/008340.jpg,output/mid_frequency/pixelate/severity_4/008340.png,voc2007,test,pixelate,mid,4,4,main,,500,375,1,"[""dog""]"
008340,data/VOCdevkit/VOC2007/JPEGImages/008340.jpg,output/mid_frequency/pixelate/severity_5/008340.png,voc2007,test,pixelate,mid,4,5,main,,500,375,1,"[""dog""]"
008340,data/VOCdevkit/VOC2007/JPEGImages/008340.jpg,output/mid_frequency/defocus_blur/severity_1/008340.png,voc2007,test,defocus_blur,mid,5,1,main,,500,375,1,"[""dog""]"
008340,data/VOCdevkit/VOC2007/JPEGImages/008340.jpg,output/mid_frequency/defocus_blur/severity_2/008340.png,voc2007,test,defocus_blur,mid,5,2,main,,500,375,1,"[""dog""]"
008340,data/VOCdevkit/VOC2007/JPEGImages/008340.jpg,output/mid_frequency/defocus_blur/severity_3/008340.png,voc2007,test,defocus_blur,mid,5,3,main,,500,375,1,"[""dog""]"
008340,data/VOCdevkit/VOC2007/JPEGImages/008340.jpg,output/mid_frequency/defocus_blur/severity_4/008340.png,voc2007,test,defocus_blur,mid,5,4,main,,500,375,1,"[""dog""]"
008340,data/VOCdevkit/VOC2007/JPEGImages/008340.jpg,output/mid_frequency/defocus_blur/severity_5/008340.png,voc2007,test,defocus_blur,mid,5,5,main,,500,375,1,"[""dog""]"
008340,data/VOCdevkit/VOC2007/JPEGImages/008340.jpg,output/mid_frequency/motion_blur/severity_1/008340.png,voc2007,test,motion_blur,mid,6,1,main,,500,375,1,"[""dog""]"
008340,data/VOCdevkit/VOC2007/JPEGImages/008340.jpg,output/mid_frequency/motion_blur/severity_2/008340.png,voc2007,test,motion_blur,mid,6,2,main,,500,375,1,"[""dog""]"
008340,data/VOCdevkit/VOC2007/JPEGImages/008340.jpg,output/mid_frequency/motion_blur/severity_3/008340.png,voc2007,test,motion_blur,mid,6,3,main,,500,375,1,"[""dog""]"
008340,data/VOCdevkit/VOC2007/JPEGImages/008340.jpg,output/mid_frequency/motion_blur/severity_4/008340.png,voc2007,test,motion_blur,mid,6,4,main,,500,375,1,"[""dog""]"
008340,data/VOCdevkit/VOC2007/JPEGImages/008340.jpg,output/mid_frequency/motion_blur/severity_5/008340.png,voc2007,test,motion_blur,mid,6,5,main,,500,375,1,"[""dog""]"
008340,data/VOCdevkit/VOC2007/JPEGImages/008340.jpg,output/low_frequency/fog/severity_1/008340.png,voc2007,test,fog,low,7,1,main,,500,375,1,"[""dog""]"
008340,data/VOCdevkit/VOC2007/JPEGImages/008340.jpg,output/low_frequency/fog/severity_2/008340.png,voc2007,test,fog,low,7,2,main,,500,375,1,"[""dog""]"
008340,data/VOCdevkit/VOC2007/JPEGImages/008340.jpg,output/low_frequency/fog/severity_3/008340.png,voc2007,test,fog,low,7,3,main,,500,375,1,"[""dog""]"
008340,data/VOCdevkit/VOC2007/JPEGImages/008340.jpg,output/low_frequency/fog/severity_4/008340.png,voc2007,test,fog,low,7,4,main,,500,375,1,"[""dog""]"
008340,data/VOCdevkit/VOC2007/JPEGImages/008340.jpg,output/low_frequency/fog/severity_5/008340.png,voc2007,test,fog,low,7,5,main,,500,375,1,"[""dog""]"
008340,data/VOCdevkit/VOC2007/JPEGImages/008340.jpg,output/low_frequency/contrast/severity_1/008340.png,voc2007,test,contrast,low,8,1,main,,500,375,1,"[""dog""]"
008340,data/VOCdevkit/VOC2007/JPEGImages/008340.jpg,output/low_frequency/contrast/severity_2/008340.png,voc2007,test,contrast,low,8,2,main,,500,375,1,"[""dog""]"
008340,data/VOCdevkit/VOC2007/JPEGImages/008340.jpg,output/low_frequency/contrast/severity_3/008340.png,voc2007,test,contrast,low,8,3,main,,500,375,1,"[""dog""]"
008340,data/VOCdevkit/VOC2007/JPEGImages/008340.jpg,output/low_frequency/contrast/severity_4/008340.png,voc2007,test,contrast,low,8,4,main,,500,375,1,"[""dog""]"
008340,data/VOCdevkit/VOC2007/JPEGImages/008340.jpg,output/low_frequency/contrast/severity_5/008340.png,voc2007,test,contrast,low,8,5,main,,500,375,1,"[""dog""]"
009925,data/VOCdevkit/VOC2007/JPEGImages/009925.jpg,output/clean/009925.png,voc2007,test,clean,none,0,0,clean,,500,354,1,"[""pottedplant""]"
009925,data/VOCdevkit/VOC2007/JPEGImages/009925.jpg,output/high_frequency/gaussian_noise/severity_1/009925.png,voc2007,test,gaussian_noise,high,1,1,main,,500,354,1,"[""pottedplant""]"
009925,data/VOCdevkit/VOC2007/JPEGImages/009925.jpg,output/high_frequency/gaussian_noise/severity_2/009925.png,voc2007,test,gaussian_noise,high,1,2,main,,500,354,1,"[""pottedplant""]"
009925,data/VOCdevkit/VOC2007/JPEGImages/009925.jpg,output/high_frequency/gaussian_noise/severity_3/009925.png,voc2007,test,gaussian_noise,high,1,3,main,,500,354,1,"[""pottedplant""]"
009925,data/VOCdevkit/VOC2007/JPEGImages/009925.jpg,output/high_frequency/gaussian_noise/severity_4/009925.png,voc2007,test,gaussian_noise,high,1,4,main,,500,354,1,"[""pottedplant""]"
009925,data/VOCdevkit/VOC2007/JPEGImages/009925.jpg,output/high_frequency/gaussian_noise/severity_5/009925.png,voc2007,test,gaussian_noise,high,1,5,main,,500,354,1,"[""pottedplant""]"
009925,data/VOCdevkit/VOC2007/JPEGImages/009925.jpg,output/high_frequency/shot_noise/severity_1/009925.png,voc2007,test,shot_noise,high,2,1,main,,500,354,1,"[""pottedplant""]"
009925,data/VOCdevkit/VOC2007/JPEGImages/009925.jpg,output/high_frequency/shot_noise/severity_2/009925.png,voc2007,test,shot_noise,high,2,2,main,,500,354,1,"[""pottedplant""]"
009925,data/VOCdevkit/VOC2007/JPEGImages/009925.jpg,output/high_frequency/shot_noise/severity_3/009925.png,voc2007,test,shot_noise,high,2,3,main,,500,354,1,"[""pottedplant""]"
009925,data/VOCdevkit/VOC2007/JPEGImages/009925.jpg,output/high_frequency/shot_noise/severity_4/009925.png,voc2007,test,shot_noise,high,2,4,main,,500,354,1,"[""pottedplant""]"
009925,data/VOCdevkit/VOC2007/JPEGImages/009925.jpg,output/high_frequency/shot_noise/severity_5/009925.png,voc2007,test,shot_noise,high,2,5,main,,500,354,1,"[""pottedplant""]"
009925,data/VOCdevkit/VOC2007/JPEGImages/009925.jpg,output/high_frequency/jpeg_compression/severity_1/009925.png,voc2007,test,jpeg_compression,high,3,1,main,,500,354,1,"[""pottedplant""]"
009925,data/VOCdevkit/VOC2007/JPEGImages/009925.jpg,output/high_frequency/jpeg_compression/severity_2/009925.png,voc2007,test,jpeg_compression,high,3,2,main,,500,354,1,"[""pottedplant""]"
009925,data/VOCdevkit/VOC2007/JPEGImages/009925.jpg,output/high_frequency/jpeg_compression/severity_3/009925.png,voc2007,test,jpeg_compression,high,3,3,main,,500,354,1,"[""pottedplant""]"
009925,data/VOCdevkit/VOC2007/JPEGImages/009925.jpg,output/high_frequency/jpeg_compression/severity_4/009925.png,voc2007,test,jpeg_compression,high,3,4,main,,500,354,1,"[""pottedplant""]"
009925,data/VOCdevkit/VOC2007/JPEGImages/009925.jpg,output/high_frequency/jpeg_compression/severity_5/009925.png,voc2007,test,jpeg_compression,high,3,5,main,,500,354,1,"[""pottedplant""]"
009925,data/VOCdevkit/VOC2007/JPEGImages/009925.jpg,output/mid_frequency/pixelate/severity_1/009925.png,voc2007,test,pixelate,mid,4,1,main,,500,354,1,"[""pottedplant""]"
009925,data/VOCdevkit/VOC2007/JPEGImages/009925.jpg,output/mid_frequency/pixelate/severity_2/009925.png,voc2007,test,pixelate,mid,4,2,main,,500,354,1,"[""pottedplant""]"
009925,data/VOCdevkit/VOC2007/JPEGImages/009925.jpg,output/mid_frequency/pixelate/severity_3/009925.png,voc2007,test,pixelate,mid,4,3,main,,500,354,1,"[""pottedplant""]"
009925,data/VOCdevkit/VOC2007/JPEGImages/009925.jpg,output/mid_frequency/pixelate/severity_4/009925.png,voc2007,test,pixelate,mid,4,4,main,,500,354,1,"[""pottedplant""]"
009925,data/VOCdevkit/VOC2007/JPEGImages/009925.jpg,output/mid_frequency/pixelate/severity_5/009925.png,voc2007,test,pixelate,mid,4,5,main,,500,354,1,"[""pottedplant""]"
009925,data/VOCdevkit/VOC2007/JPEGImages/009925.jpg,output/mid_frequency/defocus_blur/severity_1/009925.png,voc2007,test,defocus_blur,mid,5,1,main,,500,354,1,"[""pottedplant""]"
009925,data/VOCdevkit/VOC2007/JPEGImages/009925.jpg,output/mid_frequency/defocus_blur/severity_2/009925.png,voc2007,test,defocus_blur,mid,5,2,main,,500,354,1,"[""pottedplant""]"
009925,data/VOCdevkit/VOC2007/JPEGImages/009925.jpg,output/mid_frequency/defocus_blur/severity_3/009925.png,voc2007,test,defocus_blur,mid,5,3,main,,500,354,1,"[""pottedplant""]"
009925,data/VOCdevkit/VOC2007/JPEGImages/009925.jpg,output/mid_frequency/defocus_blur/severity_4/009925.png,voc2007,test,defocus_blur,mid,5,4,main,,500,354,1,"[""pottedplant""]"
009925,data/VOCdevkit/VOC2007/JPEGImages/009925.jpg,output/mid_frequency/defocus_blur/severity_5/009925.png,voc2007,test,defocus_blur,mid,5,5,main,,500,354,1,"[""pottedplant""]"
009925,data/VOCdevkit/VOC2007/JPEGImages/009925.jpg,output/mid_frequency/motion_blur/severity_1/009925.png,voc2007,test,motion_blur,mid,6,1,main,,500,354,1,"[""pottedplant""]"
009925,data/VOCdevkit/VOC2007/JPEGImages/009925.jpg,output/mid_frequency/motion_blur/severity_2/009925.png,voc2007,test,motion_blur,mid,6,2,main,,500,354,1,"[""pottedplant""]"
009925,data/VOCdevkit/VOC2007/JPEGImages/009925.jpg,output/mid_frequency/motion_blur/severity_3/009925.png,voc2007,test,motion_blur,mid,6,3,main,,500,354,1,"[""pottedplant""]"
009925,data/VOCdevkit/VOC2007/JPEGImages/009925.jpg,output/mid_frequency/motion_blur/severity_4/009925.png,voc2007,test,motion_blur,mid,6,4,main,,500,354,1,"[""pottedplant""]"
009925,data/VOCdevkit/VOC2007/JPEGImages/009925.jpg,output/mid_frequency/motion_blur/severity_5/009925.png,voc2007,test,motion_blur,mid,6,5,main,,500,354,1,"[""pottedplant""]"
009925,data/VOCdevkit/VOC2007/JPEGImages/009925.jpg,output/low_frequency/fog/severity_1/009925.png,voc2007,test,fog,low,7,1,main,,500,354,1,"[""pottedplant""]"
009925,data/VOCdevkit/VOC2007/JPEGImages/009925.jpg,output/low_frequency/fog/severity_2/009925.png,voc2007,test,fog,low,7,2,main,,500,354,1,"[""pottedplant""]"
009925,data/VOCdevkit/VOC2007/JPEGImages/009925.jpg,output/low_frequency/fog/severity_3/009925.png,voc2007,test,fog,low,7,3,main,,500,354,1,"[""pottedplant""]"
009925,data/VOCdevkit/VOC2007/JPEGImages/009925.jpg,output/low_frequency/fog/severity_4/009925.png,voc2007,test,fog,low,7,4,main,,500,354,1,"[""pottedplant""]"
009925,data/VOCdevkit/VOC2007/JPEGImages/009925.jpg,output/low_frequency/fog/severity_5/009925.png,voc2007,test,fog,low,7,5,main,,500,354,1,"[""pottedplant""]"
009925,data/VOCdevkit/VOC2007/JPEGImages/009925.jpg,output/low_frequency/contrast/severity_1/009925.png,voc2007,test,contrast,low,8,1,main,,500,354,1,"[""pottedplant""]"
009925,data/VOCdevkit/VOC2007/JPEGImages/009925.jpg,output/low_frequency/contrast/severity_2/009925.png,voc2007,test,contrast,low,8,2,main,,500,354,1,"[""pottedplant""]"
009925,data/VOCdevkit/VOC2007/JPEGImages/009925.jpg,output/low_frequency/contrast/severity_3/009925.png,voc2007,test,contrast,low,8,3,main,,500,354,1,"[""pottedplant""]"
009925,data/VOCdevkit/VOC2007/JPEGImages/009925.jpg,output/low_frequency/contrast/severity_4/009925.png,voc2007,test,contrast,low,8,4,main,,500,354,1,"[""pottedplant""]"
009925,data/VOCdevkit/VOC2007/JPEGImages/009925.jpg,output/low_frequency/contrast/severity_5/009925.png,voc2007,test,contrast,low,8,5,main,,500,354,1,"[""pottedplant""]"
000426,data/VOCdevkit/VOC2007/JPEGImages/000426.jpg,output/clean/000426.png,voc2007,test,clean,none,0,0,clean,,500,375,1,"[""bird""]"
000426,data/VOCdevkit/VOC2007/JPEGImages/000426.jpg,output/high_frequency/gaussian_noise/severity_1/000426.png,voc2007,test,gaussian_noise,high,1,1,main,,500,375,1,"[""bird""]"
000426,data/VOCdevkit/VOC2007/JPEGImages/000426.jpg,output/high_frequency/gaussian_noise/severity_2/000426.png,voc2007,test,gaussian_noise,high,1,2,main,,500,375,1,"[""bird""]"
000426,data/VOCdevkit/VOC2007/JPEGImages/000426.jpg,output/high_frequency/gaussian_noise/severity_3/000426.png,voc2007,test,gaussian_noise,high,1,3,main,,500,375,1,"[""bird""]"
000426,data/VOCdevkit/VOC2007/JPEGImages/000426.jpg,output/high_frequency/gaussian_noise/severity_4/000426.png,voc2007,test,gaussian_noise,high,1,4,main,,500,375,1,"[""bird""]"
000426,data/VOCdevkit/VOC2007/JPEGImages/000426.jpg,output/high_frequency/gaussian_noise/severity_5/000426.png,voc2007,test,gaussian_noise,high,1,5,main,,500,375,1,"[""bird""]"
000426,data/VOCdevkit/VOC2007/JPEGImages/000426.jpg,output/high_frequency/shot_noise/severity_1/000426.png,voc2007,test,shot_noise,high,2,1,main,,500,375,1,"[""bird""]"
000426,data/VOCdevkit/VOC2007/JPEGImages/000426.jpg,output/high_frequency/shot_noise/severity_2/000426.png,voc2007,test,shot_noise,high,2,2,main,,500,375,1,"[""bird""]"
000426,data/VOCdevkit/VOC2007/JPEGImages/000426.jpg,output/high_frequency/shot_noise/severity_3/000426.png,voc2007,test,shot_noise,high,2,3,main,,500,375,1,"[""bird""]"
000426,data/VOCdevkit/VOC2007/JPEGImages/000426.jpg,output/high_frequency/shot_noise/severity_4/000426.png,voc2007,test,shot_noise,high,2,4,main,,500,375,1,"[""bird""]"
000426,data/VOCdevkit/VOC2007/JPEGImages/000426.jpg,output/high_frequency/shot_noise/severity_5/000426.png,voc2007,test,shot_noise,high,2,5,main,,500,375,1,"[""bird""]"
000426,data/VOCdevkit/VOC2007/JPEGImages/000426.jpg,output/high_frequency/jpeg_compression/severity_1/000426.png,voc2007,test,jpeg_compression,high,3,1,main,,500,375,1,"[""bird""]"
000426,data/VOCdevkit/VOC2007/JPEGImages/000426.jpg,output/high_frequency/jpeg_compression/severity_2/000426.png,voc2007,test,jpeg_compression,high,3,2,main,,500,375,1,"[""bird""]"
000426,data/VOCdevkit/VOC2007/JPEGImages/000426.jpg,output/high_frequency/jpeg_compression/severity_3/000426.png,voc2007,test,jpeg_compression,high,3,3,main,,500,375,1,"[""bird""]"
000426,data/VOCdevkit/VOC2007/JPEGImages/000426.jpg,output/high_frequency/jpeg_compression/severity_4/000426.png,voc2007,test,jpeg_compression,high,3,4,main,,500,375,1,"[""bird""]"
000426,data/VOCdevkit/VOC2007/JPEGImages/000426.jpg,output/high_frequency/jpeg_compression/severity_5/000426.png,voc2007,test,jpeg_compression,high,3,5,main,,500,375,1,"[""bird""]"
000426,data/VOCdevkit/VOC2007/JPEGImages/000426.jpg,output/mid_frequency/pixelate/severity_1/000426.png,voc2007,test,pixelate,mid,4,1,main,,500,375,1,"[""bird""]"
000426,data/VOCdevkit/VOC2007/JPEGImages/000426.jpg,output/mid_frequency/pixelate/severity_2/000426.png,voc2007,test,pixelate,mid,4,2,main,,500,375,1,"[""bird""]"
000426,data/VOCdevkit/VOC2007/JPEGImages/000426.jpg,output/mid_frequency/pixelate/severity_3/000426.png,voc2007,test,pixelate,mid,4,3,main,,500,375,1,"[""bird""]"
000426,data/VOCdevkit/VOC2007/JPEGImages/000426.jpg,output/mid_frequency/pixelate/severity_4/000426.png,voc2007,test,pixelate,mid,4,4,main,,500,375,1,"[""bird""]"
000426,data/VOCdevkit/VOC2007/JPEGImages/000426.jpg,output/mid_frequency/pixelate/severity_5/000426.png,voc2007,test,pixelate,mid,4,5,main,,500,375,1,"[""bird""]"
000426,data/VOCdevkit/VOC2007/JPEGImages/000426.jpg,output/mid_frequency/defocus_blur/severity_1/000426.png,voc2007,test,defocus_blur,mid,5,1,main,,500,375,1,"[""bird""]"
000426,data/VOCdevkit/VOC2007/JPEGImages/000426.jpg,output/mid_frequency/defocus_blur/severity_2/000426.png,voc2007,test,defocus_blur,mid,5,2,main,,500,375,1,"[""bird""]"
000426,data/VOCdevkit/VOC2007/JPEGImages/000426.jpg,output/mid_frequency/defocus_blur/severity_3/000426.png,voc2007,test,defocus_blur,mid,5,3,main,,500,375,1,"[""bird""]"
000426,data/VOCdevkit/VOC2007/JPEGImages/000426.jpg,output/mid_frequency/defocus_blur/severity_4/000426.png,voc2007,test,defocus_blur,mid,5,4,main,,500,375,1,"[""bird""]"
000426,data/VOCdevkit/VOC2007/JPEGImages/000426.jpg,output/mid_frequency/defocus_blur/severity_5/000426.png,voc2007,test,defocus_blur,mid,5,5,main,,500,375,1,"[""bird""]"
000426,data/VOCdevkit/VOC2007/JPEGImages/000426.jpg,output/mid_frequency/motion_blur/severity_1/000426.png,voc2007,test,motion_blur,mid,6,1,main,,500,375,1,"[""bird""]"
000426,data/VOCdevkit/VOC2007/JPEGImages/000426.jpg,output/mid_frequency/motion_blur/severity_2/000426.png,voc2007,test,motion_blur,mid,6,2,main,,500,375,1,"[""bird""]"
000426,data/VOCdevkit/VOC2007/JPEGImages/000426.jpg,output/mid_frequency/motion_blur/severity_3/000426.png,voc2007,test,motion_blur,mid,6,3,main,,500,375,1,"[""bird""]"
000426,data/VOCdevkit/VOC2007/JPEGImages/000426.jpg,output/mid_frequency/motion_blur/severity_4/000426.png,voc2007,test,motion_blur,mid,6,4,main,,500,375,1,"[""bird""]"
000426,data/VOCdevkit/VOC2007/JPEGImages/000426.jpg,output/mid_frequency/motion_blur/severity_5/000426.png,voc2007,test,motion_blur,mid,6,5,main,,500,375,1,"[""bird""]"
000426,data/VOCdevkit/VOC2007/JPEGImages/000426.jpg,output/low_frequency/fog/severity_1/000426.png,voc2007,test,fog,low,7,1,main,,500,375,1,"[""bird""]"
000426,data/VOCdevkit/VOC2007/JPEGImages/000426.jpg,output/low_frequency/fog/severity_2/000426.png,voc2007,test,fog,low,7,2,main,,500,375,1,"[""bird""]"
000426,data/VOCdevkit/VOC2007/JPEGImages/000426.jpg,output/low_frequency/fog/severity_3/000426.png,voc2007,test,fog,low,7,3,main,,500,375,1,"[""bird""]"
000426,data/VOCdevkit/VOC2007/JPEGImages/000426.jpg,output/low_frequency/fog/severity_4/000426.png,voc2007,test,fog,low,7,4,main,,500,375,1,"[""bird""]"
000426,data/VOCdevkit/VOC2007/JPEGImages/000426.jpg,output/low_frequency/fog/severity_5/000426.png,voc2007,test,fog,low,7,5,main,,500,375,1,"[""bird""]"
000426,data/VOCdevkit/VOC2007/JPEGImages/000426.jpg,output/low_frequency/contrast/severity_1/000426.png,voc2007,test,contrast,low,8,1,main,,500,375,1,"[""bird""]"
000426,data/VOCdevkit/VOC2007/JPEGImages/000426.jpg,output/low_frequency/contrast/severity_2/000426.png,voc2007,test,contrast,low,8,2,main,,500,375,1,"[""bird""]"
000426,data/VOCdevkit/VOC2007/JPEGImages/000426.jpg,output/low_frequency/contrast/severity_3/000426.png,voc2007,test,contrast,low,8,3,main,,500,375,1,"[""bird""]"
000426,data/VOCdevkit/VOC2007/JPEGImages/000426.jpg,output/low_frequency/contrast/severity_4/000426.png,voc2007,test,contrast,low,8,4,main,,500,375,1,"[""bird""]"
000426,data/VOCdevkit/VOC2007/JPEGImages/000426.jpg,output/low_frequency/contrast/severity_5/000426.png,voc2007,test,contrast,low,8,5,main,,500,375,1,"[""bird""]"
009228,data/VOCdevkit/VOC2007/JPEGImages/009228.jpg,output/clean/009228.png,voc2007,test,clean,none,0,0,clean,,500,354,2,"[""bicycle"", ""person""]"
009228,data/VOCdevkit/VOC2007/JPEGImages/009228.jpg,output/high_frequency/gaussian_noise/severity_1/009228.png,voc2007,test,gaussian_noise,high,1,1,main,,500,354,2,"[""bicycle"", ""person""]"
009228,data/VOCdevkit/VOC2007/JPEGImages/009228.jpg,output/high_frequency/gaussian_noise/severity_2/009228.png,voc2007,test,gaussian_noise,high,1,2,main,,500,354,2,"[""bicycle"", ""person""]"
009228,data/VOCdevkit/VOC2007/JPEGImages/009228.jpg,output/high_frequency/gaussian_noise/severity_3/009228.png,voc2007,test,gaussian_noise,high,1,3,main,,500,354,2,"[""bicycle"", ""person""]"
009228,data/VOCdevkit/VOC2007/JPEGImages/009228.jpg,output/high_frequency/gaussian_noise/severity_4/009228.png,voc2007,test,gaussian_noise,high,1,4,main,,500,354,2,"[""bicycle"", ""person""]"
009228,data/VOCdevkit/VOC2007/JPEGImages/009228.jpg,output/high_frequency/gaussian_noise/severity_5/009228.png,voc2007,test,gaussian_noise,high,1,5,main,,500,354,2,"[""bicycle"", ""person""]"
009228,data/VOCdevkit/VOC2007/JPEGImages/009228.jpg,output/high_frequency/shot_noise/severity_1/009228.png,voc2007,test,shot_noise,high,2,1,main,,500,354,2,"[""bicycle"", ""person""]"
009228,data/VOCdevkit/VOC2007/JPEGImages/009228.jpg,output/high_frequency/shot_noise/severity_2/009228.png,voc2007,test,shot_noise,high,2,2,main,,500,354,2,"[""bicycle"", ""person""]"
009228,data/VOCdevkit/VOC2007/JPEGImages/009228.jpg,output/high_frequency/shot_noise/severity_3/009228.png,voc2007,test,shot_noise,high,2,3,main,,500,354,2,"[""bicycle"", ""person""]"
009228,data/VOCdevkit/VOC2007/JPEGImages/009228.jpg,output/high_frequency/shot_noise/severity_4/009228.png,voc2007,test,shot_noise,high,2,4,main,,500,354,2,"[""bicycle"", ""person""]"
009228,data/VOCdevkit/VOC2007/JPEGImages/009228.jpg,output/high_frequency/shot_noise/severity_5/009228.png,voc2007,test,shot_noise,high,2,5,main,,500,354,2,"[""bicycle"", ""person""]"
009228,data/VOCdevkit/VOC2007/JPEGImages/009228.jpg,output/high_frequency/jpeg_compression/severity_1/009228.png,voc2007,test,jpeg_compression,high,3,1,main,,500,354,2,"[""bicycle"", ""person""]"
009228,data/VOCdevkit/VOC2007/JPEGImages/009228.jpg,output/high_frequency/jpeg_compression/severity_2/009228.png,voc2007,test,jpeg_compression,high,3,2,main,,500,354,2,"[""bicycle"", ""person""]"
009228,data/VOCdevkit/VOC2007/JPEGImages/009228.jpg,output/high_frequency/jpeg_compression/severity_3/009228.png,voc2007,test,jpeg_compression,high,3,3,main,,500,354,2,"[""bicycle"", ""person""]"
009228,data/VOCdevkit/VOC2007/JPEGImages/009228.jpg,output/high_frequency/jpeg_compression/severity_4/009228.png,voc2007,test,jpeg_compression,high,3,4,main,,500,354,2,"[""bicycle"", ""person""]"
009228,data/VOCdevkit/VOC2007/JPEGImages/009228.jpg,output/high_frequency/jpeg_compression/severity_5/009228.png,voc2007,test,jpeg_compression,high,3,5,main,,500,354,2,"[""bicycle"", ""person""]"
009228,data/VOCdevkit/VOC2007/JPEGImages/009228.jpg,output/mid_frequency/pixelate/severity_1/009228.png,voc2007,test,pixelate,mid,4,1,main,,500,354,2,"[""bicycle"", ""person""]"
009228,data/VOCdevkit/VOC2007/JPEGImages/009228.jpg,output/mid_frequency/pixelate/severity_2/009228.png,voc2007,test,pixelate,mid,4,2,main,,500,354,2,"[""bicycle"", ""person""]"
009228,data/VOCdevkit/VOC2007/JPEGImages/009228.jpg,output/mid_frequency/pixelate/severity_3/009228.png,voc2007,test,pixelate,mid,4,3,main,,500,354,2,"[""bicycle"", ""person""]"
009228,data/VOCdevkit/VOC2007/JPEGImages/009228.jpg,output/mid_frequency/pixelate/severity_4/009228.png,voc2007,test,pixelate,mid,4,4,main,,500,354,2,"[""bicycle"", ""person""]"
009228,data/VOCdevkit/VOC2007/JPEGImages/009228.jpg,output/mid_frequency/pixelate/severity_5/009228.png,voc2007,test,pixelate,mid,4,5,main,,500,354,2,"[""bicycle"", ""person""]"
009228,data/VOCdevkit/VOC2007/JPEGImages/009228.jpg,output/mid_frequency/defocus_blur/severity_1/009228.png,voc2007,test,defocus_blur,mid,5,1,main,,500,354,2,"[""bicycle"", ""person""]"
009228,data/VOCdevkit/VOC2007/JPEGImages/009228.jpg,output/mid_frequency/defocus_blur/severity_2/009228.png,voc2007,test,defocus_blur,mid,5,2,main,,500,354,2,"[""bicycle"", ""person""]"
009228,data/VOCdevkit/VOC2007/JPEGImages/009228.jpg,output/mid_frequency/defocus_blur/severity_3/009228.png,voc2007,test,defocus_blur,mid,5,3,main,,500,354,2,"[""bicycle"", ""person""]"
009228,data/VOCdevkit/VOC2007/JPEGImages/009228.jpg,output/mid_frequency/defocus_blur/severity_4/009228.png,voc2007,test,defocus_blur,mid,5,4,main,,500,354,2,"[""bicycle"", ""person""]"
009228,data/VOCdevkit/VOC2007/JPEGImages/009228.jpg,output/mid_frequency/defocus_blur/severity_5/009228.png,voc2007,test,defocus_blur,mid,5,5,main,,500,354,2,"[""bicycle"", ""person""]"
009228,data/VOCdevkit/VOC2007/JPEGImages/009228.jpg,output/mid_frequency/motion_blur/severity_1/009228.png,voc2007,test,motion_blur,mid,6,1,main,,500,354,2,"[""bicycle"", ""person""]"
009228,data/VOCdevkit/VOC2007/JPEGImages/009228.jpg,output/mid_frequency/motion_blur/severity_2/009228.png,voc2007,test,motion_blur,mid,6,2,main,,500,354,2,"[""bicycle"", ""person""]"
009228,data/VOCdevkit/VOC2007/JPEGImages/009228.jpg,output/mid_frequency/motion_blur/severity_3/009228.png,voc2007,test,motion_blur,mid,6,3,main,,500,354,2,"[""bicycle"", ""person""]"
009228,data/VOCdevkit/VOC2007/JPEGImages/009228.jpg,output/mid_frequency/motion_blur/severity_4/009228.png,voc2007,test,motion_blur,mid,6,4,main,,500,354,2,"[""bicycle"", ""person""]"
009228,data/VOCdevkit/VOC2007/JPEGImages/009228.jpg,output/mid_frequency/motion_blur/severity_5/009228.png,voc2007,test,motion_blur,mid,6,5,main,,500,354,2,"[""bicycle"", ""person""]"
009228,data/VOCdevkit/VOC2007/JPEGImages/009228.jpg,output/low_frequency/fog/severity_1/009228.png,voc2007,test,fog,low,7,1,main,,500,354,2,"[""bicycle"", ""person""]"
009228,data/VOCdevkit/VOC2007/JPEGImages/009228.jpg,output/low_frequency/fog/severity_2/009228.png,voc2007,test,fog,low,7,2,main,,500,354,2,"[""bicycle"", ""person""]"
009228,data/VOCdevkit/VOC2007/JPEGImages/009228.jpg,output/low_frequency/fog/severity_3/009228.png,voc2007,test,fog,low,7,3,main,,500,354,2,"[""bicycle"", ""person""]"
009228,data/VOCdevkit/VOC2007/JPEGImages/009228.jpg,output/low_frequency/fog/severity_4/009228.png,voc2007,test,fog,low,7,4,main,,500,354,2,"[""bicycle"", ""person""]"
009228,data/VOCdevkit/VOC2007/JPEGImages/009228.jpg,output/low_frequency/fog/severity_5/009228.png,voc2007,test,fog,low,7,5,main,,500,354,2,"[""bicycle"", ""person""]"
009228,data/VOCdevkit/VOC2007/JPEGImages/009228.jpg,output/low_frequency/contrast/severity_1/009228.png,voc2007,test,contrast,low,8,1,main,,500,354,2,"[""bicycle"", ""person""]"
009228,data/VOCdevkit/VOC2007/JPEGImages/009228.jpg,output/low_frequency/contrast/severity_2/009228.png,voc2007,test,contrast,low,8,2,main,,500,354,2,"[""bicycle"", ""person""]"
009228,data/VOCdevkit/VOC2007/JPEGImages/009228.jpg,output/low_frequency/contrast/severity_3/009228.png,voc2007,test,contrast,low,8,3,main,,500,354,2,"[""bicycle"", ""person""]"
009228,data/VOCdevkit/VOC2007/JPEGImages/009228.jpg,output/low_frequency/contrast/severity_4/009228.png,voc2007,test,contrast,low,8,4,main,,500,354,2,"[""bicycle"", ""person""]"
009228,data/VOCdevkit/VOC2007/JPEGImages/009228.jpg,output/low_frequency/contrast/severity_5/009228.png,voc2007,test,contrast,low,8,5,main,,500,354,2,"[""bicycle"", ""person""]"
003287,data/VOCdevkit/VOC2007/JPEGImages/003287.jpg,output/clean/003287.png,voc2007,test,clean,none,0,0,clean,,336,267,1,"[""cat""]"
003287,data/VOCdevkit/VOC2007/JPEGImages/003287.jpg,output/high_frequency/gaussian_noise/severity_1/003287.png,voc2007,test,gaussian_noise,high,1,1,main,,336,267,1,"[""cat""]"
003287,data/VOCdevkit/VOC2007/JPEGImages/003287.jpg,output/high_frequency/gaussian_noise/severity_2/003287.png,voc2007,test,gaussian_noise,high,1,2,main,,336,267,1,"[""cat""]"
003287,data/VOCdevkit/VOC2007/JPEGImages/003287.jpg,output/high_frequency/gaussian_noise/severity_3/003287.png,voc2007,test,gaussian_noise,high,1,3,main,,336,267,1,"[""cat""]"
003287,data/VOCdevkit/VOC2007/JPEGImages/003287.jpg,output/high_frequency/gaussian_noise/severity_4/003287.png,voc2007,test,gaussian_noise,high,1,4,main,,336,267,1,"[""cat""]"
003287,data/VOCdevkit/VOC2007/JPEGImages/003287.jpg,output/high_frequency/gaussian_noise/severity_5/003287.png,voc2007,test,gaussian_noise,high,1,5,main,,336,267,1,"[""cat""]"
003287,data/VOCdevkit/VOC2007/JPEGImages/003287.jpg,output/high_frequency/shot_noise/severity_1/003287.png,voc2007,test,shot_noise,high,2,1,main,,336,267,1,"[""cat""]"
003287,data/VOCdevkit/VOC2007/JPEGImages/003287.jpg,output/high_frequency/shot_noise/severity_2/003287.png,voc2007,test,shot_noise,high,2,2,main,,336,267,1,"[""cat""]"
003287,data/VOCdevkit/VOC2007/JPEGImages/003287.jpg,output/high_frequency/shot_noise/severity_3/003287.png,voc2007,test,shot_noise,high,2,3,main,,336,267,1,"[""cat""]"
003287,data/VOCdevkit/VOC2007/JPEGImages/003287.jpg,output/high_frequency/shot_noise/severity_4/003287.png,voc2007,test,shot_noise,high,2,4,main,,336,267,1,"[""cat""]"
003287,data/VOCdevkit/VOC2007/JPEGImages/003287.jpg,output/high_frequency/shot_noise/severity_5/003287.png,voc2007,test,shot_noise,high,2,5,main,,336,267,1,"[""cat""]"
003287,data/VOCdevkit/VOC2007/JPEGImages/003287.jpg,output/high_frequency/jpeg_compression/severity_1/003287.png,voc2007,test,jpeg_compression,high,3,1,main,,336,267,1,"[""cat""]"
003287,data/VOCdevkit/VOC2007/JPEGImages/003287.jpg,output/high_frequency/jpeg_compression/severity_2/003287.png,voc2007,test,jpeg_compression,high,3,2,main,,336,267,1,"[""cat""]"
003287,data/VOCdevkit/VOC2007/JPEGImages/003287.jpg,output/high_frequency/jpeg_compression/severity_3/003287.png,voc2007,test,jpeg_compression,high,3,3,main,,336,267,1,"[""cat""]"
003287,data/VOCdevkit/VOC2007/JPEGImages/003287.jpg,output/high_frequency/jpeg_compression/severity_4/003287.png,voc2007,test,jpeg_compression,high,3,4,main,,336,267,1,"[""cat""]"
003287,data/VOCdevkit/VOC2007/JPEGImages/003287.jpg,output/high_frequency/jpeg_compression/severity_5/003287.png,voc2007,test,jpeg_compression,high,3,5,main,,336,267,1,"[""cat""]"
003287,data/VOCdevkit/VOC2007/JPEGImages/003287.jpg,output/mid_frequency/pixelate/severity_1/003287.png,voc2007,test,pixelate,mid,4,1,main,,336,267,1,"[""cat""]"
003287,data/VOCdevkit/VOC2007/JPEGImages/003287.jpg,output/mid_frequency/pixelate/severity_2/003287.png,voc2007,test,pixelate,mid,4,2,main,,336,267,1,"[""cat""]"
003287,data/VOCdevkit/VOC2007/JPEGImages/003287.jpg,output/mid_frequency/pixelate/severity_3/003287.png,voc2007,test,pixelate,mid,4,3,main,,336,267,1,"[""cat""]"
003287,data/VOCdevkit/VOC2007/JPEGImages/003287.jpg,output/mid_frequency/pixelate/severity_4/003287.png,voc2007,test,pixelate,mid,4,4,main,,336,267,1,"[""cat""]"
003287,data/VOCdevkit/VOC2007/JPEGImages/003287.jpg,output/mid_frequency/pixelate/severity_5/003287.png,voc2007,test,pixelate,mid,4,5,main,,336,267,1,"[""cat""]"
003287,data/VOCdevkit/VOC2007/JPEGImages/003287.jpg,output/mid_frequency/defocus_blur/severity_1/003287.png,voc2007,test,defocus_blur,mid,5,1,main,,336,267,1,"[""cat""]"
003287,data/VOCdevkit/VOC2007/JPEGImages/003287.jpg,output/mid_frequency/defocus_blur/severity_2/003287.png,voc2007,test,defocus_blur,mid,5,2,main,,336,267,1,"[""cat""]"
003287,data/VOCdevkit/VOC2007/JPEGImages/003287.jpg,output/mid_frequency/defocus_blur/severity_3/003287.png,voc2007,test,defocus_blur,mid,5,3,main,,336,267,1,"[""cat""]"
003287,data/VOCdevkit/VOC2007/JPEGImages/003287.jpg,output/mid_frequency/defocus_blur/severity_4/003287.png,voc2007,test,defocus_blur,mid,5,4,main,,336,267,1,"[""cat""]"
003287,data/VOCdevkit/VOC2007/JPEGImages/003287.jpg,output/mid_frequency/defocus_blur/severity_5/003287.png,voc2007,test,defocus_blur,mid,5,5,main,,336,267,1,"[""cat""]"
003287,data/VOCdevkit/VOC2007/JPEGImages/003287.jpg,output/mid_frequency/motion_blur/severity_1/003287.png,voc2007,test,motion_blur,mid,6,1,main,,336,267,1,"[""cat""]"
003287,data/VOCdevkit/VOC2007/JPEGImages/003287.jpg,output/mid_frequency/motion_blur/severity_2/003287.png,voc2007,test,motion_blur,mid,6,2,main,,336,267,1,"[""cat""]"
003287,data/VOCdevkit/VOC2007/JPEGImages/003287.jpg,output/mid_frequency/motion_blur/severity_3/003287.png,voc2007,test,motion_blur,mid,6,3,main,,336,267,1,"[""cat""]"
003287,data/VOCdevkit/VOC2007/JPEGImages/003287.jpg,output/mid_frequency/motion_blur/severity_4/003287.png,voc2007,test,motion_blur,mid,6,4,main,,336,267,1,"[""cat""]"
003287,data/VOCdevkit/VOC2007/JPEGImages/003287.jpg,output/mid_frequency/motion_blur/severity_5/003287.png,voc2007,test,motion_blur,mid,6,5,main,,336,267,1,"[""cat""]"
003287,data/VOCdevkit/VOC2007/JPEGImages/003287.jpg,output/low_frequency/fog/severity_1/003287.png,voc2007,test,fog,low,7,1,main,,336,267,1,"[""cat""]"
003287,data/VOCdevkit/VOC2007/JPEGImages/003287.jpg,output/low_frequency/fog/severity_2/003287.png,voc2007,test,fog,low,7,2,main,,336,267,1,"[""cat""]"
003287,data/VOCdevkit/VOC2007/JPEGImages/003287.jpg,output/low_frequency/fog/severity_3/003287.png,voc2007,test,fog,low,7,3,main,,336,267,1,"[""cat""]"
003287,data/VOCdevkit/VOC2007/JPEGImages/003287.jpg,output/low_frequency/fog/severity_4/003287.png,voc2007,test,fog,low,7,4,main,,336,267,1,"[""cat""]"
003287,data/VOCdevkit/VOC2007/JPEGImages/003287.jpg,output/low_frequency/fog/severity_5/003287.png,voc2007,test,fog,low,7,5,main,,336,267,1,"[""cat""]"
003287,data/VOCdevkit/VOC2007/JPEGImages/003287.jpg,output/low_frequency/contrast/severity_1/003287.png,voc2007,test,contrast,low,8,1,main,,336,267,1,"[""cat""]"
003287,data/VOCdevkit/VOC2007/JPEGImages/003287.jpg,output/low_frequency/contrast/severity_2/003287.png,voc2007,test,contrast,low,8,2,main,,336,267,1,"[""cat""]"
003287,data/VOCdevkit/VOC2007/JPEGImages/003287.jpg,output/low_frequency/contrast/severity_3/003287.png,voc2007,test,contrast,low,8,3,main,,336,267,1,"[""cat""]"
003287,data/VOCdevkit/VOC2007/JPEGImages/003287.jpg,output/low_frequency/contrast/severity_4/003287.png,voc2007,test,contrast,low,8,4,main,,336,267,1,"[""cat""]"
003287,data/VOCdevkit/VOC2007/JPEGImages/003287.jpg,output/low_frequency/contrast/severity_5/003287.png,voc2007,test,contrast,low,8,5,main,,336,267,1,"[""cat""]"
008954,data/VOCdevkit/VOC2007/JPEGImages/008954.jpg,output/clean/008954.png,voc2007,test,clean,none,0,0,clean,,500,375,6,"[""chair"", ""tvmonitor"", ""tvmonitor"", ""tvmonitor"", ""tvmonitor"", ""tvmonitor""]"
008954,data/VOCdevkit/VOC2007/JPEGImages/008954.jpg,output/high_frequency/gaussian_noise/severity_1/008954.png,voc2007,test,gaussian_noise,high,1,1,main,,500,375,6,"[""chair"", ""tvmonitor"", ""tvmonitor"", ""tvmonitor"", ""tvmonitor"", ""tvmonitor""]"
008954,data/VOCdevkit/VOC2007/JPEGImages/008954.jpg,output/high_frequency/gaussian_noise/severity_2/008954.png,voc2007,test,gaussian_noise,high,1,2,main,,500,375,6,"[""chair"", ""tvmonitor"", ""tvmonitor"", ""tvmonitor"", ""tvmonitor"", ""tvmonitor""]"
008954,data/VOCdevkit/VOC2007/JPEGImages/008954.jpg,output/high_frequency/gaussian_noise/severity_3/008954.png,voc2007,test,gaussian_noise,high,1,3,main,,500,375,6,"[""chair"", ""tvmonitor"", ""tvmonitor"", ""tvmonitor"", ""tvmonitor"", ""tvmonitor""]"
008954,data/VOCdevkit/VOC2007/JPEGImages/008954.jpg,output/high_frequency/gaussian_noise/severity_4/008954.png,voc2007,test,gaussian_noise,high,1,4,main,,500,375,6,"[""chair"", ""tvmonitor"", ""tvmonitor"", ""tvmonitor"", ""tvmonitor"", ""tvmonitor""]"
008954,data/VOCdevkit/VOC2007/JPEGImages/008954.jpg,output/high_frequency/gaussian_noise/severity_5/008954.png,voc2007,test,gaussian_noise,high,1,5,main,,500,375,6,"[""chair"", ""tvmonitor"", ""tvmonitor"", ""tvmonitor"", ""tvmonitor"", ""tvmonitor""]"
008954,data/VOCdevkit/VOC2007/JPEGImages/008954.jpg,output/high_frequency/shot_noise/severity_1/008954.png,voc2007,test,shot_noise,high,2,1,main,,500,375,6,"[""chair"", ""tvmonitor"", ""tvmonitor"", ""tvmonitor"", ""tvmonitor"", ""tvmonitor""]"
008954,data/VOCdevkit/VOC2007/JPEGImages/008954.jpg,output/high_frequency/shot_noise/severity_2/008954.png,voc2007,test,shot_noise,high,2,2,main,,500,375,6,"[""chair"", ""tvmonitor"", ""tvmonitor"", ""tvmonitor"", ""tvmonitor"", ""tvmonitor""]"
008954,data/VOCdevkit/VOC2007/JPEGImages/008954.jpg,output/high_frequency/shot_noise/severity_3/008954.png,voc2007,test,shot_noise,high,2,3,main,,500,375,6,"[""chair"", ""tvmonitor"", ""tvmonitor"", ""tvmonitor"", ""tvmonitor"", ""tvmonitor""]"
008954,data/VOCdevkit/VOC2007/JPEGImages/008954.jpg,output/high_frequency/shot_noise/severity_4/008954.png,voc2007,test,shot_noise,high,2,4,main,,500,375,6,"[""chair"", ""tvmonitor"", ""tvmonitor"", ""tvmonitor"", ""tvmonitor"", ""tvmonitor""]"
008954,data/VOCdevkit/VOC2007/JPEGImages/008954.jpg,output/high_frequency/shot_noise/severity_5/008954.png,voc2007,test,shot_noise,high,2,5,main,,500,375,6,"[""chair"", ""tvmonitor"", ""tvmonitor"", ""tvmonitor"", ""tvmonitor"", ""tvmonitor""]"
008954,data/VOCdevkit/VOC2007/JPEGImages/008954.jpg,output/high_frequency/jpeg_compression/severity_1/008954.png,voc2007,test,jpeg_compression,high,3,1,main,,500,375,6,"[""chair"", ""tvmonitor"", ""tvmonitor"", ""tvmonitor"", ""tvmonitor"", ""tvmonitor""]"
008954,data/VOCdevkit/VOC2007/JPEGImages/008954.jpg,output/high_frequency/jpeg_compression/severity_2/008954.png,voc2007,test,jpeg_compression,high,3,2,main,,500,375,6,"[""chair"", ""tvmonitor"", ""tvmonitor"", ""tvmonitor"", ""tvmonitor"", ""tvmonitor""]"
008954,data/VOCdevkit/VOC2007/JPEGImages/008954.jpg,output/high_frequency/jpeg_compression/severity_3/008954.png,voc2007,test,jpeg_compression,high,3,3,main,,500,375,6,"[""chair"", ""tvmonitor"", ""tvmonitor"", ""tvmonitor"", ""tvmonitor"", ""tvmonitor""]"
008954,data/VOCdevkit/VOC2007/JPEGImages/008954.jpg,output/high_frequency/jpeg_compression/severity_4/008954.png,voc2007,test,jpeg_compression,high,3,4,main,,500,375,6,"[""chair"", ""tvmonitor"", ""tvmonitor"", ""tvmonitor"", ""tvmonitor"", ""tvmonitor""]"
008954,data/VOCdevkit/VOC2007/JPEGImages/008954.jpg,output/high_frequency/jpeg_compression/severity_5/008954.png,voc2007,test,jpeg_compression,high,3,5,main,,500,375,6,"[""chair"", ""tvmonitor"", ""tvmonitor"", ""tvmonitor"", ""tvmonitor"", ""tvmonitor""]"
008954,data/VOCdevkit/VOC2007/JPEGImages/008954.jpg,output/mid_frequency/pixelate/severity_1/008954.png,voc2007,test,pixelate,mid,4,1,main,,500,375,6,"[""chair"", ""tvmonitor"", ""tvmonitor"", ""tvmonitor"", ""tvmonitor"", ""tvmonitor""]"
008954,data/VOCdevkit/VOC2007/JPEGImages/008954.jpg,output/mid_frequency/pixelate/severity_2/008954.png,voc2007,test,pixelate,mid,4,2,main,,500,375,6,"[""chair"", ""tvmonitor"", ""tvmonitor"", ""tvmonitor"", ""tvmonitor"", ""tvmonitor""]"
008954,data/VOCdevkit/VOC2007/JPEGImages/008954.jpg,output/mid_frequency/pixelate/severity_3/008954.png,voc2007,test,pixelate,mid,4,3,main,,500,375,6,"[""chair"", ""tvmonitor"", ""tvmonitor"", ""tvmonitor"", ""tvmonitor"", ""tvmonitor""]"
008954,data/VOCdevkit/VOC2007/JPEGImages/008954.jpg,output/mid_frequency/pixelate/severity_4/008954.png,voc2007,test,pixelate,mid,4,4,main,,500,375,6,"[""chair"", ""tvmonitor"", ""tvmonitor"", ""tvmonitor"", ""tvmonitor"", ""tvmonitor""]"
008954,data/VOCdevkit/VOC2007/JPEGImages/008954.jpg,output/mid_frequency/pixelate/severity_5/008954.png,voc2007,test,pixelate,mid,4,5,main,,500,375,6,"[""chair"", ""tvmonitor"", ""tvmonitor"", ""tvmonitor"", ""tvmonitor"", ""tvmonitor""]"
008954,data/VOCdevkit/VOC2007/JPEGImages/008954.jpg,output/mid_frequency/defocus_blur/severity_1/008954.png,voc2007,test,defocus_blur,mid,5,1,main,,500,375,6,"[""chair"", ""tvmonitor"", ""tvmonitor"", ""tvmonitor"", ""tvmonitor"", ""tvmonitor""]"
008954,data/VOCdevkit/VOC2007/JPEGImages/008954.jpg,output/mid_frequency/defocus_blur/severity_2/008954.png,voc2007,test,defocus_blur,mid,5,2,main,,500,375,6,"[""chair"", ""tvmonitor"", ""tvmonitor"", ""tvmonitor"", ""tvmonitor"", ""tvmonitor""]"
008954,data/VOCdevkit/VOC2007/JPEGImages/008954.jpg,output/mid_frequency/defocus_blur/severity_3/008954.png,voc2007,test,defocus_blur,mid,5,3,main,,500,375,6,"[""chair"", ""tvmonitor"", ""tvmonitor"", ""tvmonitor"", ""tvmonitor"", ""tvmonitor""]"
008954,data/VOCdevkit/VOC2007/JPEGImages/008954.jpg,output/mid_frequency/defocus_blur/severity_4/008954.png,voc2007,test,defocus_blur,mid,5,4,main,,500,375,6,"[""chair"", ""tvmonitor"", ""tvmonitor"", ""tvmonitor"", ""tvmonitor"", ""tvmonitor""]"
008954,data/VOCdevkit/VOC2007/JPEGImages/008954.jpg,output/mid_frequency/defocus_blur/severity_5/008954.png,voc2007,test,defocus_blur,mid,5,5,main,,500,375,6,"[""chair"", ""tvmonitor"", ""tvmonitor"", ""tvmonitor"", ""tvmonitor"", ""tvmonitor""]"
008954,data/VOCdevkit/VOC2007/JPEGImages/008954.jpg,output/mid_frequency/motion_blur/severity_1/008954.png,voc2007,test,motion_blur,mid,6,1,main,,500,375,6,"[""chair"", ""tvmonitor"", ""tvmonitor"", ""tvmonitor"", ""tvmonitor"", ""tvmonitor""]"
008954,data/VOCdevkit/VOC2007/JPEGImages/008954.jpg,output/mid_frequency/motion_blur/severity_2/008954.png,voc2007,test,motion_blur,mid,6,2,main,,500,375,6,"[""chair"", ""tvmonitor"", ""tvmonitor"", ""tvmonitor"", ""tvmonitor"", ""tvmonitor""]"
008954,data/VOCdevkit/VOC2007/JPEGImages/008954.jpg,output/mid_frequency/motion_blur/severity_3/008954.png,voc2007,test,motion_blur,mid,6,3,main,,500,375,6,"[""chair"", ""tvmonitor"", ""tvmonitor"", ""tvmonitor"", ""tvmonitor"", ""tvmonitor""]"
008954,data/VOCdevkit/VOC2007/JPEGImages/008954.jpg,output/mid_frequency/motion_blur/severity_4/008954.png,voc2007,test,motion_blur,mid,6,4,main,,500,375,6,"[""chair"", ""tvmonitor"", ""tvmonitor"", ""tvmonitor"", ""tvmonitor"", ""tvmonitor""]"
008954,data/VOCdevkit/VOC2007/JPEGImages/008954.jpg,output/mid_frequency/motion_blur/severity_5/008954.png,voc2007,test,motion_blur,mid,6,5,main,,500,375,6,"[""chair"", ""tvmonitor"", ""tvmonitor"", ""tvmonitor"", ""tvmonitor"", ""tvmonitor""]"
008954,data/VOCdevkit/VOC2007/JPEGImages/008954.jpg,output/low_frequency/fog/severity_1/008954.png,voc2007,test,fog,low,7,1,main,,500,375,6,"[""chair"", ""tvmonitor"", ""tvmonitor"", ""tvmonitor"", ""tvmonitor"", ""tvmonitor""]"
008954,data/VOCdevkit/VOC2007/JPEGImages/008954.jpg,output/low_frequency/fog/severity_2/008954.png,voc2007,test,fog,low,7,2,main,,500,375,6,"[""chair"", ""tvmonitor"", ""tvmonitor"", ""tvmonitor"", ""tvmonitor"", ""tvmonitor""]"
008954,data/VOCdevkit/VOC2007/JPEGImages/008954.jpg,output/low_frequency/fog/severity_3/008954.png,voc2007,test,fog,low,7,3,main,,500,375,6,"[""chair"", ""tvmonitor"", ""tvmonitor"", ""tvmonitor"", ""tvmonitor"", ""tvmonitor""]"
008954,data/VOCdevkit/VOC2007/JPEGImages/008954.jpg,output/low_frequency/fog/severity_4/008954.png,voc2007,test,fog,low,7,4,main,,500,375,6,"[""chair"", ""tvmonitor"", ""tvmonitor"", ""tvmonitor"", ""tvmonitor"", ""tvmonitor""]"
008954,data/VOCdevkit/VOC2007/JPEGImages/008954.jpg,output/low_frequency/fog/severity_5/008954.png,voc2007,test,fog,low,7,5,main,,500,375,6,"[""chair"", ""tvmonitor"", ""tvmonitor"", ""tvmonitor"", ""tvmonitor"", ""tvmonitor""]"
008954,data/VOCdevkit/VOC2007/JPEGImages/008954.jpg,output/low_frequency/contrast/severity_1/008954.png,voc2007,test,contrast,low,8,1,main,,500,375,6,"[""chair"", ""tvmonitor"", ""tvmonitor"", ""tvmonitor"", ""tvmonitor"", ""tvmonitor""]"
008954,data/VOCdevkit/VOC2007/JPEGImages/008954.jpg,output/low_frequency/contrast/severity_2/008954.png,voc2007,test,contrast,low,8,2,main,,500,375,6,"[""chair"", ""tvmonitor"", ""tvmonitor"", ""tvmonitor"", ""tvmonitor"", ""tvmonitor""]"
008954,data/VOCdevkit/VOC2007/JPEGImages/008954.jpg,output/low_frequency/contrast/severity_3/008954.png,voc2007,test,contrast,low,8,3,main,,500,375,6,"[""chair"", ""tvmonitor"", ""tvmonitor"", ""tvmonitor"", ""tvmonitor"", ""tvmonitor""]"
008954,data/VOCdevkit/VOC2007/JPEGImages/008954.jpg,output/low_frequency/contrast/severity_4/008954.png,voc2007,test,contrast,low,8,4,main,,500,375,6,"[""chair"", ""tvmonitor"", ""tvmonitor"", ""tvmonitor"", ""tvmonitor"", ""tvmonitor""]"
008954,data/VOCdevkit/VOC2007/JPEGImages/008954.jpg,output/low_frequency/contrast/severity_5/008954.png,voc2007,test,contrast,low,8,5,main,,500,375,6,"[""chair"", ""tvmonitor"", ""tvmonitor"", ""tvmonitor"", ""tvmonitor"", ""tvmonitor""]"
006937,data/VOCdevkit/VOC2007/JPEGImages/006937.jpg,output/clean/006937.png,voc2007,test,clean,none,0,0,clean,,375,500,2,"[""sofa"", ""pottedplant""]"
006937,data/VOCdevkit/VOC2007/JPEGImages/006937.jpg,output/high_frequency/gaussian_noise/severity_1/006937.png,voc2007,test,gaussian_noise,high,1,1,main,,375,500,2,"[""sofa"", ""pottedplant""]"
006937,data/VOCdevkit/VOC2007/JPEGImages/006937.jpg,output/high_frequency/gaussian_noise/severity_2/006937.png,voc2007,test,gaussian_noise,high,1,2,main,,375,500,2,"[""sofa"", ""pottedplant""]"
006937,data/VOCdevkit/VOC2007/JPEGImages/006937.jpg,output/high_frequency/gaussian_noise/severity_3/006937.png,voc2007,test,gaussian_noise,high,1,3,main,,375,500,2,"[""sofa"", ""pottedplant""]"
006937,data/VOCdevkit/VOC2007/JPEGImages/006937.jpg,output/high_frequency/gaussian_noise/severity_4/006937.png,voc2007,test,gaussian_noise,high,1,4,main,,375,500,2,"[""sofa"", ""pottedplant""]"
006937,data/VOCdevkit/VOC2007/JPEGImages/006937.jpg,output/high_frequency/gaussian_noise/severity_5/006937.png,voc2007,test,gaussian_noise,high,1,5,main,,375,500,2,"[""sofa"", ""pottedplant""]"
006937,data/VOCdevkit/VOC2007/JPEGImages/006937.jpg,output/high_frequency/shot_noise/severity_1/006937.png,voc2007,test,shot_noise,high,2,1,main,,375,500,2,"[""sofa"", ""pottedplant""]"
006937,data/VOCdevkit/VOC2007/JPEGImages/006937.jpg,output/high_frequency/shot_noise/severity_2/006937.png,voc2007,test,shot_noise,high,2,2,main,,375,500,2,"[""sofa"", ""pottedplant""]"
006937,data/VOCdevkit/VOC2007/JPEGImages/006937.jpg,output/high_frequency/shot_noise/severity_3/006937.png,voc2007,test,shot_noise,high,2,3,main,,375,500,2,"[""sofa"", ""pottedplant""]"
006937,data/VOCdevkit/VOC2007/JPEGImages/006937.jpg,output/high_frequency/shot_noise/severity_4/006937.png,voc2007,test,shot_noise,high,2,4,main,,375,500,2,"[""sofa"", ""pottedplant""]"
006937,data/VOCdevkit/VOC2007/JPEGImages/006937.jpg,output/high_frequency/shot_noise/severity_5/006937.png,voc2007,test,shot_noise,high,2,5,main,,375,500,2,"[""sofa"", ""pottedplant""]"
006937,data/VOCdevkit/VOC2007/JPEGImages/006937.jpg,output/high_frequency/jpeg_compression/severity_1/006937.png,voc2007,test,jpeg_compression,high,3,1,main,,375,500,2,"[""sofa"", ""pottedplant""]"
006937,data/VOCdevkit/VOC2007/JPEGImages/006937.jpg,output/high_frequency/jpeg_compression/severity_2/006937.png,voc2007,test,jpeg_compression,high,3,2,main,,375,500,2,"[""sofa"", ""pottedplant""]"
006937,data/VOCdevkit/VOC2007/JPEGImages/006937.jpg,output/high_frequency/jpeg_compression/severity_3/006937.png,voc2007,test,jpeg_compression,high,3,3,main,,375,500,2,"[""sofa"", ""pottedplant""]"
006937,data/VOCdevkit/VOC2007/JPEGImages/006937.jpg,output/high_frequency/jpeg_compression/severity_4/006937.png,voc2007,test,jpeg_compression,high,3,4,main,,375,500,2,"[""sofa"", ""pottedplant""]"
006937,data/VOCdevkit/VOC2007/JPEGImages/006937.jpg,output/high_frequency/jpeg_compression/severity_5/006937.png,voc2007,test,jpeg_compression,high,3,5,main,,375,500,2,"[""sofa"", ""pottedplant""]"
006937,data/VOCdevkit/VOC2007/JPEGImages/006937.jpg,output/mid_frequency/pixelate/severity_1/006937.png,voc2007,test,pixelate,mid,4,1,main,,375,500,2,"[""sofa"", ""pottedplant""]"
006937,data/VOCdevkit/VOC2007/JPEGImages/006937.jpg,output/mid_frequency/pixelate/severity_2/006937.png,voc2007,test,pixelate,mid,4,2,main,,375,500,2,"[""sofa"", ""pottedplant""]"
006937,data/VOCdevkit/VOC2007/JPEGImages/006937.jpg,output/mid_frequency/pixelate/severity_3/006937.png,voc2007,test,pixelate,mid,4,3,main,,375,500,2,"[""sofa"", ""pottedplant""]"
006937,data/VOCdevkit/VOC2007/JPEGImages/006937.jpg,output/mid_frequency/pixelate/severity_4/006937.png,voc2007,test,pixelate,mid,4,4,main,,375,500,2,"[""sofa"", ""pottedplant""]"
006937,data/VOCdevkit/VOC2007/JPEGImages/006937.jpg,output/mid_frequency/pixelate/severity_5/006937.png,voc2007,test,pixelate,mid,4,5,main,,375,500,2,"[""sofa"", ""pottedplant""]"
006937,data/VOCdevkit/VOC2007/JPEGImages/006937.jpg,output/mid_frequency/defocus_blur/severity_1/006937.png,voc2007,test,defocus_blur,mid,5,1,main,,375,500,2,"[""sofa"", ""pottedplant""]"
006937,data/VOCdevkit/VOC2007/JPEGImages/006937.jpg,output/mid_frequency/defocus_blur/severity_2/006937.png,voc2007,test,defocus_blur,mid,5,2,main,,375,500,2,"[""sofa"", ""pottedplant""]"
006937,data/VOCdevkit/VOC2007/JPEGImages/006937.jpg,output/mid_frequency/defocus_blur/severity_3/006937.png,voc2007,test,defocus_blur,mid,5,3,main,,375,500,2,"[""sofa"", ""pottedplant""]"
006937,data/VOCdevkit/VOC2007/JPEGImages/006937.jpg,output/mid_frequency/defocus_blur/severity_4/006937.png,voc2007,test,defocus_blur,mid,5,4,main,,375,500,2,"[""sofa"", ""pottedplant""]"
006937,data/VOCdevkit/VOC2007/JPEGImages/006937.jpg,output/mid_frequency/defocus_blur/severity_5/006937.png,voc2007,test,defocus_blur,mid,5,5,main,,375,500,2,"[""sofa"", ""pottedplant""]"
006937,data/VOCdevkit/VOC2007/JPEGImages/006937.jpg,output/mid_frequency/motion_blur/severity_1/006937.png,voc2007,test,motion_blur,mid,6,1,main,,375,500,2,"[""sofa"", ""pottedplant""]"
006937,data/VOCdevkit/VOC2007/JPEGImages/006937.jpg,output/mid_frequency/motion_blur/severity_2/006937.png,voc2007,test,motion_blur,mid,6,2,main,,375,500,2,"[""sofa"", ""pottedplant""]"
006937,data/VOCdevkit/VOC2007/JPEGImages/006937.jpg,output/mid_frequency/motion_blur/severity_3/006937.png,voc2007,test,motion_blur,mid,6,3,main,,375,500,2,"[""sofa"", ""pottedplant""]"
006937,data/VOCdevkit/VOC2007/JPEGImages/006937.jpg,output/mid_frequency/motion_blur/severity_4/006937.png,voc2007,test,motion_blur,mid,6,4,main,,375,500,2,"[""sofa"", ""pottedplant""]"
006937,data/VOCdevkit/VOC2007/JPEGImages/006937.jpg,output/mid_frequency/motion_blur/severity_5/006937.png,voc2007,test,motion_blur,mid,6,5,main,,375,500,2,"[""sofa"", ""pottedplant""]"
006937,data/VOCdevkit/VOC2007/JPEGImages/006937.jpg,output/low_frequency/fog/severity_1/006937.png,voc2007,test,fog,low,7,1,main,,375,500,2,"[""sofa"", ""pottedplant""]"
006937,data/VOCdevkit/VOC2007/JPEGImages/006937.jpg,output/low_frequency/fog/severity_2/006937.png,voc2007,test,fog,low,7,2,main,,375,500,2,"[""sofa"", ""pottedplant""]"
006937,data/VOCdevkit/VOC2007/JPEGImages/006937.jpg,output/low_frequency/fog/severity_3/006937.png,voc2007,test,fog,low,7,3,main,,375,500,2,"[""sofa"", ""pottedplant""]"
006937,data/VOCdevkit/VOC2007/JPEGImages/006937.jpg,output/low_frequency/fog/severity_4/006937.png,voc2007,test,fog,low,7,4,main,,375,500,2,"[""sofa"", ""pottedplant""]"
006937,data/VOCdevkit/VOC2007/JPEGImages/006937.jpg,output/low_frequency/fog/severity_5/006937.png,voc2007,test,fog,low,7,5,main,,375,500,2,"[""sofa"", ""pottedplant""]"
006937,data/VOCdevkit/VOC2007/JPEGImages/006937.jpg,output/low_frequency/contrast/severity_1/006937.png,voc2007,test,contrast,low,8,1,main,,375,500,2,"[""sofa"", ""pottedplant""]"
006937,data/VOCdevkit/VOC2007/JPEGImages/006937.jpg,output/low_frequency/contrast/severity_2/006937.png,voc2007,test,contrast,low,8,2,main,,375,500,2,"[""sofa"", ""pottedplant""]"
006937,data/VOCdevkit/VOC2007/JPEGImages/006937.jpg,output/low_frequency/contrast/severity_3/006937.png,voc2007,test,contrast,low,8,3,main,,375,500,2,"[""sofa"", ""pottedplant""]"
006937,data/VOCdevkit/VOC2007/JPEGImages/006937.jpg,output/low_frequency/contrast/severity_4/006937.png,voc2007,test,contrast,low,8,4,main,,375,500,2,"[""sofa"", ""pottedplant""]"
006937,data/VOCdevkit/VOC2007/JPEGImages/006937.jpg,output/low_frequency/contrast/severity_5/006937.png,voc2007,test,contrast,low,8,5,main,,375,500,2,"[""sofa"", ""pottedplant""]"
003637,data/VOCdevkit/VOC2007/JPEGImages/003637.jpg,output/clean/003637.png,voc2007,test,clean,none,0,0,clean,,500,344,1,"[""train""]"
003637,data/VOCdevkit/VOC2007/JPEGImages/003637.jpg,output/high_frequency/gaussian_noise/severity_1/003637.png,voc2007,test,gaussian_noise,high,1,1,main,,500,344,1,"[""train""]"
003637,data/VOCdevkit/VOC2007/JPEGImages/003637.jpg,output/high_frequency/gaussian_noise/severity_2/003637.png,voc2007,test,gaussian_noise,high,1,2,main,,500,344,1,"[""train""]"
003637,data/VOCdevkit/VOC2007/JPEGImages/003637.jpg,output/high_frequency/gaussian_noise/severity_3/003637.png,voc2007,test,gaussian_noise,high,1,3,main,,500,344,1,"[""train""]"
003637,data/VOCdevkit/VOC2007/JPEGImages/003637.jpg,output/high_frequency/gaussian_noise/severity_4/003637.png,voc2007,test,gaussian_noise,high,1,4,main,,500,344,1,"[""train""]"
003637,data/VOCdevkit/VOC2007/JPEGImages/003637.jpg,output/high_frequency/gaussian_noise/severity_5/003637.png,voc2007,test,gaussian_noise,high,1,5,main,,500,344,1,"[""train""]"
003637,data/VOCdevkit/VOC2007/JPEGImages/003637.jpg,output/high_frequency/shot_noise/severity_1/003637.png,voc2007,test,shot_noise,high,2,1,main,,500,344,1,"[""train""]"
003637,data/VOCdevkit/VOC2007/JPEGImages/003637.jpg,output/high_frequency/shot_noise/severity_2/003637.png,voc2007,test,shot_noise,high,2,2,main,,500,344,1,"[""train""]"
003637,data/VOCdevkit/VOC2007/JPEGImages/003637.jpg,output/high_frequency/shot_noise/severity_3/003637.png,voc2007,test,shot_noise,high,2,3,main,,500,344,1,"[""train""]"
003637,data/VOCdevkit/VOC2007/JPEGImages/003637.jpg,output/high_frequency/shot_noise/severity_4/003637.png,voc2007,test,shot_noise,high,2,4,main,,500,344,1,"[""train""]"
003637,data/VOCdevkit/VOC2007/JPEGImages/003637.jpg,output/high_frequency/shot_noise/severity_5/003637.png,voc2007,test,shot_noise,high,2,5,main,,500,344,1,"[""train""]"
003637,data/VOCdevkit/VOC2007/JPEGImages/003637.jpg,output/high_frequency/jpeg_compression/severity_1/003637.png,voc2007,test,jpeg_compression,high,3,1,main,,500,344,1,"[""train""]"
003637,data/VOCdevkit/VOC2007/JPEGImages/003637.jpg,output/high_frequency/jpeg_compression/severity_2/003637.png,voc2007,test,jpeg_compression,high,3,2,main,,500,344,1,"[""train""]"
003637,data/VOCdevkit/VOC2007/JPEGImages/003637.jpg,output/high_frequency/jpeg_compression/severity_3/003637.png,voc2007,test,jpeg_compression,high,3,3,main,,500,344,1,"[""train""]"
003637,data/VOCdevkit/VOC2007/JPEGImages/003637.jpg,output/high_frequency/jpeg_compression/severity_4/003637.png,voc2007,test,jpeg_compression,high,3,4,main,,500,344,1,"[""train""]"
003637,data/VOCdevkit/VOC2007/JPEGImages/003637.jpg,output/high_frequency/jpeg_compression/severity_5/003637.png,voc2007,test,jpeg_compression,high,3,5,main,,500,344,1,"[""train""]"
003637,data/VOCdevkit/VOC2007/JPEGImages/003637.jpg,output/mid_frequency/pixelate/severity_1/003637.png,voc2007,test,pixelate,mid,4,1,main,,500,344,1,"[""train""]"
003637,data/VOCdevkit/VOC2007/JPEGImages/003637.jpg,output/mid_frequency/pixelate/severity_2/003637.png,voc2007,test,pixelate,mid,4,2,main,,500,344,1,"[""train""]"
003637,data/VOCdevkit/VOC2007/JPEGImages/003637.jpg,output/mid_frequency/pixelate/severity_3/003637.png,voc2007,test,pixelate,mid,4,3,main,,500,344,1,"[""train""]"
003637,data/VOCdevkit/VOC2007/JPEGImages/003637.jpg,output/mid_frequency/pixelate/severity_4/003637.png,voc2007,test,pixelate,mid,4,4,main,,500,344,1,"[""train""]"
003637,data/VOCdevkit/VOC2007/JPEGImages/003637.jpg,output/mid_frequency/pixelate/severity_5/003637.png,voc2007,test,pixelate,mid,4,5,main,,500,344,1,"[""train""]"
003637,data/VOCdevkit/VOC2007/JPEGImages/003637.jpg,output/mid_frequency/defocus_blur/severity_1/003637.png,voc2007,test,defocus_blur,mid,5,1,main,,500,344,1,"[""train""]"
003637,data/VOCdevkit/VOC2007/JPEGImages/003637.jpg,output/mid_frequency/defocus_blur/severity_2/003637.png,voc2007,test,defocus_blur,mid,5,2,main,,500,344,1,"[""train""]"
003637,data/VOCdevkit/VOC2007/JPEGImages/003637.jpg,output/mid_frequency/defocus_blur/severity_3/003637.png,voc2007,test,defocus_blur,mid,5,3,main,,500,344,1,"[""train""]"
003637,data/VOCdevkit/VOC2007/JPEGImages/003637.jpg,output/mid_frequency/defocus_blur/severity_4/003637.png,voc2007,test,defocus_blur,mid,5,4,main,,500,344,1,"[""train""]"
003637,data/VOCdevkit/VOC2007/JPEGImages/003637.jpg,output/mid_frequency/defocus_blur/severity_5/003637.png,voc2007,test,defocus_blur,mid,5,5,main,,500,344,1,"[""train""]"
003637,data/VOCdevkit/VOC2007/JPEGImages/003637.jpg,output/mid_frequency/motion_blur/severity_1/003637.png,voc2007,test,motion_blur,mid,6,1,main,,500,344,1,"[""train""]"
003637,data/VOCdevkit/VOC2007/JPEGImages/003637.jpg,output/mid_frequency/motion_blur/severity_2/003637.png,voc2007,test,motion_blur,mid,6,2,main,,500,344,1,"[""train""]"
003637,data/VOCdevkit/VOC2007/JPEGImages/003637.jpg,output/mid_frequency/motion_blur/severity_3/003637.png,voc2007,test,motion_blur,mid,6,3,main,,500,344,1,"[""train""]"
003637,data/VOCdevkit/VOC2007/JPEGImages/003637.jpg,output/mid_frequency/motion_blur/severity_4/003637.png,voc2007,test,motion_blur,mid,6,4,main,,500,344,1,"[""train""]"
003637,data/VOCdevkit/VOC2007/JPEGImages/003637.jpg,output/mid_frequency/motion_blur/severity_5/003637.png,voc2007,test,motion_blur,mid,6,5,main,,500,344,1,"[""train""]"
003637,data/VOCdevkit/VOC2007/JPEGImages/003637.jpg,output/low_frequency/fog/severity_1/003637.png,voc2007,test,fog,low,7,1,main,,500,344,1,"[""train""]"
003637,data/VOCdevkit/VOC2007/JPEGImages/003637.jpg,output/low_frequency/fog/severity_2/003637.png,voc2007,test,fog,low,7,2,main,,500,344,1,"[""train""]"
003637,data/VOCdevkit/VOC2007/JPEGImages/003637.jpg,output/low_frequency/fog/severity_3/003637.png,voc2007,test,fog,low,7,3,main,,500,344,1,"[""train""]"
003637,data/VOCdevkit/VOC2007/JPEGImages/003637.jpg,output/low_frequency/fog/severity_4/003637.png,voc2007,test,fog,low,7,4,main,,500,344,1,"[""train""]"
003637,data/VOCdevkit/VOC2007/JPEGImages/003637.jpg,output/low_frequency/fog/severity_5/003637.png,voc2007,test,fog,low,7,5,main,,500,344,1,"[""train""]"
003637,data/VOCdevkit/VOC2007/JPEGImages/003637.jpg,output/low_frequency/contrast/severity_1/003637.png,voc2007,test,contrast,low,8,1,main,,500,344,1,"[""train""]"
003637,data/VOCdevkit/VOC2007/JPEGImages/003637.jpg,output/low_frequency/contrast/severity_2/003637.png,voc2007,test,contrast,low,8,2,main,,500,344,1,"[""train""]"
003637,data/VOCdevkit/VOC2007/JPEGImages/003637.jpg,output/low_frequency/contrast/severity_3/003637.png,voc2007,test,contrast,low,8,3,main,,500,344,1,"[""train""]"
003637,data/VOCdevkit/VOC2007/JPEGImages/003637.jpg,output/low_frequency/contrast/severity_4/003637.png,voc2007,test,contrast,low,8,4,main,,500,344,1,"[""train""]"
003637,data/VOCdevkit/VOC2007/JPEGImages/003637.jpg,output/low_frequency/contrast/severity_5/003637.png,voc2007,test,contrast,low,8,5,main,,500,344,1,"[""train""]"
007418,data/VOCdevkit/VOC2007/JPEGImages/007418.jpg,output/clean/007418.png,voc2007,test,clean,none,0,0,clean,,332,500,1,"[""dog""]"
007418,data/VOCdevkit/VOC2007/JPEGImages/007418.jpg,output/high_frequency/gaussian_noise/severity_1/007418.png,voc2007,test,gaussian_noise,high,1,1,main,,332,500,1,"[""dog""]"
007418,data/VOCdevkit/VOC2007/JPEGImages/007418.jpg,output/high_frequency/gaussian_noise/severity_2/007418.png,voc2007,test,gaussian_noise,high,1,2,main,,332,500,1,"[""dog""]"
007418,data/VOCdevkit/VOC2007/JPEGImages/007418.jpg,output/high_frequency/gaussian_noise/severity_3/007418.png,voc2007,test,gaussian_noise,high,1,3,main,,332,500,1,"[""dog""]"
007418,data/VOCdevkit/VOC2007/JPEGImages/007418.jpg,output/high_frequency/gaussian_noise/severity_4/007418.png,voc2007,test,gaussian_noise,high,1,4,main,,332,500,1,"[""dog""]"
007418,data/VOCdevkit/VOC2007/JPEGImages/007418.jpg,output/high_frequency/gaussian_noise/severity_5/007418.png,voc2007,test,gaussian_noise,high,1,5,main,,332,500,1,"[""dog""]"
007418,data/VOCdevkit/VOC2007/JPEGImages/007418.jpg,output/high_frequency/shot_noise/severity_1/007418.png,voc2007,test,shot_noise,high,2,1,main,,332,500,1,"[""dog""]"
007418,data/VOCdevkit/VOC2007/JPEGImages/007418.jpg,output/high_frequency/shot_noise/severity_2/007418.png,voc2007,test,shot_noise,high,2,2,main,,332,500,1,"[""dog""]"
007418,data/VOCdevkit/VOC2007/JPEGImages/007418.jpg,output/high_frequency/shot_noise/severity_3/007418.png,voc2007,test,shot_noise,high,2,3,main,,332,500,1,"[""dog""]"
007418,data/VOCdevkit/VOC2007/JPEGImages/007418.jpg,output/high_frequency/shot_noise/severity_4/007418.png,voc2007,test,shot_noise,high,2,4,main,,332,500,1,"[""dog""]"
007418,data/VOCdevkit/VOC2007/JPEGImages/007418.jpg,output/high_frequency/shot_noise/severity_5/007418.png,voc2007,test,shot_noise,high,2,5,main,,332,500,1,"[""dog""]"
007418,data/VOCdevkit/VOC2007/JPEGImages/007418.jpg,output/high_frequency/jpeg_compression/severity_1/007418.png,voc2007,test,jpeg_compression,high,3,1,main,,332,500,1,"[""dog""]"
007418,data/VOCdevkit/VOC2007/JPEGImages/007418.jpg,output/high_frequency/jpeg_compression/severity_2/007418.png,voc2007,test,jpeg_compression,high,3,2,main,,332,500,1,"[""dog""]"
007418,data/VOCdevkit/VOC2007/JPEGImages/007418.jpg,output/high_frequency/jpeg_compression/severity_3/007418.png,voc2007,test,jpeg_compression,high,3,3,main,,332,500,1,"[""dog""]"
007418,data/VOCdevkit/VOC2007/JPEGImages/007418.jpg,output/high_frequency/jpeg_compression/severity_4/007418.png,voc2007,test,jpeg_compression,high,3,4,main,,332,500,1,"[""dog""]"
007418,data/VOCdevkit/VOC2007/JPEGImages/007418.jpg,output/high_frequency/jpeg_compression/severity_5/007418.png,voc2007,test,jpeg_compression,high,3,5,main,,332,500,1,"[""dog""]"
007418,data/VOCdevkit/VOC2007/JPEGImages/007418.jpg,output/mid_frequency/pixelate/severity_1/007418.png,voc2007,test,pixelate,mid,4,1,main,,332,500,1,"[""dog""]"
007418,data/VOCdevkit/VOC2007/JPEGImages/007418.jpg,output/mid_frequency/pixelate/severity_2/007418.png,voc2007,test,pixelate,mid,4,2,main,,332,500,1,"[""dog""]"
007418,data/VOCdevkit/VOC2007/JPEGImages/007418.jpg,output/mid_frequency/pixelate/severity_3/007418.png,voc2007,test,pixelate,mid,4,3,main,,332,500,1,"[""dog""]"
007418,data/VOCdevkit/VOC2007/JPEGImages/007418.jpg,output/mid_frequency/pixelate/severity_4/007418.png,voc2007,test,pixelate,mid,4,4,main,,332,500,1,"[""dog""]"
007418,data/VOCdevkit/VOC2007/JPEGImages/007418.jpg,output/mid_frequency/pixelate/severity_5/007418.png,voc2007,test,pixelate,mid,4,5,main,,332,500,1,"[""dog""]"
007418,data/VOCdevkit/VOC2007/JPEGImages/007418.jpg,output/mid_frequency/defocus_blur/severity_1/007418.png,voc2007,test,defocus_blur,mid,5,1,main,,332,500,1,"[""dog""]"
007418,data/VOCdevkit/VOC2007/JPEGImages/007418.jpg,output/mid_frequency/defocus_blur/severity_2/007418.png,voc2007,test,defocus_blur,mid,5,2,main,,332,500,1,"[""dog""]"
007418,data/VOCdevkit/VOC2007/JPEGImages/007418.jpg,output/mid_frequency/defocus_blur/severity_3/007418.png,voc2007,test,defocus_blur,mid,5,3,main,,332,500,1,"[""dog""]"
007418,data/VOCdevkit/VOC2007/JPEGImages/007418.jpg,output/mid_frequency/defocus_blur/severity_4/007418.png,voc2007,test,defocus_blur,mid,5,4,main,,332,500,1,"[""dog""]"
007418,data/VOCdevkit/VOC2007/JPEGImages/007418.jpg,output/mid_frequency/defocus_blur/severity_5/007418.png,voc2007,test,defocus_blur,mid,5,5,main,,332,500,1,"[""dog""]"
007418,data/VOCdevkit/VOC2007/JPEGImages/007418.jpg,output/mid_frequency/motion_blur/severity_1/007418.png,voc2007,test,motion_blur,mid,6,1,main,,332,500,1,"[""dog""]"
007418,data/VOCdevkit/VOC2007/JPEGImages/007418.jpg,output/mid_frequency/motion_blur/severity_2/007418.png,voc2007,test,motion_blur,mid,6,2,main,,332,500,1,"[""dog""]"
007418,data/VOCdevkit/VOC2007/JPEGImages/007418.jpg,output/mid_frequency/motion_blur/severity_3/007418.png,voc2007,test,motion_blur,mid,6,3,main,,332,500,1,"[""dog""]"
007418,data/VOCdevkit/VOC2007/JPEGImages/007418.jpg,output/mid_frequency/motion_blur/severity_4/007418.png,voc2007,test,motion_blur,mid,6,4,main,,332,500,1,"[""dog""]"
007418,data/VOCdevkit/VOC2007/JPEGImages/007418.jpg,output/mid_frequency/motion_blur/severity_5/007418.png,voc2007,test,motion_blur,mid,6,5,main,,332,500,1,"[""dog""]"
007418,data/VOCdevkit/VOC2007/JPEGImages/007418.jpg,output/low_frequency/fog/severity_1/007418.png,voc2007,test,fog,low,7,1,main,,332,500,1,"[""dog""]"
007418,data/VOCdevkit/VOC2007/JPEGImages/007418.jpg,output/low_frequency/fog/severity_2/007418.png,voc2007,test,fog,low,7,2,main,,332,500,1,"[""dog""]"
007418,data/VOCdevkit/VOC2007/JPEGImages/007418.jpg,output/low_frequency/fog/severity_3/007418.png,voc2007,test,fog,low,7,3,main,,332,500,1,"[""dog""]"
007418,data/VOCdevkit/VOC2007/JPEGImages/007418.jpg,output/low_frequency/fog/severity_4/007418.png,voc2007,test,fog,low,7,4,main,,332,500,1,"[""dog""]"
007418,data/VOCdevkit/VOC2007/JPEGImages/007418.jpg,output/low_frequency/fog/severity_5/007418.png,voc2007,test,fog,low,7,5,main,,332,500,1,"[""dog""]"
007418,data/VOCdevkit/VOC2007/JPEGImages/007418.jpg,output/low_frequency/contrast/severity_1/007418.png,voc2007,test,contrast,low,8,1,main,,332,500,1,"[""dog""]"
007418,data/VOCdevkit/VOC2007/JPEGImages/007418.jpg,output/low_frequency/contrast/severity_2/007418.png,voc2007,test,contrast,low,8,2,main,,332,500,1,"[""dog""]"
007418,data/VOCdevkit/VOC2007/JPEGImages/007418.jpg,output/low_frequency/contrast/severity_3/007418.png,voc2007,test,contrast,low,8,3,main,,332,500,1,"[""dog""]"
007418,data/VOCdevkit/VOC2007/JPEGImages/007418.jpg,output/low_frequency/contrast/severity_4/007418.png,voc2007,test,contrast,low,8,4,main,,332,500,1,"[""dog""]"
007418,data/VOCdevkit/VOC2007/JPEGImages/007418.jpg,output/low_frequency/contrast/severity_5/007418.png,voc2007,test,contrast,low,8,5,main,,332,500,1,"[""dog""]"
009715,data/VOCdevkit/VOC2007/JPEGImages/009715.jpg,output/clean/009715.png,voc2007,test,clean,none,0,0,clean,,500,375,4,"[""person"", ""person"", ""person"", ""sofa""]"
009715,data/VOCdevkit/VOC2007/JPEGImages/009715.jpg,output/high_frequency/gaussian_noise/severity_1/009715.png,voc2007,test,gaussian_noise,high,1,1,main,,500,375,4,"[""person"", ""person"", ""person"", ""sofa""]"
009715,data/VOCdevkit/VOC2007/JPEGImages/009715.jpg,output/high_frequency/gaussian_noise/severity_2/009715.png,voc2007,test,gaussian_noise,high,1,2,main,,500,375,4,"[""person"", ""person"", ""person"", ""sofa""]"
009715,data/VOCdevkit/VOC2007/JPEGImages/009715.jpg,output/high_frequency/gaussian_noise/severity_3/009715.png,voc2007,test,gaussian_noise,high,1,3,main,,500,375,4,"[""person"", ""person"", ""person"", ""sofa""]"
009715,data/VOCdevkit/VOC2007/JPEGImages/009715.jpg,output/high_frequency/gaussian_noise/severity_4/009715.png,voc2007,test,gaussian_noise,high,1,4,main,,500,375,4,"[""person"", ""person"", ""person"", ""sofa""]"
009715,data/VOCdevkit/VOC2007/JPEGImages/009715.jpg,output/high_frequency/gaussian_noise/severity_5/009715.png,voc2007,test,gaussian_noise,high,1,5,main,,500,375,4,"[""person"", ""person"", ""person"", ""sofa""]"
009715,data/VOCdevkit/VOC2007/JPEGImages/009715.jpg,output/high_frequency/shot_noise/severity_1/009715.png,voc2007,test,shot_noise,high,2,1,main,,500,375,4,"[""person"", ""person"", ""person"", ""sofa""]"
009715,data/VOCdevkit/VOC2007/JPEGImages/009715.jpg,output/high_frequency/shot_noise/severity_2/009715.png,voc2007,test,shot_noise,high,2,2,main,,500,375,4,"[""person"", ""person"", ""person"", ""sofa""]"
009715,data/VOCdevkit/VOC2007/JPEGImages/009715.jpg,output/high_frequency/shot_noise/severity_3/009715.png,voc2007,test,shot_noise,high,2,3,main,,500,375,4,"[""person"", ""person"", ""person"", ""sofa""]"
009715,data/VOCdevkit/VOC2007/JPEGImages/009715.jpg,output/high_frequency/shot_noise/severity_4/009715.png,voc2007,test,shot_noise,high,2,4,main,,500,375,4,"[""person"", ""person"", ""person"", ""sofa""]"
009715,data/VOCdevkit/VOC2007/JPEGImages/009715.jpg,output/high_frequency/shot_noise/severity_5/009715.png,voc2007,test,shot_noise,high,2,5,main,,500,375,4,"[""person"", ""person"", ""person"", ""sofa""]"
009715,data/VOCdevkit/VOC2007/JPEGImages/009715.jpg,output/high_frequency/jpeg_compression/severity_1/009715.png,voc2007,test,jpeg_compression,high,3,1,main,,500,375,4,"[""person"", ""person"", ""person"", ""sofa""]"
009715,data/VOCdevkit/VOC2007/JPEGImages/009715.jpg,output/high_frequency/jpeg_compression/severity_2/009715.png,voc2007,test,jpeg_compression,high,3,2,main,,500,375,4,"[""person"", ""person"", ""person"", ""sofa""]"
009715,data/VOCdevkit/VOC2007/JPEGImages/009715.jpg,output/high_frequency/jpeg_compression/severity_3/009715.png,voc2007,test,jpeg_compression,high,3,3,main,,500,375,4,"[""person"", ""person"", ""person"", ""sofa""]"
009715,data/VOCdevkit/VOC2007/JPEGImages/009715.jpg,output/high_frequency/jpeg_compression/severity_4/009715.png,voc2007,test,jpeg_compression,high,3,4,main,,500,375,4,"[""person"", ""person"", ""person"", ""sofa""]"
009715,data/VOCdevkit/VOC2007/JPEGImages/009715.jpg,output/high_frequency/jpeg_compression/severity_5/009715.png,voc2007,test,jpeg_compression,high,3,5,main,,500,375,4,"[""person"", ""person"", ""person"", ""sofa""]"
009715,data/VOCdevkit/VOC2007/JPEGImages/009715.jpg,output/mid_frequency/pixelate/severity_1/009715.png,voc2007,test,pixelate,mid,4,1,main,,500,375,4,"[""person"", ""person"", ""person"", ""sofa""]"
009715,data/VOCdevkit/VOC2007/JPEGImages/009715.jpg,output/mid_frequency/pixelate/severity_2/009715.png,voc2007,test,pixelate,mid,4,2,main,,500,375,4,"[""person"", ""person"", ""person"", ""sofa""]"
009715,data/VOCdevkit/VOC2007/JPEGImages/009715.jpg,output/mid_frequency/pixelate/severity_3/009715.png,voc2007,test,pixelate,mid,4,3,main,,500,375,4,"[""person"", ""person"", ""person"", ""sofa""]"
009715,data/VOCdevkit/VOC2007/JPEGImages/009715.jpg,output/mid_frequency/pixelate/severity_4/009715.png,voc2007,test,pixelate,mid,4,4,main,,500,375,4,"[""person"", ""person"", ""person"", ""sofa""]"
009715,data/VOCdevkit/VOC2007/JPEGImages/009715.jpg,output/mid_frequency/pixelate/severity_5/009715.png,voc2007,test,pixelate,mid,4,5,main,,500,375,4,"[""person"", ""person"", ""person"", ""sofa""]"
009715,data/VOCdevkit/VOC2007/JPEGImages/009715.jpg,output/mid_frequency/defocus_blur/severity_1/009715.png,voc2007,test,defocus_blur,mid,5,1,main,,500,375,4,"[""person"", ""person"", ""person"", ""sofa""]"
009715,data/VOCdevkit/VOC2007/JPEGImages/009715.jpg,output/mid_frequency/defocus_blur/severity_2/009715.png,voc2007,test,defocus_blur,mid,5,2,main,,500,375,4,"[""person"", ""person"", ""person"", ""sofa""]"
009715,data/VOCdevkit/VOC2007/JPEGImages/009715.jpg,output/mid_frequency/defocus_blur/severity_3/009715.png,voc2007,test,defocus_blur,mid,5,3,main,,500,375,4,"[""person"", ""person"", ""person"", ""sofa""]"
009715,data/VOCdevkit/VOC2007/JPEGImages/009715.jpg,output/mid_frequency/defocus_blur/severity_4/009715.png,voc2007,test,defocus_blur,mid,5,4,main,,500,375,4,"[""person"", ""person"", ""person"", ""sofa""]"
009715,data/VOCdevkit/VOC2007/JPEGImages/009715.jpg,output/mid_frequency/defocus_blur/severity_5/009715.png,voc2007,test,defocus_blur,mid,5,5,main,,500,375,4,"[""person"", ""person"", ""person"", ""sofa""]"
009715,data/VOCdevkit/VOC2007/JPEGImages/009715.jpg,output/mid_frequency/motion_blur/severity_1/009715.png,voc2007,test,motion_blur,mid,6,1,main,,500,375,4,"[""person"", ""person"", ""person"", ""sofa""]"
009715,data/VOCdevkit/VOC2007/JPEGImages/009715.jpg,output/mid_frequency/motion_blur/severity_2/009715.png,voc2007,test,motion_blur,mid,6,2,main,,500,375,4,"[""person"", ""person"", ""person"", ""sofa""]"
009715,data/VOCdevkit/VOC2007/JPEGImages/009715.jpg,output/mid_frequency/motion_blur/severity_3/009715.png,voc2007,test,motion_blur,mid,6,3,main,,500,375,4,"[""person"", ""person"", ""person"", ""sofa""]"
009715,data/VOCdevkit/VOC2007/JPEGImages/009715.jpg,output/mid_frequency/motion_blur/severity_4/009715.png,voc2007,test,motion_blur,mid,6,4,main,,500,375,4,"[""person"", ""person"", ""person"", ""sofa""]"
009715,data/VOCdevkit/VOC2007/JPEGImages/009715.jpg,output/mid_frequency/motion_blur/severity_5/009715.png,voc2007,test,motion_blur,mid,6,5,main,,500,375,4,"[""person"", ""person"", ""person"", ""sofa""]"
009715,data/VOCdevkit/VOC2007/JPEGImages/009715.jpg,output/low_frequency/fog/severity_1/009715.png,voc2007,test,fog,low,7,1,main,,500,375,4,"[""person"", ""person"", ""person"", ""sofa""]"
009715,data/VOCdevkit/VOC2007/JPEGImages/009715.jpg,output/low_frequency/fog/severity_2/009715.png,voc2007,test,fog,low,7,2,main,,500,375,4,"[""person"", ""person"", ""person"", ""sofa""]"
009715,data/VOCdevkit/VOC2007/JPEGImages/009715.jpg,output/low_frequency/fog/severity_3/009715.png,voc2007,test,fog,low,7,3,main,,500,375,4,"[""person"", ""person"", ""person"", ""sofa""]"
009715,data/VOCdevkit/VOC2007/JPEGImages/009715.jpg,output/low_frequency/fog/severity_4/009715.png,voc2007,test,fog,low,7,4,main,,500,375,4,"[""person"", ""person"", ""person"", ""sofa""]"
009715,data/VOCdevkit/VOC2007/JPEGImages/009715.jpg,output/low_frequency/fog/severity_5/009715.png,voc2007,test,fog,low,7,5,main,,500,375,4,"[""person"", ""person"", ""person"", ""sofa""]"
009715,data/VOCdevkit/VOC2007/JPEGImages/009715.jpg,output/low_frequency/contrast/severity_1/009715.png,voc2007,test,contrast,low,8,1,main,,500,375,4,"[""person"", ""person"", ""person"", ""sofa""]"
009715,data/VOCdevkit/VOC2007/JPEGImages/009715.jpg,output/low_frequency/contrast/severity_2/009715.png,voc2007,test,contrast,low,8,2,main,,500,375,4,"[""person"", ""person"", ""person"", ""sofa""]"
009715,data/VOCdevkit/VOC2007/JPEGImages/009715.jpg,output/low_frequency/contrast/severity_3/009715.png,voc2007,test,contrast,low,8,3,main,,500,375,4,"[""person"", ""person"", ""person"", ""sofa""]"
009715,data/VOCdevkit/VOC2007/JPEGImages/009715.jpg,output/low_frequency/contrast/severity_4/009715.png,voc2007,test,contrast,low,8,4,main,,500,375,4,"[""person"", ""person"", ""person"", ""sofa""]"
009715,data/VOCdevkit/VOC2007/JPEGImages/009715.jpg,output/low_frequency/contrast/severity_5/009715.png,voc2007,test,contrast,low,8,5,main,,500,375,4,"[""person"", ""person"", ""person"", ""sofa""]"
004575,data/VOCdevkit/VOC2007/JPEGImages/004575.jpg,output/clean/004575.png,voc2007,test,clean,none,0,0,clean,,500,375,2,"[""sofa"", ""sofa""]"
004575,data/VOCdevkit/VOC2007/JPEGImages/004575.jpg,output/high_frequency/gaussian_noise/severity_1/004575.png,voc2007,test,gaussian_noise,high,1,1,main,,500,375,2,"[""sofa"", ""sofa""]"
004575,data/VOCdevkit/VOC2007/JPEGImages/004575.jpg,output/high_frequency/gaussian_noise/severity_2/004575.png,voc2007,test,gaussian_noise,high,1,2,main,,500,375,2,"[""sofa"", ""sofa""]"
004575,data/VOCdevkit/VOC2007/JPEGImages/004575.jpg,output/high_frequency/gaussian_noise/severity_3/004575.png,voc2007,test,gaussian_noise,high,1,3,main,,500,375,2,"[""sofa"", ""sofa""]"
004575,data/VOCdevkit/VOC2007/JPEGImages/004575.jpg,output/high_frequency/gaussian_noise/severity_4/004575.png,voc2007,test,gaussian_noise,high,1,4,main,,500,375,2,"[""sofa"", ""sofa""]"
004575,data/VOCdevkit/VOC2007/JPEGImages/004575.jpg,output/high_frequency/gaussian_noise/severity_5/004575.png,voc2007,test,gaussian_noise,high,1,5,main,,500,375,2,"[""sofa"", ""sofa""]"
004575,data/VOCdevkit/VOC2007/JPEGImages/004575.jpg,output/high_frequency/shot_noise/severity_1/004575.png,voc2007,test,shot_noise,high,2,1,main,,500,375,2,"[""sofa"", ""sofa""]"
004575,data/VOCdevkit/VOC2007/JPEGImages/004575.jpg,output/high_frequency/shot_noise/severity_2/004575.png,voc2007,test,shot_noise,high,2,2,main,,500,375,2,"[""sofa"", ""sofa""]"
004575,data/VOCdevkit/VOC2007/JPEGImages/004575.jpg,output/high_frequency/shot_noise/severity_3/004575.png,voc2007,test,shot_noise,high,2,3,main,,500,375,2,"[""sofa"", ""sofa""]"
004575,data/VOCdevkit/VOC2007/JPEGImages/004575.jpg,output/high_frequency/shot_noise/severity_4/004575.png,voc2007,test,shot_noise,high,2,4,main,,500,375,2,"[""sofa"", ""sofa""]"
004575,data/VOCdevkit/VOC2007/JPEGImages/004575.jpg,output/high_frequency/shot_noise/severity_5/004575.png,voc2007,test,shot_noise,high,2,5,main,,500,375,2,"[""sofa"", ""sofa""]"
004575,data/VOCdevkit/VOC2007/JPEGImages/004575.jpg,output/high_frequency/jpeg_compression/severity_1/004575.png,voc2007,test,jpeg_compression,high,3,1,main,,500,375,2,"[""sofa"", ""sofa""]"
004575,data/VOCdevkit/VOC2007/JPEGImages/004575.jpg,output/high_frequency/jpeg_compression/severity_2/004575.png,voc2007,test,jpeg_compression,high,3,2,main,,500,375,2,"[""sofa"", ""sofa""]"
004575,data/VOCdevkit/VOC2007/JPEGImages/004575.jpg,output/high_frequency/jpeg_compression/severity_3/004575.png,voc2007,test,jpeg_compression,high,3,3,main,,500,375,2,"[""sofa"", ""sofa""]"
004575,data/VOCdevkit/VOC2007/JPEGImages/004575.jpg,output/high_frequency/jpeg_compression/severity_4/004575.png,voc2007,test,jpeg_compression,high,3,4,main,,500,375,2,"[""sofa"", ""sofa""]"
004575,data/VOCdevkit/VOC2007/JPEGImages/004575.jpg,output/high_frequency/jpeg_compression/severity_5/004575.png,voc2007,test,jpeg_compression,high,3,5,main,,500,375,2,"[""sofa"", ""sofa""]"
004575,data/VOCdevkit/VOC2007/JPEGImages/004575.jpg,output/mid_frequency/pixelate/severity_1/004575.png,voc2007,test,pixelate,mid,4,1,main,,500,375,2,"[""sofa"", ""sofa""]"
004575,data/VOCdevkit/VOC2007/JPEGImages/004575.jpg,output/mid_frequency/pixelate/severity_2/004575.png,voc2007,test,pixelate,mid,4,2,main,,500,375,2,"[""sofa"", ""sofa""]"
004575,data/VOCdevkit/VOC2007/JPEGImages/004575.jpg,output/mid_frequency/pixelate/severity_3/004575.png,voc2007,test,pixelate,mid,4,3,main,,500,375,2,"[""sofa"", ""sofa""]"
004575,data/VOCdevkit/VOC2007/JPEGImages/004575.jpg,output/mid_frequency/pixelate/severity_4/004575.png,voc2007,test,pixelate,mid,4,4,main,,500,375,2,"[""sofa"", ""sofa""]"
004575,data/VOCdevkit/VOC2007/JPEGImages/004575.jpg,output/mid_frequency/pixelate/severity_5/004575.png,voc2007,test,pixelate,mid,4,5,main,,500,375,2,"[""sofa"", ""sofa""]"
004575,data/VOCdevkit/VOC2007/JPEGImages/004575.jpg,output/mid_frequency/defocus_blur/severity_1/004575.png,voc2007,test,defocus_blur,mid,5,1,main,,500,375,2,"[""sofa"", ""sofa""]"
004575,data/VOCdevkit/VOC2007/JPEGImages/004575.jpg,output/mid_frequency/defocus_blur/severity_2/004575.png,voc2007,test,defocus_blur,mid,5,2,main,,500,375,2,"[""sofa"", ""sofa""]"
004575,data/VOCdevkit/VOC2007/JPEGImages/004575.jpg,output/mid_frequency/defocus_blur/severity_3/004575.png,voc2007,test,defocus_blur,mid,5,3,main,,500,375,2,"[""sofa"", ""sofa""]"
004575,data/VOCdevkit/VOC2007/JPEGImages/004575.jpg,output/mid_frequency/defocus_blur/severity_4/004575.png,voc2007,test,defocus_blur,mid,5,4,main,,500,375,2,"[""sofa"", ""sofa""]"
004575,data/VOCdevkit/VOC2007/JPEGImages/004575.jpg,output/mid_frequency/defocus_blur/severity_5/004575.png,voc2007,test,defocus_blur,mid,5,5,main,,500,375,2,"[""sofa"", ""sofa""]"
004575,data/VOCdevkit/VOC2007/JPEGImages/004575.jpg,output/mid_frequency/motion_blur/severity_1/004575.png,voc2007,test,motion_blur,mid,6,1,main,,500,375,2,"[""sofa"", ""sofa""]"
004575,data/VOCdevkit/VOC2007/JPEGImages/004575.jpg,output/mid_frequency/motion_blur/severity_2/004575.png,voc2007,test,motion_blur,mid,6,2,main,,500,375,2,"[""sofa"", ""sofa""]"
004575,data/VOCdevkit/VOC2007/JPEGImages/004575.jpg,output/mid_frequency/motion_blur/severity_3/004575.png,voc2007,test,motion_blur,mid,6,3,main,,500,375,2,"[""sofa"", ""sofa""]"
004575,data/VOCdevkit/VOC2007/JPEGImages/004575.jpg,output/mid_frequency/motion_blur/severity_4/004575.png,voc2007,test,motion_blur,mid,6,4,main,,500,375,2,"[""sofa"", ""sofa""]"
004575,data/VOCdevkit/VOC2007/JPEGImages/004575.jpg,output/mid_frequency/motion_blur/severity_5/004575.png,voc2007,test,motion_blur,mid,6,5,main,,500,375,2,"[""sofa"", ""sofa""]"
004575,data/VOCdevkit/VOC2007/JPEGImages/004575.jpg,output/low_frequency/fog/severity_1/004575.png,voc2007,test,fog,low,7,1,main,,500,375,2,"[""sofa"", ""sofa""]"
004575,data/VOCdevkit/VOC2007/JPEGImages/004575.jpg,output/low_frequency/fog/severity_2/004575.png,voc2007,test,fog,low,7,2,main,,500,375,2,"[""sofa"", ""sofa""]"
004575,data/VOCdevkit/VOC2007/JPEGImages/004575.jpg,output/low_frequency/fog/severity_3/004575.png,voc2007,test,fog,low,7,3,main,,500,375,2,"[""sofa"", ""sofa""]"
004575,data/VOCdevkit/VOC2007/JPEGImages/004575.jpg,output/low_frequency/fog/severity_4/004575.png,voc2007,test,fog,low,7,4,main,,500,375,2,"[""sofa"", ""sofa""]"
004575,data/VOCdevkit/VOC2007/JPEGImages/004575.jpg,output/low_frequency/fog/severity_5/004575.png,voc2007,test,fog,low,7,5,main,,500,375,2,"[""sofa"", ""sofa""]"
004575,data/VOCdevkit/VOC2007/JPEGImages/004575.jpg,output/low_frequency/contrast/severity_1/004575.png,voc2007,test,contrast,low,8,1,main,,500,375,2,"[""sofa"", ""sofa""]"
004575,data/VOCdevkit/VOC2007/JPEGImages/004575.jpg,output/low_frequency/contrast/severity_2/004575.png,voc2007,test,contrast,low,8,2,main,,500,375,2,"[""sofa"", ""sofa""]"
004575,data/VOCdevkit/VOC2007/JPEGImages/004575.jpg,output/low_frequency/contrast/severity_3/004575.png,voc2007,test,contrast,low,8,3,main,,500,375,2,"[""sofa"", ""sofa""]"
004575,data/VOCdevkit/VOC2007/JPEGImages/004575.jpg,output/low_frequency/contrast/severity_4/004575.png,voc2007,test,contrast,low,8,4,main,,500,375,2,"[""sofa"", ""sofa""]"
004575,data/VOCdevkit/VOC2007/JPEGImages/004575.jpg,output/low_frequency/contrast/severity_5/004575.png,voc2007,test,contrast,low,8,5,main,,500,375,2,"[""sofa"", ""sofa""]"
000098,data/VOCdevkit/VOC2007/JPEGImages/000098.jpg,output/clean/000098.png,voc2007,test,clean,none,0,0,clean,,360,270,1,"[""cat""]"
000098,data/VOCdevkit/VOC2007/JPEGImages/000098.jpg,output/high_frequency/gaussian_noise/severity_1/000098.png,voc2007,test,gaussian_noise,high,1,1,main,,360,270,1,"[""cat""]"
000098,data/VOCdevkit/VOC2007/JPEGImages/000098.jpg,output/high_frequency/gaussian_noise/severity_2/000098.png,voc2007,test,gaussian_noise,high,1,2,main,,360,270,1,"[""cat""]"
000098,data/VOCdevkit/VOC2007/JPEGImages/000098.jpg,output/high_frequency/gaussian_noise/severity_3/000098.png,voc2007,test,gaussian_noise,high,1,3,main,,360,270,1,"[""cat""]"
000098,data/VOCdevkit/VOC2007/JPEGImages/000098.jpg,output/high_frequency/gaussian_noise/severity_4/000098.png,voc2007,test,gaussian_noise,high,1,4,main,,360,270,1,"[""cat""]"
000098,data/VOCdevkit/VOC2007/JPEGImages/000098.jpg,output/high_frequency/gaussian_noise/severity_5/000098.png,voc2007,test,gaussian_noise,high,1,5,main,,360,270,1,"[""cat""]"
000098,data/VOCdevkit/VOC2007/JPEGImages/000098.jpg,output/high_frequency/shot_noise/severity_1/000098.png,voc2007,test,shot_noise,high,2,1,main,,360,270,1,"[""cat""]"
000098,data/VOCdevkit/VOC2007/JPEGImages/000098.jpg,output/high_frequency/shot_noise/severity_2/000098.png,voc2007,test,shot_noise,high,2,2,main,,360,270,1,"[""cat""]"
000098,data/VOCdevkit/VOC2007/JPEGImages/000098.jpg,output/high_frequency/shot_noise/severity_3/000098.png,voc2007,test,shot_noise,high,2,3,main,,360,270,1,"[""cat""]"
000098,data/VOCdevkit/VOC2007/JPEGImages/000098.jpg,output/high_frequency/shot_noise/severity_4/000098.png,voc2007,test,shot_noise,high,2,4,main,,360,270,1,"[""cat""]"
000098,data/VOCdevkit/VOC2007/JPEGImages/000098.jpg,output/high_frequency/shot_noise/severity_5/000098.png,voc2007,test,shot_noise,high,2,5,main,,360,270,1,"[""cat""]"
000098,data/VOCdevkit/VOC2007/JPEGImages/000098.jpg,output/high_frequency/jpeg_compression/severity_1/000098.png,voc2007,test,jpeg_compression,high,3,1,main,,360,270,1,"[""cat""]"
000098,data/VOCdevkit/VOC2007/JPEGImages/000098.jpg,output/high_frequency/jpeg_compression/severity_2/000098.png,voc2007,test,jpeg_compression,high,3,2,main,,360,270,1,"[""cat""]"
000098,data/VOCdevkit/VOC2007/JPEGImages/000098.jpg,output/high_frequency/jpeg_compression/severity_3/000098.png,voc2007,test,jpeg_compression,high,3,3,main,,360,270,1,"[""cat""]"
000098,data/VOCdevkit/VOC2007/JPEGImages/000098.jpg,output/high_frequency/jpeg_compression/severity_4/000098.png,voc2007,test,jpeg_compression,high,3,4,main,,360,270,1,"[""cat""]"
000098,data/VOCdevkit/VOC2007/JPEGImages/000098.jpg,output/high_frequency/jpeg_compression/severity_5/000098.png,voc2007,test,jpeg_compression,high,3,5,main,,360,270,1,"[""cat""]"
000098,data/VOCdevkit/VOC2007/JPEGImages/000098.jpg,output/mid_frequency/pixelate/severity_1/000098.png,voc2007,test,pixelate,mid,4,1,main,,360,270,1,"[""cat""]"
000098,data/VOCdevkit/VOC2007/JPEGImages/000098.jpg,output/mid_frequency/pixelate/severity_2/000098.png,voc2007,test,pixelate,mid,4,2,main,,360,270,1,"[""cat""]"
000098,data/VOCdevkit/VOC2007/JPEGImages/000098.jpg,output/mid_frequency/pixelate/severity_3/000098.png,voc2007,test,pixelate,mid,4,3,main,,360,270,1,"[""cat""]"
000098,data/VOCdevkit/VOC2007/JPEGImages/000098.jpg,output/mid_frequency/pixelate/severity_4/000098.png,voc2007,test,pixelate,mid,4,4,main,,360,270,1,"[""cat""]"
000098,data/VOCdevkit/VOC2007/JPEGImages/000098.jpg,output/mid_frequency/pixelate/severity_5/000098.png,voc2007,test,pixelate,mid,4,5,main,,360,270,1,"[""cat""]"
000098,data/VOCdevkit/VOC2007/JPEGImages/000098.jpg,output/mid_frequency/defocus_blur/severity_1/000098.png,voc2007,test,defocus_blur,mid,5,1,main,,360,270,1,"[""cat""]"
000098,data/VOCdevkit/VOC2007/JPEGImages/000098.jpg,output/mid_frequency/defocus_blur/severity_2/000098.png,voc2007,test,defocus_blur,mid,5,2,main,,360,270,1,"[""cat""]"
000098,data/VOCdevkit/VOC2007/JPEGImages/000098.jpg,output/mid_frequency/defocus_blur/severity_3/000098.png,voc2007,test,defocus_blur,mid,5,3,main,,360,270,1,"[""cat""]"
000098,data/VOCdevkit/VOC2007/JPEGImages/000098.jpg,output/mid_frequency/defocus_blur/severity_4/000098.png,voc2007,test,defocus_blur,mid,5,4,main,,360,270,1,"[""cat""]"
000098,data/VOCdevkit/VOC2007/JPEGImages/000098.jpg,output/mid_frequency/defocus_blur/severity_5/000098.png,voc2007,test,defocus_blur,mid,5,5,main,,360,270,1,"[""cat""]"
000098,data/VOCdevkit/VOC2007/JPEGImages/000098.jpg,output/mid_frequency/motion_blur/severity_1/000098.png,voc2007,test,motion_blur,mid,6,1,main,,360,270,1,"[""cat""]"
000098,data/VOCdevkit/VOC2007/JPEGImages/000098.jpg,output/mid_frequency/motion_blur/severity_2/000098.png,voc2007,test,motion_blur,mid,6,2,main,,360,270,1,"[""cat""]"
000098,data/VOCdevkit/VOC2007/JPEGImages/000098.jpg,output/mid_frequency/motion_blur/severity_3/000098.png,voc2007,test,motion_blur,mid,6,3,main,,360,270,1,"[""cat""]"
000098,data/VOCdevkit/VOC2007/JPEGImages/000098.jpg,output/mid_frequency/motion_blur/severity_4/000098.png,voc2007,test,motion_blur,mid,6,4,main,,360,270,1,"[""cat""]"
000098,data/VOCdevkit/VOC2007/JPEGImages/000098.jpg,output/mid_frequency/motion_blur/severity_5/000098.png,voc2007,test,motion_blur,mid,6,5,main,,360,270,1,"[""cat""]"
000098,data/VOCdevkit/VOC2007/JPEGImages/000098.jpg,output/low_frequency/fog/severity_1/000098.png,voc2007,test,fog,low,7,1,main,,360,270,1,"[""cat""]"
000098,data/VOCdevkit/VOC2007/JPEGImages/000098.jpg,output/low_frequency/fog/severity_2/000098.png,voc2007,test,fog,low,7,2,main,,360,270,1,"[""cat""]"
000098,data/VOCdevkit/VOC2007/JPEGImages/000098.jpg,output/low_frequency/fog/severity_3/000098.png,voc2007,test,fog,low,7,3,main,,360,270,1,"[""cat""]"
000098,data/VOCdevkit/VOC2007/JPEGImages/000098.jpg,output/low_frequency/fog/severity_4/000098.png,voc2007,test,fog,low,7,4,main,,360,270,1,"[""cat""]"
000098,data/VOCdevkit/VOC2007/JPEGImages/000098.jpg,output/low_frequency/fog/severity_5/000098.png,voc2007,test,fog,low,7,5,main,,360,270,1,"[""cat""]"
000098,data/VOCdevkit/VOC2007/JPEGImages/000098.jpg,output/low_frequency/contrast/severity_1/000098.png,voc2007,test,contrast,low,8,1,main,,360,270,1,"[""cat""]"
000098,data/VOCdevkit/VOC2007/JPEGImages/000098.jpg,output/low_frequency/contrast/severity_2/000098.png,voc2007,test,contrast,low,8,2,main,,360,270,1,"[""cat""]"
000098,data/VOCdevkit/VOC2007/JPEGImages/000098.jpg,output/low_frequency/contrast/severity_3/000098.png,voc2007,test,contrast,low,8,3,main,,360,270,1,"[""cat""]"
000098,data/VOCdevkit/VOC2007/JPEGImages/000098.jpg,output/low_frequency/contrast/severity_4/000098.png,voc2007,test,contrast,low,8,4,main,,360,270,1,"[""cat""]"
000098,data/VOCdevkit/VOC2007/JPEGImages/000098.jpg,output/low_frequency/contrast/severity_5/000098.png,voc2007,test,contrast,low,8,5,main,,360,270,1,"[""cat""]"
002623,data/VOCdevkit/VOC2007/JPEGImages/002623.jpg,output/clean/002623.png,voc2007,test,clean,none,0,0,clean,,500,375,2,"[""cow"", ""cow""]"
002623,data/VOCdevkit/VOC2007/JPEGImages/002623.jpg,output/high_frequency/gaussian_noise/severity_1/002623.png,voc2007,test,gaussian_noise,high,1,1,main,,500,375,2,"[""cow"", ""cow""]"
002623,data/VOCdevkit/VOC2007/JPEGImages/002623.jpg,output/high_frequency/gaussian_noise/severity_2/002623.png,voc2007,test,gaussian_noise,high,1,2,main,,500,375,2,"[""cow"", ""cow""]"
002623,data/VOCdevkit/VOC2007/JPEGImages/002623.jpg,output/high_frequency/gaussian_noise/severity_3/002623.png,voc2007,test,gaussian_noise,high,1,3,main,,500,375,2,"[""cow"", ""cow""]"
002623,data/VOCdevkit/VOC2007/JPEGImages/002623.jpg,output/high_frequency/gaussian_noise/severity_4/002623.png,voc2007,test,gaussian_noise,high,1,4,main,,500,375,2,"[""cow"", ""cow""]"
002623,data/VOCdevkit/VOC2007/JPEGImages/002623.jpg,output/high_frequency/gaussian_noise/severity_5/002623.png,voc2007,test,gaussian_noise,high,1,5,main,,500,375,2,"[""cow"", ""cow""]"
002623,data/VOCdevkit/VOC2007/JPEGImages/002623.jpg,output/high_frequency/shot_noise/severity_1/002623.png,voc2007,test,shot_noise,high,2,1,main,,500,375,2,"[""cow"", ""cow""]"
002623,data/VOCdevkit/VOC2007/JPEGImages/002623.jpg,output/high_frequency/shot_noise/severity_2/002623.png,voc2007,test,shot_noise,high,2,2,main,,500,375,2,"[""cow"", ""cow""]"
002623,data/VOCdevkit/VOC2007/JPEGImages/002623.jpg,output/high_frequency/shot_noise/severity_3/002623.png,voc2007,test,shot_noise,high,2,3,main,,500,375,2,"[""cow"", ""cow""]"
002623,data/VOCdevkit/VOC2007/JPEGImages/002623.jpg,output/high_frequency/shot_noise/severity_4/002623.png,voc2007,test,shot_noise,high,2,4,main,,500,375,2,"[""cow"", ""cow""]"
002623,data/VOCdevkit/VOC2007/JPEGImages/002623.jpg,output/high_frequency/shot_noise/severity_5/002623.png,voc2007,test,shot_noise,high,2,5,main,,500,375,2,"[""cow"", ""cow""]"
002623,data/VOCdevkit/VOC2007/JPEGImages/002623.jpg,output/high_frequency/jpeg_compression/severity_1/002623.png,voc2007,test,jpeg_compression,high,3,1,main,,500,375,2,"[""cow"", ""cow""]"
002623,data/VOCdevkit/VOC2007/JPEGImages/002623.jpg,output/high_frequency/jpeg_compression/severity_2/002623.png,voc2007,test,jpeg_compression,high,3,2,main,,500,375,2,"[""cow"", ""cow""]"
002623,data/VOCdevkit/VOC2007/JPEGImages/002623.jpg,output/high_frequency/jpeg_compression/severity_3/002623.png,voc2007,test,jpeg_compression,high,3,3,main,,500,375,2,"[""cow"", ""cow""]"
002623,data/VOCdevkit/VOC2007/JPEGImages/002623.jpg,output/high_frequency/jpeg_compression/severity_4/002623.png,voc2007,test,jpeg_compression,high,3,4,main,,500,375,2,"[""cow"", ""cow""]"
002623,data/VOCdevkit/VOC2007/JPEGImages/002623.jpg,output/high_frequency/jpeg_compression/severity_5/002623.png,voc2007,test,jpeg_compression,high,3,5,main,,500,375,2,"[""cow"", ""cow""]"
002623,data/VOCdevkit/VOC2007/JPEGImages/002623.jpg,output/mid_frequency/pixelate/severity_1/002623.png,voc2007,test,pixelate,mid,4,1,main,,500,375,2,"[""cow"", ""cow""]"
002623,data/VOCdevkit/VOC2007/JPEGImages/002623.jpg,output/mid_frequency/pixelate/severity_2/002623.png,voc2007,test,pixelate,mid,4,2,main,,500,375,2,"[""cow"", ""cow""]"
002623,data/VOCdevkit/VOC2007/JPEGImages/002623.jpg,output/mid_frequency/pixelate/severity_3/002623.png,voc2007,test,pixelate,mid,4,3,main,,500,375,2,"[""cow"", ""cow""]"
002623,data/VOCdevkit/VOC2007/JPEGImages/002623.jpg,output/mid_frequency/pixelate/severity_4/002623.png,voc2007,test,pixelate,mid,4,4,main,,500,375,2,"[""cow"", ""cow""]"
002623,data/VOCdevkit/VOC2007/JPEGImages/002623.jpg,output/mid_frequency/pixelate/severity_5/002623.png,voc2007,test,pixelate,mid,4,5,main,,500,375,2,"[""cow"", ""cow""]"
002623,data/VOCdevkit/VOC2007/JPEGImages/002623.jpg,output/mid_frequency/defocus_blur/severity_1/002623.png,voc2007,test,defocus_blur,mid,5,1,main,,500,375,2,"[""cow"", ""cow""]"
002623,data/VOCdevkit/VOC2007/JPEGImages/002623.jpg,output/mid_frequency/defocus_blur/severity_2/002623.png,voc2007,test,defocus_blur,mid,5,2,main,,500,375,2,"[""cow"", ""cow""]"
002623,data/VOCdevkit/VOC2007/JPEGImages/002623.jpg,output/mid_frequency/defocus_blur/severity_3/002623.png,voc2007,test,defocus_blur,mid,5,3,main,,500,375,2,"[""cow"", ""cow""]"
002623,data/VOCdevkit/VOC2007/JPEGImages/002623.jpg,output/mid_frequency/defocus_blur/severity_4/002623.png,voc2007,test,defocus_blur,mid,5,4,main,,500,375,2,"[""cow"", ""cow""]"
002623,data/VOCdevkit/VOC2007/JPEGImages/002623.jpg,output/mid_frequency/defocus_blur/severity_5/002623.png,voc2007,test,defocus_blur,mid,5,5,main,,500,375,2,"[""cow"", ""cow""]"
002623,data/VOCdevkit/VOC2007/JPEGImages/002623.jpg,output/mid_frequency/motion_blur/severity_1/002623.png,voc2007,test,motion_blur,mid,6,1,main,,500,375,2,"[""cow"", ""cow""]"
002623,data/VOCdevkit/VOC2007/JPEGImages/002623.jpg,output/mid_frequency/motion_blur/severity_2/002623.png,voc2007,test,motion_blur,mid,6,2,main,,500,375,2,"[""cow"", ""cow""]"
002623,data/VOCdevkit/VOC2007/JPEGImages/002623.jpg,output/mid_frequency/motion_blur/severity_3/002623.png,voc2007,test,motion_blur,mid,6,3,main,,500,375,2,"[""cow"", ""cow""]"
002623,data/VOCdevkit/VOC2007/JPEGImages/002623.jpg,output/mid_frequency/motion_blur/severity_4/002623.png,voc2007,test,motion_blur,mid,6,4,main,,500,375,2,"[""cow"", ""cow""]"
002623,data/VOCdevkit/VOC2007/JPEGImages/002623.jpg,output/mid_frequency/motion_blur/severity_5/002623.png,voc2007,test,motion_blur,mid,6,5,main,,500,375,2,"[""cow"", ""cow""]"
002623,data/VOCdevkit/VOC2007/JPEGImages/002623.jpg,output/low_frequency/fog/severity_1/002623.png,voc2007,test,fog,low,7,1,main,,500,375,2,"[""cow"", ""cow""]"
002623,data/VOCdevkit/VOC2007/JPEGImages/002623.jpg,output/low_frequency/fog/severity_2/002623.png,voc2007,test,fog,low,7,2,main,,500,375,2,"[""cow"", ""cow""]"
002623,data/VOCdevkit/VOC2007/JPEGImages/002623.jpg,output/low_frequency/fog/severity_3/002623.png,voc2007,test,fog,low,7,3,main,,500,375,2,"[""cow"", ""cow""]"
002623,data/VOCdevkit/VOC2007/JPEGImages/002623.jpg,output/low_frequency/fog/severity_4/002623.png,voc2007,test,fog,low,7,4,main,,500,375,2,"[""cow"", ""cow""]"
002623,data/VOCdevkit/VOC2007/JPEGImages/002623.jpg,output/low_frequency/fog/severity_5/002623.png,voc2007,test,fog,low,7,5,main,,500,375,2,"[""cow"", ""cow""]"
002623,data/VOCdevkit/VOC2007/JPEGImages/002623.jpg,output/low_frequency/contrast/severity_1/002623.png,voc2007,test,contrast,low,8,1,main,,500,375,2,"[""cow"", ""cow""]"
002623,data/VOCdevkit/VOC2007/JPEGImages/002623.jpg,output/low_frequency/contrast/severity_2/002623.png,voc2007,test,contrast,low,8,2,main,,500,375,2,"[""cow"", ""cow""]"
002623,data/VOCdevkit/VOC2007/JPEGImages/002623.jpg,output/low_frequency/contrast/severity_3/002623.png,voc2007,test,contrast,low,8,3,main,,500,375,2,"[""cow"", ""cow""]"
002623,data/VOCdevkit/VOC2007/JPEGImages/002623.jpg,output/low_frequency/contrast/severity_4/002623.png,voc2007,test,contrast,low,8,4,main,,500,375,2,"[""cow"", ""cow""]"
002623,data/VOCdevkit/VOC2007/JPEGImages/002623.jpg,output/low_frequency/contrast/severity_5/002623.png,voc2007,test,contrast,low,8,5,main,,500,375,2,"[""cow"", ""cow""]"
006991,data/VOCdevkit/VOC2007/JPEGImages/006991.jpg,output/clean/006991.png,voc2007,test,clean,none,0,0,clean,,500,338,1,"[""dog""]"
006991,data/VOCdevkit/VOC2007/JPEGImages/006991.jpg,output/high_frequency/gaussian_noise/severity_1/006991.png,voc2007,test,gaussian_noise,high,1,1,main,,500,338,1,"[""dog""]"
006991,data/VOCdevkit/VOC2007/JPEGImages/006991.jpg,output/high_frequency/gaussian_noise/severity_2/006991.png,voc2007,test,gaussian_noise,high,1,2,main,,500,338,1,"[""dog""]"
006991,data/VOCdevkit/VOC2007/JPEGImages/006991.jpg,output/high_frequency/gaussian_noise/severity_3/006991.png,voc2007,test,gaussian_noise,high,1,3,main,,500,338,1,"[""dog""]"
006991,data/VOCdevkit/VOC2007/JPEGImages/006991.jpg,output/high_frequency/gaussian_noise/severity_4/006991.png,voc2007,test,gaussian_noise,high,1,4,main,,500,338,1,"[""dog""]"
006991,data/VOCdevkit/VOC2007/JPEGImages/006991.jpg,output/high_frequency/gaussian_noise/severity_5/006991.png,voc2007,test,gaussian_noise,high,1,5,main,,500,338,1,"[""dog""]"
006991,data/VOCdevkit/VOC2007/JPEGImages/006991.jpg,output/high_frequency/shot_noise/severity_1/006991.png,voc2007,test,shot_noise,high,2,1,main,,500,338,1,"[""dog""]"
006991,data/VOCdevkit/VOC2007/JPEGImages/006991.jpg,output/high_frequency/shot_noise/severity_2/006991.png,voc2007,test,shot_noise,high,2,2,main,,500,338,1,"[""dog""]"
006991,data/VOCdevkit/VOC2007/JPEGImages/006991.jpg,output/high_frequency/shot_noise/severity_3/006991.png,voc2007,test,shot_noise,high,2,3,main,,500,338,1,"[""dog""]"
006991,data/VOCdevkit/VOC2007/JPEGImages/006991.jpg,output/high_frequency/shot_noise/severity_4/006991.png,voc2007,test,shot_noise,high,2,4,main,,500,338,1,"[""dog""]"
006991,data/VOCdevkit/VOC2007/JPEGImages/006991.jpg,output/high_frequency/shot_noise/severity_5/006991.png,voc2007,test,shot_noise,high,2,5,main,,500,338,1,"[""dog""]"
006991,data/VOCdevkit/VOC2007/JPEGImages/006991.jpg,output/high_frequency/jpeg_compression/severity_1/006991.png,voc2007,test,jpeg_compression,high,3,1,main,,500,338,1,"[""dog""]"
006991,data/VOCdevkit/VOC2007/JPEGImages/006991.jpg,output/high_frequency/jpeg_compression/severity_2/006991.png,voc2007,test,jpeg_compression,high,3,2,main,,500,338,1,"[""dog""]"
006991,data/VOCdevkit/VOC2007/JPEGImages/006991.jpg,output/high_frequency/jpeg_compression/severity_3/006991.png,voc2007,test,jpeg_compression,high,3,3,main,,500,338,1,"[""dog""]"
006991,data/VOCdevkit/VOC2007/JPEGImages/006991.jpg,output/high_frequency/jpeg_compression/severity_4/006991.png,voc2007,test,jpeg_compression,high,3,4,main,,500,338,1,"[""dog""]"
006991,data/VOCdevkit/VOC2007/JPEGImages/006991.jpg,output/high_frequency/jpeg_compression/severity_5/006991.png,voc2007,test,jpeg_compression,high,3,5,main,,500,338,1,"[""dog""]"
006991,data/VOCdevkit/VOC2007/JPEGImages/006991.jpg,output/mid_frequency/pixelate/severity_1/006991.png,voc2007,test,pixelate,mid,4,1,main,,500,338,1,"[""dog""]"
006991,data/VOCdevkit/VOC2007/JPEGImages/006991.jpg,output/mid_frequency/pixelate/severity_2/006991.png,voc2007,test,pixelate,mid,4,2,main,,500,338,1,"[""dog""]"
006991,data/VOCdevkit/VOC2007/JPEGImages/006991.jpg,output/mid_frequency/pixelate/severity_3/006991.png,voc2007,test,pixelate,mid,4,3,main,,500,338,1,"[""dog""]"
006991,data/VOCdevkit/VOC2007/JPEGImages/006991.jpg,output/mid_frequency/pixelate/severity_4/006991.png,voc2007,test,pixelate,mid,4,4,main,,500,338,1,"[""dog""]"
006991,data/VOCdevkit/VOC2007/JPEGImages/006991.jpg,output/mid_frequency/pixelate/severity_5/006991.png,voc2007,test,pixelate,mid,4,5,main,,500,338,1,"[""dog""]"
006991,data/VOCdevkit/VOC2007/JPEGImages/006991.jpg,output/mid_frequency/defocus_blur/severity_1/006991.png,voc2007,test,defocus_blur,mid,5,1,main,,500,338,1,"[""dog""]"
006991,data/VOCdevkit/VOC2007/JPEGImages/006991.jpg,output/mid_frequency/defocus_blur/severity_2/006991.png,voc2007,test,defocus_blur,mid,5,2,main,,500,338,1,"[""dog""]"
006991,data/VOCdevkit/VOC2007/JPEGImages/006991.jpg,output/mid_frequency/defocus_blur/severity_3/006991.png,voc2007,test,defocus_blur,mid,5,3,main,,500,338,1,"[""dog""]"
006991,data/VOCdevkit/VOC2007/JPEGImages/006991.jpg,output/mid_frequency/defocus_blur/severity_4/006991.png,voc2007,test,defocus_blur,mid,5,4,main,,500,338,1,"[""dog""]"
006991,data/VOCdevkit/VOC2007/JPEGImages/006991.jpg,output/mid_frequency/defocus_blur/severity_5/006991.png,voc2007,test,defocus_blur,mid,5,5,main,,500,338,1,"[""dog""]"
006991,data/VOCdevkit/VOC2007/JPEGImages/006991.jpg,output/mid_frequency/motion_blur/severity_1/006991.png,voc2007,test,motion_blur,mid,6,1,main,,500,338,1,"[""dog""]"
006991,data/VOCdevkit/VOC2007/JPEGImages/006991.jpg,output/mid_frequency/motion_blur/severity_2/006991.png,voc2007,test,motion_blur,mid,6,2,main,,500,338,1,"[""dog""]"
006991,data/VOCdevkit/VOC2007/JPEGImages/006991.jpg,output/mid_frequency/motion_blur/severity_3/006991.png,voc2007,test,motion_blur,mid,6,3,main,,500,338,1,"[""dog""]"
006991,data/VOCdevkit/VOC2007/JPEGImages/006991.jpg,output/mid_frequency/motion_blur/severity_4/006991.png,voc2007,test,motion_blur,mid,6,4,main,,500,338,1,"[""dog""]"
006991,data/VOCdevkit/VOC2007/JPEGImages/006991.jpg,output/mid_frequency/motion_blur/severity_5/006991.png,voc2007,test,motion_blur,mid,6,5,main,,500,338,1,"[""dog""]"
006991,data/VOCdevkit/VOC2007/JPEGImages/006991.jpg,output/low_frequency/fog/severity_1/006991.png,voc2007,test,fog,low,7,1,main,,500,338,1,"[""dog""]"
006991,data/VOCdevkit/VOC2007/JPEGImages/006991.jpg,output/low_frequency/fog/severity_2/006991.png,voc2007,test,fog,low,7,2,main,,500,338,1,"[""dog""]"
006991,data/VOCdevkit/VOC2007/JPEGImages/006991.jpg,output/low_frequency/fog/severity_3/006991.png,voc2007,test,fog,low,7,3,main,,500,338,1,"[""dog""]"
006991,data/VOCdevkit/VOC2007/JPEGImages/006991.jpg,output/low_frequency/fog/severity_4/006991.png,voc2007,test,fog,low,7,4,main,,500,338,1,"[""dog""]"
006991,data/VOCdevkit/VOC2007/JPEGImages/006991.jpg,output/low_frequency/fog/severity_5/006991.png,voc2007,test,fog,low,7,5,main,,500,338,1,"[""dog""]"
006991,data/VOCdevkit/VOC2007/JPEGImages/006991.jpg,output/low_frequency/contrast/severity_1/006991.png,voc2007,test,contrast,low,8,1,main,,500,338,1,"[""dog""]"
006991,data/VOCdevkit/VOC2007/JPEGImages/006991.jpg,output/low_frequency/contrast/severity_2/006991.png,voc2007,test,contrast,low,8,2,main,,500,338,1,"[""dog""]"
006991,data/VOCdevkit/VOC2007/JPEGImages/006991.jpg,output/low_frequency/contrast/severity_3/006991.png,voc2007,test,contrast,low,8,3,main,,500,338,1,"[""dog""]"
006991,data/VOCdevkit/VOC2007/JPEGImages/006991.jpg,output/low_frequency/contrast/severity_4/006991.png,voc2007,test,contrast,low,8,4,main,,500,338,1,"[""dog""]"
006991,data/VOCdevkit/VOC2007/JPEGImages/006991.jpg,output/low_frequency/contrast/severity_5/006991.png,voc2007,test,contrast,low,8,5,main,,500,338,1,"[""dog""]"
005596,data/VOCdevkit/VOC2007/JPEGImages/005596.jpg,output/clean/005596.png,voc2007,test,clean,none,0,0,clean,,375,500,7,"[""person"", ""person"", ""person"", ""person"", ""person"", ""person"", ""chair""]"
005596,data/VOCdevkit/VOC2007/JPEGImages/005596.jpg,output/high_frequency/gaussian_noise/severity_1/005596.png,voc2007,test,gaussian_noise,high,1,1,main,,375,500,7,"[""person"", ""person"", ""person"", ""person"", ""person"", ""person"", ""chair""]"
005596,data/VOCdevkit/VOC2007/JPEGImages/005596.jpg,output/high_frequency/gaussian_noise/severity_2/005596.png,voc2007,test,gaussian_noise,high,1,2,main,,375,500,7,"[""person"", ""person"", ""person"", ""person"", ""person"", ""person"", ""chair""]"
005596,data/VOCdevkit/VOC2007/JPEGImages/005596.jpg,output/high_frequency/gaussian_noise/severity_3/005596.png,voc2007,test,gaussian_noise,high,1,3,main,,375,500,7,"[""person"", ""person"", ""person"", ""person"", ""person"", ""person"", ""chair""]"
005596,data/VOCdevkit/VOC2007/JPEGImages/005596.jpg,output/high_frequency/gaussian_noise/severity_4/005596.png,voc2007,test,gaussian_noise,high,1,4,main,,375,500,7,"[""person"", ""person"", ""person"", ""person"", ""person"", ""person"", ""chair""]"
005596,data/VOCdevkit/VOC2007/JPEGImages/005596.jpg,output/high_frequency/gaussian_noise/severity_5/005596.png,voc2007,test,gaussian_noise,high,1,5,main,,375,500,7,"[""person"", ""person"", ""person"", ""person"", ""person"", ""person"", ""chair""]"
005596,data/VOCdevkit/VOC2007/JPEGImages/005596.jpg,output/high_frequency/shot_noise/severity_1/005596.png,voc2007,test,shot_noise,high,2,1,main,,375,500,7,"[""person"", ""person"", ""person"", ""person"", ""person"", ""person"", ""chair""]"
005596,data/VOCdevkit/VOC2007/JPEGImages/005596.jpg,output/high_frequency/shot_noise/severity_2/005596.png,voc2007,test,shot_noise,high,2,2,main,,375,500,7,"[""person"", ""person"", ""person"", ""person"", ""person"", ""person"", ""chair""]"
005596,data/VOCdevkit/VOC2007/JPEGImages/005596.jpg,output/high_frequency/shot_noise/severity_3/005596.png,voc2007,test,shot_noise,high,2,3,main,,375,500,7,"[""person"", ""person"", ""person"", ""person"", ""person"", ""person"", ""chair""]"
005596,data/VOCdevkit/VOC2007/JPEGImages/005596.jpg,output/high_frequency/shot_noise/severity_4/005596.png,voc2007,test,shot_noise,high,2,4,main,,375,500,7,"[""person"", ""person"", ""person"", ""person"", ""person"", ""person"", ""chair""]"
005596,data/VOCdevkit/VOC2007/JPEGImages/005596.jpg,output/high_frequency/shot_noise/severity_5/005596.png,voc2007,test,shot_noise,high,2,5,main,,375,500,7,"[""person"", ""person"", ""person"", ""person"", ""person"", ""person"", ""chair""]"
005596,data/VOCdevkit/VOC2007/JPEGImages/005596.jpg,output/high_frequency/jpeg_compression/severity_1/005596.png,voc2007,test,jpeg_compression,high,3,1,main,,375,500,7,"[""person"", ""person"", ""person"", ""person"", ""person"", ""person"", ""chair""]"
005596,data/VOCdevkit/VOC2007/JPEGImages/005596.jpg,output/high_frequency/jpeg_compression/severity_2/005596.png,voc2007,test,jpeg_compression,high,3,2,main,,375,500,7,"[""person"", ""person"", ""person"", ""person"", ""person"", ""person"", ""chair""]"
005596,data/VOCdevkit/VOC2007/JPEGImages/005596.jpg,output/high_frequency/jpeg_compression/severity_3/005596.png,voc2007,test,jpeg_compression,high,3,3,main,,375,500,7,"[""person"", ""person"", ""person"", ""person"", ""person"", ""person"", ""chair""]"
005596,data/VOCdevkit/VOC2007/JPEGImages/005596.jpg,output/high_frequency/jpeg_compression/severity_4/005596.png,voc2007,test,jpeg_compression,high,3,4,main,,375,500,7,"[""person"", ""person"", ""person"", ""person"", ""person"", ""person"", ""chair""]"
005596,data/VOCdevkit/VOC2007/JPEGImages/005596.jpg,output/high_frequency/jpeg_compression/severity_5/005596.png,voc2007,test,jpeg_compression,high,3,5,main,,375,500,7,"[""person"", ""person"", ""person"", ""person"", ""person"", ""person"", ""chair""]"
005596,data/VOCdevkit/VOC2007/JPEGImages/005596.jpg,output/mid_frequency/pixelate/severity_1/005596.png,voc2007,test,pixelate,mid,4,1,main,,375,500,7,"[""person"", ""person"", ""person"", ""person"", ""person"", ""person"", ""chair""]"
005596,data/VOCdevkit/VOC2007/JPEGImages/005596.jpg,output/mid_frequency/pixelate/severity_2/005596.png,voc2007,test,pixelate,mid,4,2,main,,375,500,7,"[""person"", ""person"", ""person"", ""person"", ""person"", ""person"", ""chair""]"
005596,data/VOCdevkit/VOC2007/JPEGImages/005596.jpg,output/mid_frequency/pixelate/severity_3/005596.png,voc2007,test,pixelate,mid,4,3,main,,375,500,7,"[""person"", ""person"", ""person"", ""person"", ""person"", ""person"", ""chair""]"
005596,data/VOCdevkit/VOC2007/JPEGImages/005596.jpg,output/mid_frequency/pixelate/severity_4/005596.png,voc2007,test,pixelate,mid,4,4,main,,375,500,7,"[""person"", ""person"", ""person"", ""person"", ""person"", ""person"", ""chair""]"
005596,data/VOCdevkit/VOC2007/JPEGImages/005596.jpg,output/mid_frequency/pixelate/severity_5/005596.png,voc2007,test,pixelate,mid,4,5,main,,375,500,7,"[""person"", ""person"", ""person"", ""person"", ""person"", ""person"", ""chair""]"
005596,data/VOCdevkit/VOC2007/JPEGImages/005596.jpg,output/mid_frequency/defocus_blur/severity_1/005596.png,voc2007,test,defocus_blur,mid,5,1,main,,375,500,7,"[""person"", ""person"", ""person"", ""person"", ""person"", ""person"", ""chair""]"
005596,data/VOCdevkit/VOC2007/JPEGImages/005596.jpg,output/mid_frequency/defocus_blur/severity_2/005596.png,voc2007,test,defocus_blur,mid,5,2,main,,375,500,7,"[""person"", ""person"", ""person"", ""person"", ""person"", ""person"", ""chair""]"
005596,data/VOCdevkit/VOC2007/JPEGImages/005596.jpg,output/mid_frequency/defocus_blur/severity_3/005596.png,voc2007,test,defocus_blur,mid,5,3,main,,375,500,7,"[""person"", ""person"", ""person"", ""person"", ""person"", ""person"", ""chair""]"
005596,data/VOCdevkit/VOC2007/JPEGImages/005596.jpg,output/mid_frequency/defocus_blur/severity_4/005596.png,voc2007,test,defocus_blur,mid,5,4,main,,375,500,7,"[""person"", ""person"", ""person"", ""person"", ""person"", ""person"", ""chair""]"
005596,data/VOCdevkit/VOC2007/JPEGImages/005596.jpg,output/mid_frequency/defocus_blur/severity_5/005596.png,voc2007,test,defocus_blur,mid,5,5,main,,375,500,7,"[""person"", ""person"", ""person"", ""person"", ""person"", ""person"", ""chair""]"
005596,data/VOCdevkit/VOC2007/JPEGImages/005596.jpg,output/mid_frequency/motion_blur/severity_1/005596.png,voc2007,test,motion_blur,mid,6,1,main,,375,500,7,"[""person"", ""person"", ""person"", ""person"", ""person"", ""person"", ""chair""]"
005596,data/VOCdevkit/VOC2007/JPEGImages/005596.jpg,output/mid_frequency/motion_blur/severity_2/005596.png,voc2007,test,motion_blur,mid,6,2,main,,375,500,7,"[""person"", ""person"", ""person"", ""person"", ""person"", ""person"", ""chair""]"
005596,data/VOCdevkit/VOC2007/JPEGImages/005596.jpg,output/mid_frequency/motion_blur/severity_3/005596.png,voc2007,test,motion_blur,mid,6,3,main,,375,500,7,"[""person"", ""person"", ""person"", ""person"", ""person"", ""person"", ""chair""]"
005596,data/VOCdevkit/VOC2007/JPEGImages/005596.jpg,output/mid_frequency/motion_blur/severity_4/005596.png,voc2007,test,motion_blur,mid,6,4,main,,375,500,7,"[""person"", ""person"", ""person"", ""person"", ""person"", ""person"", ""chair""]"
005596,data/VOCdevkit/VOC2007/JPEGImages/005596.jpg,output/mid_frequency/motion_blur/severity_5/005596.png,voc2007,test,motion_blur,mid,6,5,main,,375,500,7,"[""person"", ""person"", ""person"", ""person"", ""person"", ""person"", ""chair""]"
005596,data/VOCdevkit/VOC2007/JPEGImages/005596.jpg,output/low_frequency/fog/severity_1/005596.png,voc2007,test,fog,low,7,1,main,,375,500,7,"[""person"", ""person"", ""person"", ""person"", ""person"", ""person"", ""chair""]"
005596,data/VOCdevkit/VOC2007/JPEGImages/005596.jpg,output/low_frequency/fog/severity_2/005596.png,voc2007,test,fog,low,7,2,main,,375,500,7,"[""person"", ""person"", ""person"", ""person"", ""person"", ""person"", ""chair""]"
005596,data/VOCdevkit/VOC2007/JPEGImages/005596.jpg,output/low_frequency/fog/severity_3/005596.png,voc2007,test,fog,low,7,3,main,,375,500,7,"[""person"", ""person"", ""person"", ""person"", ""person"", ""person"", ""chair""]"
005596,data/VOCdevkit/VOC2007/JPEGImages/005596.jpg,output/low_frequency/fog/severity_4/005596.png,voc2007,test,fog,low,7,4,main,,375,500,7,"[""person"", ""person"", ""person"", ""person"", ""person"", ""person"", ""chair""]"
005596,data/VOCdevkit/VOC2007/JPEGImages/005596.jpg,output/low_frequency/fog/severity_5/005596.png,voc2007,test,fog,low,7,5,main,,375,500,7,"[""person"", ""person"", ""person"", ""person"", ""person"", ""person"", ""chair""]"
005596,data/VOCdevkit/VOC2007/JPEGImages/005596.jpg,output/low_frequency/contrast/severity_1/005596.png,voc2007,test,contrast,low,8,1,main,,375,500,7,"[""person"", ""person"", ""person"", ""person"", ""person"", ""person"", ""chair""]"
005596,data/VOCdevkit/VOC2007/JPEGImages/005596.jpg,output/low_frequency/contrast/severity_2/005596.png,voc2007,test,contrast,low,8,2,main,,375,500,7,"[""person"", ""person"", ""person"", ""person"", ""person"", ""person"", ""chair""]"
005596,data/VOCdevkit/VOC2007/JPEGImages/005596.jpg,output/low_frequency/contrast/severity_3/005596.png,voc2007,test,contrast,low,8,3,main,,375,500,7,"[""person"", ""person"", ""person"", ""person"", ""person"", ""person"", ""chair""]"
005596,data/VOCdevkit/VOC2007/JPEGImages/005596.jpg,output/low_frequency/contrast/severity_4/005596.png,voc2007,test,contrast,low,8,4,main,,375,500,7,"[""person"", ""person"", ""person"", ""person"", ""person"", ""person"", ""chair""]"
005596,data/VOCdevkit/VOC2007/JPEGImages/005596.jpg,output/low_frequency/contrast/severity_5/005596.png,voc2007,test,contrast,low,8,5,main,,375,500,7,"[""person"", ""person"", ""person"", ""person"", ""person"", ""person"", ""chair""]"
004572,data/VOCdevkit/VOC2007/JPEGImages/004572.jpg,output/clean/004572.png,voc2007,test,clean,none,0,0,clean,,500,375,1,"[""aeroplane""]"
004572,data/VOCdevkit/VOC2007/JPEGImages/004572.jpg,output/high_frequency/gaussian_noise/severity_1/004572.png,voc2007,test,gaussian_noise,high,1,1,main,,500,375,1,"[""aeroplane""]"
004572,data/VOCdevkit/VOC2007/JPEGImages/004572.jpg,output/high_frequency/gaussian_noise/severity_2/004572.png,voc2007,test,gaussian_noise,high,1,2,main,,500,375,1,"[""aeroplane""]"
004572,data/VOCdevkit/VOC2007/JPEGImages/004572.jpg,output/high_frequency/gaussian_noise/severity_3/004572.png,voc2007,test,gaussian_noise,high,1,3,main,,500,375,1,"[""aeroplane""]"
004572,data/VOCdevkit/VOC2007/JPEGImages/004572.jpg,output/high_frequency/gaussian_noise/severity_4/004572.png,voc2007,test,gaussian_noise,high,1,4,main,,500,375,1,"[""aeroplane""]"
004572,data/VOCdevkit/VOC2007/JPEGImages/004572.jpg,output/high_frequency/gaussian_noise/severity_5/004572.png,voc2007,test,gaussian_noise,high,1,5,main,,500,375,1,"[""aeroplane""]"
004572,data/VOCdevkit/VOC2007/JPEGImages/004572.jpg,output/high_frequency/shot_noise/severity_1/004572.png,voc2007,test,shot_noise,high,2,1,main,,500,375,1,"[""aeroplane""]"
004572,data/VOCdevkit/VOC2007/JPEGImages/004572.jpg,output/high_frequency/shot_noise/severity_2/004572.png,voc2007,test,shot_noise,high,2,2,main,,500,375,1,"[""aeroplane""]"
004572,data/VOCdevkit/VOC2007/JPEGImages/004572.jpg,output/high_frequency/shot_noise/severity_3/004572.png,voc2007,test,shot_noise,high,2,3,main,,500,375,1,"[""aeroplane""]"
004572,data/VOCdevkit/VOC2007/JPEGImages/004572.jpg,output/high_frequency/shot_noise/severity_4/004572.png,voc2007,test,shot_noise,high,2,4,main,,500,375,1,"[""aeroplane""]"
004572,data/VOCdevkit/VOC2007/JPEGImages/004572.jpg,output/high_frequency/shot_noise/severity_5/004572.png,voc2007,test,shot_noise,high,2,5,main,,500,375,1,"[""aeroplane""]"
004572,data/VOCdevkit/VOC2007/JPEGImages/004572.jpg,output/high_frequency/jpeg_compression/severity_1/004572.png,voc2007,test,jpeg_compression,high,3,1,main,,500,375,1,"[""aeroplane""]"
004572,data/VOCdevkit/VOC2007/JPEGImages/004572.jpg,output/high_frequency/jpeg_compression/severity_2/004572.png,voc2007,test,jpeg_compression,high,3,2,main,,500,375,1,"[""aeroplane""]"
004572,data/VOCdevkit/VOC2007/JPEGImages/004572.jpg,output/high_frequency/jpeg_compression/severity_3/004572.png,voc2007,test,jpeg_compression,high,3,3,main,,500,375,1,"[""aeroplane""]"
004572,data/VOCdevkit/VOC2007/JPEGImages/004572.jpg,output/high_frequency/jpeg_compression/severity_4/004572.png,voc2007,test,jpeg_compression,high,3,4,main,,500,375,1,"[""aeroplane""]"
004572,data/VOCdevkit/VOC2007/JPEGImages/004572.jpg,output/high_frequency/jpeg_compression/severity_5/004572.png,voc2007,test,jpeg_compression,high,3,5,main,,500,375,1,"[""aeroplane""]"
004572,data/VOCdevkit/VOC2007/JPEGImages/004572.jpg,output/mid_frequency/pixelate/severity_1/004572.png,voc2007,test,pixelate,mid,4,1,main,,500,375,1,"[""aeroplane""]"
004572,data/VOCdevkit/VOC2007/JPEGImages/004572.jpg,output/mid_frequency/pixelate/severity_2/004572.png,voc2007,test,pixelate,mid,4,2,main,,500,375,1,"[""aeroplane""]"
004572,data/VOCdevkit/VOC2007/JPEGImages/004572.jpg,output/mid_frequency/pixelate/severity_3/004572.png,voc2007,test,pixelate,mid,4,3,main,,500,375,1,"[""aeroplane""]"
004572,data/VOCdevkit/VOC2007/JPEGImages/004572.jpg,output/mid_frequency/pixelate/severity_4/004572.png,voc2007,test,pixelate,mid,4,4,main,,500,375,1,"[""aeroplane""]"
004572,data/VOCdevkit/VOC2007/JPEGImages/004572.jpg,output/mid_frequency/pixelate/severity_5/004572.png,voc2007,test,pixelate,mid,4,5,main,,500,375,1,"[""aeroplane""]"
004572,data/VOCdevkit/VOC2007/JPEGImages/004572.jpg,output/mid_frequency/defocus_blur/severity_1/004572.png,voc2007,test,defocus_blur,mid,5,1,main,,500,375,1,"[""aeroplane""]"
004572,data/VOCdevkit/VOC2007/JPEGImages/004572.jpg,output/mid_frequency/defocus_blur/severity_2/004572.png,voc2007,test,defocus_blur,mid,5,2,main,,500,375,1,"[""aeroplane""]"
004572,data/VOCdevkit/VOC2007/JPEGImages/004572.jpg,output/mid_frequency/defocus_blur/severity_3/004572.png,voc2007,test,defocus_blur,mid,5,3,main,,500,375,1,"[""aeroplane""]"
004572,data/VOCdevkit/VOC2007/JPEGImages/004572.jpg,output/mid_frequency/defocus_blur/severity_4/004572.png,voc2007,test,defocus_blur,mid,5,4,main,,500,375,1,"[""aeroplane""]"
004572,data/VOCdevkit/VOC2007/JPEGImages/004572.jpg,output/mid_frequency/defocus_blur/severity_5/004572.png,voc2007,test,defocus_blur,mid,5,5,main,,500,375,1,"[""aeroplane""]"
004572,data/VOCdevkit/VOC2007/JPEGImages/004572.jpg,output/mid_frequency/motion_blur/severity_1/004572.png,voc2007,test,motion_blur,mid,6,1,main,,500,375,1,"[""aeroplane""]"
004572,data/VOCdevkit/VOC2007/JPEGImages/004572.jpg,output/mid_frequency/motion_blur/severity_2/004572.png,voc2007,test,motion_blur,mid,6,2,main,,500,375,1,"[""aeroplane""]"
004572,data/VOCdevkit/VOC2007/JPEGImages/004572.jpg,output/mid_frequency/motion_blur/severity_3/004572.png,voc2007,test,motion_blur,mid,6,3,main,,500,375,1,"[""aeroplane""]"
004572,data/VOCdevkit/VOC2007/JPEGImages/004572.jpg,output/mid_frequency/motion_blur/severity_4/004572.png,voc2007,test,motion_blur,mid,6,4,main,,500,375,1,"[""aeroplane""]"
004572,data/VOCdevkit/VOC2007/JPEGImages/004572.jpg,output/mid_frequency/motion_blur/severity_5/004572.png,voc2007,test,motion_blur,mid,6,5,main,,500,375,1,"[""aeroplane""]"
004572,data/VOCdevkit/VOC2007/JPEGImages/004572.jpg,output/low_frequency/fog/severity_1/004572.png,voc2007,test,fog,low,7,1,main,,500,375,1,"[""aeroplane""]"
004572,data/VOCdevkit/VOC2007/JPEGImages/004572.jpg,output/low_frequency/fog/severity_2/004572.png,voc2007,test,fog,low,7,2,main,,500,375,1,"[""aeroplane""]"
004572,data/VOCdevkit/VOC2007/JPEGImages/004572.jpg,output/low_frequency/fog/severity_3/004572.png,voc2007,test,fog,low,7,3,main,,500,375,1,"[""aeroplane""]"
004572,data/VOCdevkit/VOC2007/JPEGImages/004572.jpg,output/low_frequency/fog/severity_4/004572.png,voc2007,test,fog,low,7,4,main,,500,375,1,"[""aeroplane""]"
004572,data/VOCdevkit/VOC2007/JPEGImages/004572.jpg,output/low_frequency/fog/severity_5/004572.png,voc2007,test,fog,low,7,5,main,,500,375,1,"[""aeroplane""]"
004572,data/VOCdevkit/VOC2007/JPEGImages/004572.jpg,output/low_frequency/contrast/severity_1/004572.png,voc2007,test,contrast,low,8,1,main,,500,375,1,"[""aeroplane""]"
004572,data/VOCdevkit/VOC2007/JPEGImages/004572.jpg,output/low_frequency/contrast/severity_2/004572.png,voc2007,test,contrast,low,8,2,main,,500,375,1,"[""aeroplane""]"
004572,data/VOCdevkit/VOC2007/JPEGImages/004572.jpg,output/low_frequency/contrast/severity_3/004572.png,voc2007,test,contrast,low,8,3,main,,500,375,1,"[""aeroplane""]"
004572,data/VOCdevkit/VOC2007/JPEGImages/004572.jpg,output/low_frequency/contrast/severity_4/004572.png,voc2007,test,contrast,low,8,4,main,,500,375,1,"[""aeroplane""]"
004572,data/VOCdevkit/VOC2007/JPEGImages/004572.jpg,output/low_frequency/contrast/severity_5/004572.png,voc2007,test,contrast,low,8,5,main,,500,375,1,"[""aeroplane""]"
002556,data/VOCdevkit/VOC2007/JPEGImages/002556.jpg,output/clean/002556.png,voc2007,test,clean,none,0,0,clean,,500,356,1,"[""car""]"
002556,data/VOCdevkit/VOC2007/JPEGImages/002556.jpg,output/high_frequency/gaussian_noise/severity_1/002556.png,voc2007,test,gaussian_noise,high,1,1,main,,500,356,1,"[""car""]"
002556,data/VOCdevkit/VOC2007/JPEGImages/002556.jpg,output/high_frequency/gaussian_noise/severity_2/002556.png,voc2007,test,gaussian_noise,high,1,2,main,,500,356,1,"[""car""]"
002556,data/VOCdevkit/VOC2007/JPEGImages/002556.jpg,output/high_frequency/gaussian_noise/severity_3/002556.png,voc2007,test,gaussian_noise,high,1,3,main,,500,356,1,"[""car""]"
002556,data/VOCdevkit/VOC2007/JPEGImages/002556.jpg,output/high_frequency/gaussian_noise/severity_4/002556.png,voc2007,test,gaussian_noise,high,1,4,main,,500,356,1,"[""car""]"
002556,data/VOCdevkit/VOC2007/JPEGImages/002556.jpg,output/high_frequency/gaussian_noise/severity_5/002556.png,voc2007,test,gaussian_noise,high,1,5,main,,500,356,1,"[""car""]"
002556,data/VOCdevkit/VOC2007/JPEGImages/002556.jpg,output/high_frequency/shot_noise/severity_1/002556.png,voc2007,test,shot_noise,high,2,1,main,,500,356,1,"[""car""]"
002556,data/VOCdevkit/VOC2007/JPEGImages/002556.jpg,output/high_frequency/shot_noise/severity_2/002556.png,voc2007,test,shot_noise,high,2,2,main,,500,356,1,"[""car""]"
002556,data/VOCdevkit/VOC2007/JPEGImages/002556.jpg,output/high_frequency/shot_noise/severity_3/002556.png,voc2007,test,shot_noise,high,2,3,main,,500,356,1,"[""car""]"
002556,data/VOCdevkit/VOC2007/JPEGImages/002556.jpg,output/high_frequency/shot_noise/severity_4/002556.png,voc2007,test,shot_noise,high,2,4,main,,500,356,1,"[""car""]"
002556,data/VOCdevkit/VOC2007/JPEGImages/002556.jpg,output/high_frequency/shot_noise/severity_5/002556.png,voc2007,test,shot_noise,high,2,5,main,,500,356,1,"[""car""]"
002556,data/VOCdevkit/VOC2007/JPEGImages/002556.jpg,output/high_frequency/jpeg_compression/severity_1/002556.png,voc2007,test,jpeg_compression,high,3,1,main,,500,356,1,"[""car""]"
002556,data/VOCdevkit/VOC2007/JPEGImages/002556.jpg,output/high_frequency/jpeg_compression/severity_2/002556.png,voc2007,test,jpeg_compression,high,3,2,main,,500,356,1,"[""car""]"
002556,data/VOCdevkit/VOC2007/JPEGImages/002556.jpg,output/high_frequency/jpeg_compression/severity_3/002556.png,voc2007,test,jpeg_compression,high,3,3,main,,500,356,1,"[""car""]"
002556,data/VOCdevkit/VOC2007/JPEGImages/002556.jpg,output/high_frequency/jpeg_compression/severity_4/002556.png,voc2007,test,jpeg_compression,high,3,4,main,,500,356,1,"[""car""]"
002556,data/VOCdevkit/VOC2007/JPEGImages/002556.jpg,output/high_frequency/jpeg_compression/severity_5/002556.png,voc2007,test,jpeg_compression,high,3,5,main,,500,356,1,"[""car""]"
002556,data/VOCdevkit/VOC2007/JPEGImages/002556.jpg,output/mid_frequency/pixelate/severity_1/002556.png,voc2007,test,pixelate,mid,4,1,main,,500,356,1,"[""car""]"
002556,data/VOCdevkit/VOC2007/JPEGImages/002556.jpg,output/mid_frequency/pixelate/severity_2/002556.png,voc2007,test,pixelate,mid,4,2,main,,500,356,1,"[""car""]"
002556,data/VOCdevkit/VOC2007/JPEGImages/002556.jpg,output/mid_frequency/pixelate/severity_3/002556.png,voc2007,test,pixelate,mid,4,3,main,,500,356,1,"[""car""]"
002556,data/VOCdevkit/VOC2007/JPEGImages/002556.jpg,output/mid_frequency/pixelate/severity_4/002556.png,voc2007,test,pixelate,mid,4,4,main,,500,356,1,"[""car""]"
002556,data/VOCdevkit/VOC2007/JPEGImages/002556.jpg,output/mid_frequency/pixelate/severity_5/002556.png,voc2007,test,pixelate,mid,4,5,main,,500,356,1,"[""car""]"
002556,data/VOCdevkit/VOC2007/JPEGImages/002556.jpg,output/mid_frequency/defocus_blur/severity_1/002556.png,voc2007,test,defocus_blur,mid,5,1,main,,500,356,1,"[""car""]"
002556,data/VOCdevkit/VOC2007/JPEGImages/002556.jpg,output/mid_frequency/defocus_blur/severity_2/002556.png,voc2007,test,defocus_blur,mid,5,2,main,,500,356,1,"[""car""]"
002556,data/VOCdevkit/VOC2007/JPEGImages/002556.jpg,output/mid_frequency/defocus_blur/severity_3/002556.png,voc2007,test,defocus_blur,mid,5,3,main,,500,356,1,"[""car""]"
002556,data/VOCdevkit/VOC2007/JPEGImages/002556.jpg,output/mid_frequency/defocus_blur/severity_4/002556.png,voc2007,test,defocus_blur,mid,5,4,main,,500,356,1,"[""car""]"
002556,data/VOCdevkit/VOC2007/JPEGImages/002556.jpg,output/mid_frequency/defocus_blur/severity_5/002556.png,voc2007,test,defocus_blur,mid,5,5,main,,500,356,1,"[""car""]"
002556,data/VOCdevkit/VOC2007/JPEGImages/002556.jpg,output/mid_frequency/motion_blur/severity_1/002556.png,voc2007,test,motion_blur,mid,6,1,main,,500,356,1,"[""car""]"
002556,data/VOCdevkit/VOC2007/JPEGImages/002556.jpg,output/mid_frequency/motion_blur/severity_2/002556.png,voc2007,test,motion_blur,mid,6,2,main,,500,356,1,"[""car""]"
002556,data/VOCdevkit/VOC2007/JPEGImages/002556.jpg,output/mid_frequency/motion_blur/severity_3/002556.png,voc2007,test,motion_blur,mid,6,3,main,,500,356,1,"[""car""]"
002556,data/VOCdevkit/VOC2007/JPEGImages/002556.jpg,output/mid_frequency/motion_blur/severity_4/002556.png,voc2007,test,motion_blur,mid,6,4,main,,500,356,1,"[""car""]"
002556,data/VOCdevkit/VOC2007/JPEGImages/002556.jpg,output/mid_frequency/motion_blur/severity_5/002556.png,voc2007,test,motion_blur,mid,6,5,main,,500,356,1,"[""car""]"
002556,data/VOCdevkit/VOC2007/JPEGImages/002556.jpg,output/low_frequency/fog/severity_1/002556.png,voc2007,test,fog,low,7,1,main,,500,356,1,"[""car""]"
002556,data/VOCdevkit/VOC2007/JPEGImages/002556.jpg,output/low_frequency/fog/severity_2/002556.png,voc2007,test,fog,low,7,2,main,,500,356,1,"[""car""]"
002556,data/VOCdevkit/VOC2007/JPEGImages/002556.jpg,output/low_frequency/fog/severity_3/002556.png,voc2007,test,fog,low,7,3,main,,500,356,1,"[""car""]"
002556,data/VOCdevkit/VOC2007/JPEGImages/002556.jpg,output/low_frequency/fog/severity_4/002556.png,voc2007,test,fog,low,7,4,main,,500,356,1,"[""car""]"
002556,data/VOCdevkit/VOC2007/JPEGImages/002556.jpg,output/low_frequency/fog/severity_5/002556.png,voc2007,test,fog,low,7,5,main,,500,356,1,"[""car""]"
002556,data/VOCdevkit/VOC2007/JPEGImages/002556.jpg,output/low_frequency/contrast/severity_1/002556.png,voc2007,test,contrast,low,8,1,main,,500,356,1,"[""car""]"
002556,data/VOCdevkit/VOC2007/JPEGImages/002556.jpg,output/low_frequency/contrast/severity_2/002556.png,voc2007,test,contrast,low,8,2,main,,500,356,1,"[""car""]"
002556,data/VOCdevkit/VOC2007/JPEGImages/002556.jpg,output/low_frequency/contrast/severity_3/002556.png,voc2007,test,contrast,low,8,3,main,,500,356,1,"[""car""]"
002556,data/VOCdevkit/VOC2007/JPEGImages/002556.jpg,output/low_frequency/contrast/severity_4/002556.png,voc2007,test,contrast,low,8,4,main,,500,356,1,"[""car""]"
002556,data/VOCdevkit/VOC2007/JPEGImages/002556.jpg,output/low_frequency/contrast/severity_5/002556.png,voc2007,test,contrast,low,8,5,main,,500,356,1,"[""car""]"
003553,data/VOCdevkit/VOC2007/JPEGImages/003553.jpg,output/clean/003553.png,voc2007,test,clean,none,0,0,clean,,500,375,4,"[""car"", ""car"", ""person"", ""person""]"
003553,data/VOCdevkit/VOC2007/JPEGImages/003553.jpg,output/high_frequency/gaussian_noise/severity_1/003553.png,voc2007,test,gaussian_noise,high,1,1,main,,500,375,4,"[""car"", ""car"", ""person"", ""person""]"
003553,data/VOCdevkit/VOC2007/JPEGImages/003553.jpg,output/high_frequency/gaussian_noise/severity_2/003553.png,voc2007,test,gaussian_noise,high,1,2,main,,500,375,4,"[""car"", ""car"", ""person"", ""person""]"
003553,data/VOCdevkit/VOC2007/JPEGImages/003553.jpg,output/high_frequency/gaussian_noise/severity_3/003553.png,voc2007,test,gaussian_noise,high,1,3,main,,500,375,4,"[""car"", ""car"", ""person"", ""person""]"
003553,data/VOCdevkit/VOC2007/JPEGImages/003553.jpg,output/high_frequency/gaussian_noise/severity_4/003553.png,voc2007,test,gaussian_noise,high,1,4,main,,500,375,4,"[""car"", ""car"", ""person"", ""person""]"
003553,data/VOCdevkit/VOC2007/JPEGImages/003553.jpg,output/high_frequency/gaussian_noise/severity_5/003553.png,voc2007,test,gaussian_noise,high,1,5,main,,500,375,4,"[""car"", ""car"", ""person"", ""person""]"
003553,data/VOCdevkit/VOC2007/JPEGImages/003553.jpg,output/high_frequency/shot_noise/severity_1/003553.png,voc2007,test,shot_noise,high,2,1,main,,500,375,4,"[""car"", ""car"", ""person"", ""person""]"
003553,data/VOCdevkit/VOC2007/JPEGImages/003553.jpg,output/high_frequency/shot_noise/severity_2/003553.png,voc2007,test,shot_noise,high,2,2,main,,500,375,4,"[""car"", ""car"", ""person"", ""person""]"
003553,data/VOCdevkit/VOC2007/JPEGImages/003553.jpg,output/high_frequency/shot_noise/severity_3/003553.png,voc2007,test,shot_noise,high,2,3,main,,500,375,4,"[""car"", ""car"", ""person"", ""person""]"
003553,data/VOCdevkit/VOC2007/JPEGImages/003553.jpg,output/high_frequency/shot_noise/severity_4/003553.png,voc2007,test,shot_noise,high,2,4,main,,500,375,4,"[""car"", ""car"", ""person"", ""person""]"
003553,data/VOCdevkit/VOC2007/JPEGImages/003553.jpg,output/high_frequency/shot_noise/severity_5/003553.png,voc2007,test,shot_noise,high,2,5,main,,500,375,4,"[""car"", ""car"", ""person"", ""person""]"
003553,data/VOCdevkit/VOC2007/JPEGImages/003553.jpg,output/high_frequency/jpeg_compression/severity_1/003553.png,voc2007,test,jpeg_compression,high,3,1,main,,500,375,4,"[""car"", ""car"", ""person"", ""person""]"
003553,data/VOCdevkit/VOC2007/JPEGImages/003553.jpg,output/high_frequency/jpeg_compression/severity_2/003553.png,voc2007,test,jpeg_compression,high,3,2,main,,500,375,4,"[""car"", ""car"", ""person"", ""person""]"
003553,data/VOCdevkit/VOC2007/JPEGImages/003553.jpg,output/high_frequency/jpeg_compression/severity_3/003553.png,voc2007,test,jpeg_compression,high,3,3,main,,500,375,4,"[""car"", ""car"", ""person"", ""person""]"
003553,data/VOCdevkit/VOC2007/JPEGImages/003553.jpg,output/high_frequency/jpeg_compression/severity_4/003553.png,voc2007,test,jpeg_compression,high,3,4,main,,500,375,4,"[""car"", ""car"", ""person"", ""person""]"
003553,data/VOCdevkit/VOC2007/JPEGImages/003553.jpg,output/high_frequency/jpeg_compression/severity_5/003553.png,voc2007,test,jpeg_compression,high,3,5,main,,500,375,4,"[""car"", ""car"", ""person"", ""person""]"
003553,data/VOCdevkit/VOC2007/JPEGImages/003553.jpg,output/mid_frequency/pixelate/severity_1/003553.png,voc2007,test,pixelate,mid,4,1,main,,500,375,4,"[""car"", ""car"", ""person"", ""person""]"
003553,data/VOCdevkit/VOC2007/JPEGImages/003553.jpg,output/mid_frequency/pixelate/severity_2/003553.png,voc2007,test,pixelate,mid,4,2,main,,500,375,4,"[""car"", ""car"", ""person"", ""person""]"
003553,data/VOCdevkit/VOC2007/JPEGImages/003553.jpg,output/mid_frequency/pixelate/severity_3/003553.png,voc2007,test,pixelate,mid,4,3,main,,500,375,4,"[""car"", ""car"", ""person"", ""person""]"
003553,data/VOCdevkit/VOC2007/JPEGImages/003553.jpg,output/mid_frequency/pixelate/severity_4/003553.png,voc2007,test,pixelate,mid,4,4,main,,500,375,4,"[""car"", ""car"", ""person"", ""person""]"
003553,data/VOCdevkit/VOC2007/JPEGImages/003553.jpg,output/mid_frequency/pixelate/severity_5/003553.png,voc2007,test,pixelate,mid,4,5,main,,500,375,4,"[""car"", ""car"", ""person"", ""person""]"
003553,data/VOCdevkit/VOC2007/JPEGImages/003553.jpg,output/mid_frequency/defocus_blur/severity_1/003553.png,voc2007,test,defocus_blur,mid,5,1,main,,500,375,4,"[""car"", ""car"", ""person"", ""person""]"
003553,data/VOCdevkit/VOC2007/JPEGImages/003553.jpg,output/mid_frequency/defocus_blur/severity_2/003553.png,voc2007,test,defocus_blur,mid,5,2,main,,500,375,4,"[""car"", ""car"", ""person"", ""person""]"
003553,data/VOCdevkit/VOC2007/JPEGImages/003553.jpg,output/mid_frequency/defocus_blur/severity_3/003553.png,voc2007,test,defocus_blur,mid,5,3,main,,500,375,4,"[""car"", ""car"", ""person"", ""person""]"
003553,data/VOCdevkit/VOC2007/JPEGImages/003553.jpg,output/mid_frequency/defocus_blur/severity_4/003553.png,voc2007,test,defocus_blur,mid,5,4,main,,500,375,4,"[""car"", ""car"", ""person"", ""person""]"
003553,data/VOCdevkit/VOC2007/JPEGImages/003553.jpg,output/mid_frequency/defocus_blur/severity_5/003553.png,voc2007,test,defocus_blur,mid,5,5,main,,500,375,4,"[""car"", ""car"", ""person"", ""person""]"
003553,data/VOCdevkit/VOC2007/JPEGImages/003553.jpg,output/mid_frequency/motion_blur/severity_1/003553.png,voc2007,test,motion_blur,mid,6,1,main,,500,375,4,"[""car"", ""car"", ""person"", ""person""]"
003553,data/VOCdevkit/VOC2007/JPEGImages/003553.jpg,output/mid_frequency/motion_blur/severity_2/003553.png,voc2007,test,motion_blur,mid,6,2,main,,500,375,4,"[""car"", ""car"", ""person"", ""person""]"
003553,data/VOCdevkit/VOC2007/JPEGImages/003553.jpg,output/mid_frequency/motion_blur/severity_3/003553.png,voc2007,test,motion_blur,mid,6,3,main,,500,375,4,"[""car"", ""car"", ""person"", ""person""]"
003553,data/VOCdevkit/VOC2007/JPEGImages/003553.jpg,output/mid_frequency/motion_blur/severity_4/003553.png,voc2007,test,motion_blur,mid,6,4,main,,500,375,4,"[""car"", ""car"", ""person"", ""person""]"
003553,data/VOCdevkit/VOC2007/JPEGImages/003553.jpg,output/mid_frequency/motion_blur/severity_5/003553.png,voc2007,test,motion_blur,mid,6,5,main,,500,375,4,"[""car"", ""car"", ""person"", ""person""]"
003553,data/VOCdevkit/VOC2007/JPEGImages/003553.jpg,output/low_frequency/fog/severity_1/003553.png,voc2007,test,fog,low,7,1,main,,500,375,4,"[""car"", ""car"", ""person"", ""person""]"
003553,data/VOCdevkit/VOC2007/JPEGImages/003553.jpg,output/low_frequency/fog/severity_2/003553.png,voc2007,test,fog,low,7,2,main,,500,375,4,"[""car"", ""car"", ""person"", ""person""]"
003553,data/VOCdevkit/VOC2007/JPEGImages/003553.jpg,output/low_frequency/fog/severity_3/003553.png,voc2007,test,fog,low,7,3,main,,500,375,4,"[""car"", ""car"", ""person"", ""person""]"
003553,data/VOCdevkit/VOC2007/JPEGImages/003553.jpg,output/low_frequency/fog/severity_4/003553.png,voc2007,test,fog,low,7,4,main,,500,375,4,"[""car"", ""car"", ""person"", ""person""]"
003553,data/VOCdevkit/VOC2007/JPEGImages/003553.jpg,output/low_frequency/fog/severity_5/003553.png,voc2007,test,fog,low,7,5,main,,500,375,4,"[""car"", ""car"", ""person"", ""person""]"
003553,data/VOCdevkit/VOC2007/JPEGImages/003553.jpg,output/low_frequency/contrast/severity_1/003553.png,voc2007,test,contrast,low,8,1,main,,500,375,4,"[""car"", ""car"", ""person"", ""person""]"
003553,data/VOCdevkit/VOC2007/JPEGImages/003553.jpg,output/low_frequency/contrast/severity_2/003553.png,voc2007,test,contrast,low,8,2,main,,500,375,4,"[""car"", ""car"", ""person"", ""person""]"
003553,data/VOCdevkit/VOC2007/JPEGImages/003553.jpg,output/low_frequency/contrast/severity_3/003553.png,voc2007,test,contrast,low,8,3,main,,500,375,4,"[""car"", ""car"", ""person"", ""person""]"
003553,data/VOCdevkit/VOC2007/JPEGImages/003553.jpg,output/low_frequency/contrast/severity_4/003553.png,voc2007,test,contrast,low,8,4,main,,500,375,4,"[""car"", ""car"", ""person"", ""person""]"
003553,data/VOCdevkit/VOC2007/JPEGImages/003553.jpg,output/low_frequency/contrast/severity_5/003553.png,voc2007,test,contrast,low,8,5,main,,500,375,4,"[""car"", ""car"", ""person"", ""person""]"
005538,data/VOCdevkit/VOC2007/JPEGImages/005538.jpg,output/clean/005538.png,voc2007,test,clean,none,0,0,clean,,335,500,2,"[""cat"", ""cat""]"
005538,data/VOCdevkit/VOC2007/JPEGImages/005538.jpg,output/high_frequency/gaussian_noise/severity_1/005538.png,voc2007,test,gaussian_noise,high,1,1,main,,335,500,2,"[""cat"", ""cat""]"
005538,data/VOCdevkit/VOC2007/JPEGImages/005538.jpg,output/high_frequency/gaussian_noise/severity_2/005538.png,voc2007,test,gaussian_noise,high,1,2,main,,335,500,2,"[""cat"", ""cat""]"
005538,data/VOCdevkit/VOC2007/JPEGImages/005538.jpg,output/high_frequency/gaussian_noise/severity_3/005538.png,voc2007,test,gaussian_noise,high,1,3,main,,335,500,2,"[""cat"", ""cat""]"
005538,data/VOCdevkit/VOC2007/JPEGImages/005538.jpg,output/high_frequency/gaussian_noise/severity_4/005538.png,voc2007,test,gaussian_noise,high,1,4,main,,335,500,2,"[""cat"", ""cat""]"
005538,data/VOCdevkit/VOC2007/JPEGImages/005538.jpg,output/high_frequency/gaussian_noise/severity_5/005538.png,voc2007,test,gaussian_noise,high,1,5,main,,335,500,2,"[""cat"", ""cat""]"
005538,data/VOCdevkit/VOC2007/JPEGImages/005538.jpg,output/high_frequency/shot_noise/severity_1/005538.png,voc2007,test,shot_noise,high,2,1,main,,335,500,2,"[""cat"", ""cat""]"
005538,data/VOCdevkit/VOC2007/JPEGImages/005538.jpg,output/high_frequency/shot_noise/severity_2/005538.png,voc2007,test,shot_noise,high,2,2,main,,335,500,2,"[""cat"", ""cat""]"
005538,data/VOCdevkit/VOC2007/JPEGImages/005538.jpg,output/high_frequency/shot_noise/severity_3/005538.png,voc2007,test,shot_noise,high,2,3,main,,335,500,2,"[""cat"", ""cat""]"
005538,data/VOCdevkit/VOC2007/JPEGImages/005538.jpg,output/high_frequency/shot_noise/severity_4/005538.png,voc2007,test,shot_noise,high,2,4,main,,335,500,2,"[""cat"", ""cat""]"
005538,data/VOCdevkit/VOC2007/JPEGImages/005538.jpg,output/high_frequency/shot_noise/severity_5/005538.png,voc2007,test,shot_noise,high,2,5,main,,335,500,2,"[""cat"", ""cat""]"
005538,data/VOCdevkit/VOC2007/JPEGImages/005538.jpg,output/high_frequency/jpeg_compression/severity_1/005538.png,voc2007,test,jpeg_compression,high,3,1,main,,335,500,2,"[""cat"", ""cat""]"
005538,data/VOCdevkit/VOC2007/JPEGImages/005538.jpg,output/high_frequency/jpeg_compression/severity_2/005538.png,voc2007,test,jpeg_compression,high,3,2,main,,335,500,2,"[""cat"", ""cat""]"
005538,data/VOCdevkit/VOC2007/JPEGImages/005538.jpg,output/high_frequency/jpeg_compression/severity_3/005538.png,voc2007,test,jpeg_compression,high,3,3,main,,335,500,2,"[""cat"", ""cat""]"
005538,data/VOCdevkit/VOC2007/JPEGImages/005538.jpg,output/high_frequency/jpeg_compression/severity_4/005538.png,voc2007,test,jpeg_compression,high,3,4,main,,335,500,2,"[""cat"", ""cat""]"
005538,data/VOCdevkit/VOC2007/JPEGImages/005538.jpg,output/high_frequency/jpeg_compression/severity_5/005538.png,voc2007,test,jpeg_compression,high,3,5,main,,335,500,2,"[""cat"", ""cat""]"
005538,data/VOCdevkit/VOC2007/JPEGImages/005538.jpg,output/mid_frequency/pixelate/severity_1/005538.png,voc2007,test,pixelate,mid,4,1,main,,335,500,2,"[""cat"", ""cat""]"
005538,data/VOCdevkit/VOC2007/JPEGImages/005538.jpg,output/mid_frequency/pixelate/severity_2/005538.png,voc2007,test,pixelate,mid,4,2,main,,335,500,2,"[""cat"", ""cat""]"
005538,data/VOCdevkit/VOC2007/JPEGImages/005538.jpg,output/mid_frequency/pixelate/severity_3/005538.png,voc2007,test,pixelate,mid,4,3,main,,335,500,2,"[""cat"", ""cat""]"
005538,data/VOCdevkit/VOC2007/JPEGImages/005538.jpg,output/mid_frequency/pixelate/severity_4/005538.png,voc2007,test,pixelate,mid,4,4,main,,335,500,2,"[""cat"", ""cat""]"
005538,data/VOCdevkit/VOC2007/JPEGImages/005538.jpg,output/mid_frequency/pixelate/severity_5/005538.png,voc2007,test,pixelate,mid,4,5,main,,335,500,2,"[""cat"", ""cat""]"
005538,data/VOCdevkit/VOC2007/JPEGImages/005538.jpg,output/mid_frequency/defocus_blur/severity_1/005538.png,voc2007,test,defocus_blur,mid,5,1,main,,335,500,2,"[""cat"", ""cat""]"
005538,data/VOCdevkit/VOC2007/JPEGImages/005538.jpg,output/mid_frequency/defocus_blur/severity_2/005538.png,voc2007,test,defocus_blur,mid,5,2,main,,335,500,2,"[""cat"", ""cat""]"
005538,data/VOCdevkit/VOC2007/JPEGImages/005538.jpg,output/mid_frequency/defocus_blur/severity_3/005538.png,voc2007,test,defocus_blur,mid,5,3,main,,335,500,2,"[""cat"", ""cat""]"
005538,data/VOCdevkit/VOC2007/JPEGImages/005538.jpg,output/mid_frequency/defocus_blur/severity_4/005538.png,voc2007,test,defocus_blur,mid,5,4,main,,335,500,2,"[""cat"", ""cat""]"
005538,data/VOCdevkit/VOC2007/JPEGImages/005538.jpg,output/mid_frequency/defocus_blur/severity_5/005538.png,voc2007,test,defocus_blur,mid,5,5,main,,335,500,2,"[""cat"", ""cat""]"
005538,data/VOCdevkit/VOC2007/JPEGImages/005538.jpg,output/mid_frequency/motion_blur/severity_1/005538.png,voc2007,test,motion_blur,mid,6,1,main,,335,500,2,"[""cat"", ""cat""]"
005538,data/VOCdevkit/VOC2007/JPEGImages/005538.jpg,output/mid_frequency/motion_blur/severity_2/005538.png,voc2007,test,motion_blur,mid,6,2,main,,335,500,2,"[""cat"", ""cat""]"
005538,data/VOCdevkit/VOC2007/JPEGImages/005538.jpg,output/mid_frequency/motion_blur/severity_3/005538.png,voc2007,test,motion_blur,mid,6,3,main,,335,500,2,"[""cat"", ""cat""]"
005538,data/VOCdevkit/VOC2007/JPEGImages/005538.jpg,output/mid_frequency/motion_blur/severity_4/005538.png,voc2007,test,motion_blur,mid,6,4,main,,335,500,2,"[""cat"", ""cat""]"
005538,data/VOCdevkit/VOC2007/JPEGImages/005538.jpg,output/mid_frequency/motion_blur/severity_5/005538.png,voc2007,test,motion_blur,mid,6,5,main,,335,500,2,"[""cat"", ""cat""]"
005538,data/VOCdevkit/VOC2007/JPEGImages/005538.jpg,output/low_frequency/fog/severity_1/005538.png,voc2007,test,fog,low,7,1,main,,335,500,2,"[""cat"", ""cat""]"
005538,data/VOCdevkit/VOC2007/JPEGImages/005538.jpg,output/low_frequency/fog/severity_2/005538.png,voc2007,test,fog,low,7,2,main,,335,500,2,"[""cat"", ""cat""]"
005538,data/VOCdevkit/VOC2007/JPEGImages/005538.jpg,output/low_frequency/fog/severity_3/005538.png,voc2007,test,fog,low,7,3,main,,335,500,2,"[""cat"", ""cat""]"
005538,data/VOCdevkit/VOC2007/JPEGImages/005538.jpg,output/low_frequency/fog/severity_4/005538.png,voc2007,test,fog,low,7,4,main,,335,500,2,"[""cat"", ""cat""]"
005538,data/VOCdevkit/VOC2007/JPEGImages/005538.jpg,output/low_frequency/fog/severity_5/005538.png,voc2007,test,fog,low,7,5,main,,335,500,2,"[""cat"", ""cat""]"
005538,data/VOCdevkit/VOC2007/JPEGImages/005538.jpg,output/low_frequency/contrast/severity_1/005538.png,voc2007,test,contrast,low,8,1,main,,335,500,2,"[""cat"", ""cat""]"
005538,data/VOCdevkit/VOC2007/JPEGImages/005538.jpg,output/low_frequency/contrast/severity_2/005538.png,voc2007,test,contrast,low,8,2,main,,335,500,2,"[""cat"", ""cat""]"
005538,data/VOCdevkit/VOC2007/JPEGImages/005538.jpg,output/low_frequency/contrast/severity_3/005538.png,voc2007,test,contrast,low,8,3,main,,335,500,2,"[""cat"", ""cat""]"
005538,data/VOCdevkit/VOC2007/JPEGImages/005538.jpg,output/low_frequency/contrast/severity_4/005538.png,voc2007,test,contrast,low,8,4,main,,335,500,2,"[""cat"", ""cat""]"
005538,data/VOCdevkit/VOC2007/JPEGImages/005538.jpg,output/low_frequency/contrast/severity_5/005538.png,voc2007,test,contrast,low,8,5,main,,335,500,2,"[""cat"", ""cat""]"
001660,data/VOCdevkit/VOC2007/JPEGImages/001660.jpg,output/clean/001660.png,voc2007,test,clean,none,0,0,clean,,500,334,1,"[""aeroplane""]"
001660,data/VOCdevkit/VOC2007/JPEGImages/001660.jpg,output/high_frequency/gaussian_noise/severity_1/001660.png,voc2007,test,gaussian_noise,high,1,1,main,,500,334,1,"[""aeroplane""]"
001660,data/VOCdevkit/VOC2007/JPEGImages/001660.jpg,output/high_frequency/gaussian_noise/severity_2/001660.png,voc2007,test,gaussian_noise,high,1,2,main,,500,334,1,"[""aeroplane""]"
001660,data/VOCdevkit/VOC2007/JPEGImages/001660.jpg,output/high_frequency/gaussian_noise/severity_3/001660.png,voc2007,test,gaussian_noise,high,1,3,main,,500,334,1,"[""aeroplane""]"
001660,data/VOCdevkit/VOC2007/JPEGImages/001660.jpg,output/high_frequency/gaussian_noise/severity_4/001660.png,voc2007,test,gaussian_noise,high,1,4,main,,500,334,1,"[""aeroplane""]"
001660,data/VOCdevkit/VOC2007/JPEGImages/001660.jpg,output/high_frequency/gaussian_noise/severity_5/001660.png,voc2007,test,gaussian_noise,high,1,5,main,,500,334,1,"[""aeroplane""]"
001660,data/VOCdevkit/VOC2007/JPEGImages/001660.jpg,output/high_frequency/shot_noise/severity_1/001660.png,voc2007,test,shot_noise,high,2,1,main,,500,334,1,"[""aeroplane""]"
001660,data/VOCdevkit/VOC2007/JPEGImages/001660.jpg,output/high_frequency/shot_noise/severity_2/001660.png,voc2007,test,shot_noise,high,2,2,main,,500,334,1,"[""aeroplane""]"
001660,data/VOCdevkit/VOC2007/JPEGImages/001660.jpg,output/high_frequency/shot_noise/severity_3/001660.png,voc2007,test,shot_noise,high,2,3,main,,500,334,1,"[""aeroplane""]"
001660,data/VOCdevkit/VOC2007/JPEGImages/001660.jpg,output/high_frequency/shot_noise/severity_4/001660.png,voc2007,test,shot_noise,high,2,4,main,,500,334,1,"[""aeroplane""]"
001660,data/VOCdevkit/VOC2007/JPEGImages/001660.jpg,output/high_frequency/shot_noise/severity_5/001660.png,voc2007,test,shot_noise,high,2,5,main,,500,334,1,"[""aeroplane""]"
001660,data/VOCdevkit/VOC2007/JPEGImages/001660.jpg,output/high_frequency/jpeg_compression/severity_1/001660.png,voc2007,test,jpeg_compression,high,3,1,main,,500,334,1,"[""aeroplane""]"
001660,data/VOCdevkit/VOC2007/JPEGImages/001660.jpg,output/high_frequency/jpeg_compression/severity_2/001660.png,voc2007,test,jpeg_compression,high,3,2,main,,500,334,1,"[""aeroplane""]"
001660,data/VOCdevkit/VOC2007/JPEGImages/001660.jpg,output/high_frequency/jpeg_compression/severity_3/001660.png,voc2007,test,jpeg_compression,high,3,3,main,,500,334,1,"[""aeroplane""]"
001660,data/VOCdevkit/VOC2007/JPEGImages/001660.jpg,output/high_frequency/jpeg_compression/severity_4/001660.png,voc2007,test,jpeg_compression,high,3,4,main,,500,334,1,"[""aeroplane""]"
001660,data/VOCdevkit/VOC2007/JPEGImages/001660.jpg,output/high_frequency/jpeg_compression/severity_5/001660.png,voc2007,test,jpeg_compression,high,3,5,main,,500,334,1,"[""aeroplane""]"
001660,data/VOCdevkit/VOC2007/JPEGImages/001660.jpg,output/mid_frequency/pixelate/severity_1/001660.png,voc2007,test,pixelate,mid,4,1,main,,500,334,1,"[""aeroplane""]"
001660,data/VOCdevkit/VOC2007/JPEGImages/001660.jpg,output/mid_frequency/pixelate/severity_2/001660.png,voc2007,test,pixelate,mid,4,2,main,,500,334,1,"[""aeroplane""]"
001660,data/VOCdevkit/VOC2007/JPEGImages/001660.jpg,output/mid_frequency/pixelate/severity_3/001660.png,voc2007,test,pixelate,mid,4,3,main,,500,334,1,"[""aeroplane""]"
001660,data/VOCdevkit/VOC2007/JPEGImages/001660.jpg,output/mid_frequency/pixelate/severity_4/001660.png,voc2007,test,pixelate,mid,4,4,main,,500,334,1,"[""aeroplane""]"
001660,data/VOCdevkit/VOC2007/JPEGImages/001660.jpg,output/mid_frequency/pixelate/severity_5/001660.png,voc2007,test,pixelate,mid,4,5,main,,500,334,1,"[""aeroplane""]"
001660,data/VOCdevkit/VOC2007/JPEGImages/001660.jpg,output/mid_frequency/defocus_blur/severity_1/001660.png,voc2007,test,defocus_blur,mid,5,1,main,,500,334,1,"[""aeroplane""]"
001660,data/VOCdevkit/VOC2007/JPEGImages/001660.jpg,output/mid_frequency/defocus_blur/severity_2/001660.png,voc2007,test,defocus_blur,mid,5,2,main,,500,334,1,"[""aeroplane""]"
001660,data/VOCdevkit/VOC2007/JPEGImages/001660.jpg,output/mid_frequency/defocus_blur/severity_3/001660.png,voc2007,test,defocus_blur,mid,5,3,main,,500,334,1,"[""aeroplane""]"
001660,data/VOCdevkit/VOC2007/JPEGImages/001660.jpg,output/mid_frequency/defocus_blur/severity_4/001660.png,voc2007,test,defocus_blur,mid,5,4,main,,500,334,1,"[""aeroplane""]"
001660,data/VOCdevkit/VOC2007/JPEGImages/001660.jpg,output/mid_frequency/defocus_blur/severity_5/001660.png,voc2007,test,defocus_blur,mid,5,5,main,,500,334,1,"[""aeroplane""]"
001660,data/VOCdevkit/VOC2007/JPEGImages/001660.jpg,output/mid_frequency/motion_blur/severity_1/001660.png,voc2007,test,motion_blur,mid,6,1,main,,500,334,1,"[""aeroplane""]"
001660,data/VOCdevkit/VOC2007/JPEGImages/001660.jpg,output/mid_frequency/motion_blur/severity_2/001660.png,voc2007,test,motion_blur,mid,6,2,main,,500,334,1,"[""aeroplane""]"
001660,data/VOCdevkit/VOC2007/JPEGImages/001660.jpg,output/mid_frequency/motion_blur/severity_3/001660.png,voc2007,test,motion_blur,mid,6,3,main,,500,334,1,"[""aeroplane""]"
001660,data/VOCdevkit/VOC2007/JPEGImages/001660.jpg,output/mid_frequency/motion_blur/severity_4/001660.png,voc2007,test,motion_blur,mid,6,4,main,,500,334,1,"[""aeroplane""]"
001660,data/VOCdevkit/VOC2007/JPEGImages/001660.jpg,output/mid_frequency/motion_blur/severity_5/001660.png,voc2007,test,motion_blur,mid,6,5,main,,500,334,1,"[""aeroplane""]"
001660,data/VOCdevkit/VOC2007/JPEGImages/001660.jpg,output/low_frequency/fog/severity_1/001660.png,voc2007,test,fog,low,7,1,main,,500,334,1,"[""aeroplane""]"
001660,data/VOCdevkit/VOC2007/JPEGImages/001660.jpg,output/low_frequency/fog/severity_2/001660.png,voc2007,test,fog,low,7,2,main,,500,334,1,"[""aeroplane""]"
001660,data/VOCdevkit/VOC2007/JPEGImages/001660.jpg,output/low_frequency/fog/severity_3/001660.png,voc2007,test,fog,low,7,3,main,,500,334,1,"[""aeroplane""]"
001660,data/VOCdevkit/VOC2007/JPEGImages/001660.jpg,output/low_frequency/fog/severity_4/001660.png,voc2007,test,fog,low,7,4,main,,500,334,1,"[""aeroplane""]"
001660,data/VOCdevkit/VOC2007/JPEGImages/001660.jpg,output/low_frequency/fog/severity_5/001660.png,voc2007,test,fog,low,7,5,main,,500,334,1,"[""aeroplane""]"
001660,data/VOCdevkit/VOC2007/JPEGImages/001660.jpg,output/low_frequency/contrast/severity_1/001660.png,voc2007,test,contrast,low,8,1,main,,500,334,1,"[""aeroplane""]"
001660,data/VOCdevkit/VOC2007/JPEGImages/001660.jpg,output/low_frequency/contrast/severity_2/001660.png,voc2007,test,contrast,low,8,2,main,,500,334,1,"[""aeroplane""]"
001660,data/VOCdevkit/VOC2007/JPEGImages/001660.jpg,output/low_frequency/contrast/severity_3/001660.png,voc2007,test,contrast,low,8,3,main,,500,334,1,"[""aeroplane""]"
001660,data/VOCdevkit/VOC2007/JPEGImages/001660.jpg,output/low_frequency/contrast/severity_4/001660.png,voc2007,test,contrast,low,8,4,main,,500,334,1,"[""aeroplane""]"
001660,data/VOCdevkit/VOC2007/JPEGImages/001660.jpg,output/low_frequency/contrast/severity_5/001660.png,voc2007,test,contrast,low,8,5,main,,500,334,1,"[""aeroplane""]"
001511,data/VOCdevkit/VOC2007/JPEGImages/001511.jpg,output/clean/001511.png,voc2007,test,clean,none,0,0,clean,,500,333,5,"[""car"", ""person"", ""person"", ""person"", ""person""]"
001511,data/VOCdevkit/VOC2007/JPEGImages/001511.jpg,output/high_frequency/gaussian_noise/severity_1/001511.png,voc2007,test,gaussian_noise,high,1,1,main,,500,333,5,"[""car"", ""person"", ""person"", ""person"", ""person""]"
001511,data/VOCdevkit/VOC2007/JPEGImages/001511.jpg,output/high_frequency/gaussian_noise/severity_2/001511.png,voc2007,test,gaussian_noise,high,1,2,main,,500,333,5,"[""car"", ""person"", ""person"", ""person"", ""person""]"
001511,data/VOCdevkit/VOC2007/JPEGImages/001511.jpg,output/high_frequency/gaussian_noise/severity_3/001511.png,voc2007,test,gaussian_noise,high,1,3,main,,500,333,5,"[""car"", ""person"", ""person"", ""person"", ""person""]"
001511,data/VOCdevkit/VOC2007/JPEGImages/001511.jpg,output/high_frequency/gaussian_noise/severity_4/001511.png,voc2007,test,gaussian_noise,high,1,4,main,,500,333,5,"[""car"", ""person"", ""person"", ""person"", ""person""]"
001511,data/VOCdevkit/VOC2007/JPEGImages/001511.jpg,output/high_frequency/gaussian_noise/severity_5/001511.png,voc2007,test,gaussian_noise,high,1,5,main,,500,333,5,"[""car"", ""person"", ""person"", ""person"", ""person""]"
001511,data/VOCdevkit/VOC2007/JPEGImages/001511.jpg,output/high_frequency/shot_noise/severity_1/001511.png,voc2007,test,shot_noise,high,2,1,main,,500,333,5,"[""car"", ""person"", ""person"", ""person"", ""person""]"
001511,data/VOCdevkit/VOC2007/JPEGImages/001511.jpg,output/high_frequency/shot_noise/severity_2/001511.png,voc2007,test,shot_noise,high,2,2,main,,500,333,5,"[""car"", ""person"", ""person"", ""person"", ""person""]"
001511,data/VOCdevkit/VOC2007/JPEGImages/001511.jpg,output/high_frequency/shot_noise/severity_3/001511.png,voc2007,test,shot_noise,high,2,3,main,,500,333,5,"[""car"", ""person"", ""person"", ""person"", ""person""]"
001511,data/VOCdevkit/VOC2007/JPEGImages/001511.jpg,output/high_frequency/shot_noise/severity_4/001511.png,voc2007,test,shot_noise,high,2,4,main,,500,333,5,"[""car"", ""person"", ""person"", ""person"", ""person""]"
001511,data/VOCdevkit/VOC2007/JPEGImages/001511.jpg,output/high_frequency/shot_noise/severity_5/001511.png,voc2007,test,shot_noise,high,2,5,main,,500,333,5,"[""car"", ""person"", ""person"", ""person"", ""person""]"
001511,data/VOCdevkit/VOC2007/JPEGImages/001511.jpg,output/high_frequency/jpeg_compression/severity_1/001511.png,voc2007,test,jpeg_compression,high,3,1,main,,500,333,5,"[""car"", ""person"", ""person"", ""person"", ""person""]"
001511,data/VOCdevkit/VOC2007/JPEGImages/001511.jpg,output/high_frequency/jpeg_compression/severity_2/001511.png,voc2007,test,jpeg_compression,high,3,2,main,,500,333,5,"[""car"", ""person"", ""person"", ""person"", ""person""]"
001511,data/VOCdevkit/VOC2007/JPEGImages/001511.jpg,output/high_frequency/jpeg_compression/severity_3/001511.png,voc2007,test,jpeg_compression,high,3,3,main,,500,333,5,"[""car"", ""person"", ""person"", ""person"", ""person""]"
001511,data/VOCdevkit/VOC2007/JPEGImages/001511.jpg,output/high_frequency/jpeg_compression/severity_4/001511.png,voc2007,test,jpeg_compression,high,3,4,main,,500,333,5,"[""car"", ""person"", ""person"", ""person"", ""person""]"
001511,data/VOCdevkit/VOC2007/JPEGImages/001511.jpg,output/high_frequency/jpeg_compression/severity_5/001511.png,voc2007,test,jpeg_compression,high,3,5,main,,500,333,5,"[""car"", ""person"", ""person"", ""person"", ""person""]"
001511,data/VOCdevkit/VOC2007/JPEGImages/001511.jpg,output/mid_frequency/pixelate/severity_1/001511.png,voc2007,test,pixelate,mid,4,1,main,,500,333,5,"[""car"", ""person"", ""person"", ""person"", ""person""]"
001511,data/VOCdevkit/VOC2007/JPEGImages/001511.jpg,output/mid_frequency/pixelate/severity_2/001511.png,voc2007,test,pixelate,mid,4,2,main,,500,333,5,"[""car"", ""person"", ""person"", ""person"", ""person""]"
001511,data/VOCdevkit/VOC2007/JPEGImages/001511.jpg,output/mid_frequency/pixelate/severity_3/001511.png,voc2007,test,pixelate,mid,4,3,main,,500,333,5,"[""car"", ""person"", ""person"", ""person"", ""person""]"
001511,data/VOCdevkit/VOC2007/JPEGImages/001511.jpg,output/mid_frequency/pixelate/severity_4/001511.png,voc2007,test,pixelate,mid,4,4,main,,500,333,5,"[""car"", ""person"", ""person"", ""person"", ""person""]"
001511,data/VOCdevkit/VOC2007/JPEGImages/001511.jpg,output/mid_frequency/pixelate/severity_5/001511.png,voc2007,test,pixelate,mid,4,5,main,,500,333,5,"[""car"", ""person"", ""person"", ""person"", ""person""]"
001511,data/VOCdevkit/VOC2007/JPEGImages/001511.jpg,output/mid_frequency/defocus_blur/severity_1/001511.png,voc2007,test,defocus_blur,mid,5,1,main,,500,333,5,"[""car"", ""person"", ""person"", ""person"", ""person""]"
001511,data/VOCdevkit/VOC2007/JPEGImages/001511.jpg,output/mid_frequency/defocus_blur/severity_2/001511.png,voc2007,test,defocus_blur,mid,5,2,main,,500,333,5,"[""car"", ""person"", ""person"", ""person"", ""person""]"
001511,data/VOCdevkit/VOC2007/JPEGImages/001511.jpg,output/mid_frequency/defocus_blur/severity_3/001511.png,voc2007,test,defocus_blur,mid,5,3,main,,500,333,5,"[""car"", ""person"", ""person"", ""person"", ""person""]"
001511,data/VOCdevkit/VOC2007/JPEGImages/001511.jpg,output/mid_frequency/defocus_blur/severity_4/001511.png,voc2007,test,defocus_blur,mid,5,4,main,,500,333,5,"[""car"", ""person"", ""person"", ""person"", ""person""]"
001511,data/VOCdevkit/VOC2007/JPEGImages/001511.jpg,output/mid_frequency/defocus_blur/severity_5/001511.png,voc2007,test,defocus_blur,mid,5,5,main,,500,333,5,"[""car"", ""person"", ""person"", ""person"", ""person""]"
001511,data/VOCdevkit/VOC2007/JPEGImages/001511.jpg,output/mid_frequency/motion_blur/severity_1/001511.png,voc2007,test,motion_blur,mid,6,1,main,,500,333,5,"[""car"", ""person"", ""person"", ""person"", ""person""]"
001511,data/VOCdevkit/VOC2007/JPEGImages/001511.jpg,output/mid_frequency/motion_blur/severity_2/001511.png,voc2007,test,motion_blur,mid,6,2,main,,500,333,5,"[""car"", ""person"", ""person"", ""person"", ""person""]"
001511,data/VOCdevkit/VOC2007/JPEGImages/001511.jpg,output/mid_frequency/motion_blur/severity_3/001511.png,voc2007,test,motion_blur,mid,6,3,main,,500,333,5,"[""car"", ""person"", ""person"", ""person"", ""person""]"
001511,data/VOCdevkit/VOC2007/JPEGImages/001511.jpg,output/mid_frequency/motion_blur/severity_4/001511.png,voc2007,test,motion_blur,mid,6,4,main,,500,333,5,"[""car"", ""person"", ""person"", ""person"", ""person""]"
001511,data/VOCdevkit/VOC2007/JPEGImages/001511.jpg,output/mid_frequency/motion_blur/severity_5/001511.png,voc2007,test,motion_blur,mid,6,5,main,,500,333,5,"[""car"", ""person"", ""person"", ""person"", ""person""]"
001511,data/VOCdevkit/VOC2007/JPEGImages/001511.jpg,output/low_frequency/fog/severity_1/001511.png,voc2007,test,fog,low,7,1,main,,500,333,5,"[""car"", ""person"", ""person"", ""person"", ""person""]"
001511,data/VOCdevkit/VOC2007/JPEGImages/001511.jpg,output/low_frequency/fog/severity_2/001511.png,voc2007,test,fog,low,7,2,main,,500,333,5,"[""car"", ""person"", ""person"", ""person"", ""person""]"
001511,data/VOCdevkit/VOC2007/JPEGImages/001511.jpg,output/low_frequency/fog/severity_3/001511.png,voc2007,test,fog,low,7,3,main,,500,333,5,"[""car"", ""person"", ""person"", ""person"", ""person""]"
001511,data/VOCdevkit/VOC2007/JPEGImages/001511.jpg,output/low_frequency/fog/severity_4/001511.png,voc2007,test,fog,low,7,4,main,,500,333,5,"[""car"", ""person"", ""person"", ""person"", ""person""]"
001511,data/VOCdevkit/VOC2007/JPEGImages/001511.jpg,output/low_frequency/fog/severity_5/001511.png,voc2007,test,fog,low,7,5,main,,500,333,5,"[""car"", ""person"", ""person"", ""person"", ""person""]"
001511,data/VOCdevkit/VOC2007/JPEGImages/001511.jpg,output/low_frequency/contrast/severity_1/001511.png,voc2007,test,contrast,low,8,1,main,,500,333,5,"[""car"", ""person"", ""person"", ""person"", ""person""]"
001511,data/VOCdevkit/VOC2007/JPEGImages/001511.jpg,output/low_frequency/contrast/severity_2/001511.png,voc2007,test,contrast,low,8,2,main,,500,333,5,"[""car"", ""person"", ""person"", ""person"", ""person""]"
001511,data/VOCdevkit/VOC2007/JPEGImages/001511.jpg,output/low_frequency/contrast/severity_3/001511.png,voc2007,test,contrast,low,8,3,main,,500,333,5,"[""car"", ""person"", ""person"", ""person"", ""person""]"
001511,data/VOCdevkit/VOC2007/JPEGImages/001511.jpg,output/low_frequency/contrast/severity_4/001511.png,voc2007,test,contrast,low,8,4,main,,500,333,5,"[""car"", ""person"", ""person"", ""person"", ""person""]"
001511,data/VOCdevkit/VOC2007/JPEGImages/001511.jpg,output/low_frequency/contrast/severity_5/001511.png,voc2007,test,contrast,low,8,5,main,,500,333,5,"[""car"", ""person"", ""person"", ""person"", ""person""]"
006274,data/VOCdevkit/VOC2007/JPEGImages/006274.jpg,output/clean/006274.png,voc2007,test,clean,none,0,0,clean,,500,245,7,"[""person"", ""person"", ""person"", ""person"", ""chair"", ""chair"", ""chair""]"
006274,data/VOCdevkit/VOC2007/JPEGImages/006274.jpg,output/high_frequency/gaussian_noise/severity_1/006274.png,voc2007,test,gaussian_noise,high,1,1,main,,500,245,7,"[""person"", ""person"", ""person"", ""person"", ""chair"", ""chair"", ""chair""]"
006274,data/VOCdevkit/VOC2007/JPEGImages/006274.jpg,output/high_frequency/gaussian_noise/severity_2/006274.png,voc2007,test,gaussian_noise,high,1,2,main,,500,245,7,"[""person"", ""person"", ""person"", ""person"", ""chair"", ""chair"", ""chair""]"
006274,data/VOCdevkit/VOC2007/JPEGImages/006274.jpg,output/high_frequency/gaussian_noise/severity_3/006274.png,voc2007,test,gaussian_noise,high,1,3,main,,500,245,7,"[""person"", ""person"", ""person"", ""person"", ""chair"", ""chair"", ""chair""]"
006274,data/VOCdevkit/VOC2007/JPEGImages/006274.jpg,output/high_frequency/gaussian_noise/severity_4/006274.png,voc2007,test,gaussian_noise,high,1,4,main,,500,245,7,"[""person"", ""person"", ""person"", ""person"", ""chair"", ""chair"", ""chair""]"
006274,data/VOCdevkit/VOC2007/JPEGImages/006274.jpg,output/high_frequency/gaussian_noise/severity_5/006274.png,voc2007,test,gaussian_noise,high,1,5,main,,500,245,7,"[""person"", ""person"", ""person"", ""person"", ""chair"", ""chair"", ""chair""]"
006274,data/VOCdevkit/VOC2007/JPEGImages/006274.jpg,output/high_frequency/shot_noise/severity_1/006274.png,voc2007,test,shot_noise,high,2,1,main,,500,245,7,"[""person"", ""person"", ""person"", ""person"", ""chair"", ""chair"", ""chair""]"
006274,data/VOCdevkit/VOC2007/JPEGImages/006274.jpg,output/high_frequency/shot_noise/severity_2/006274.png,voc2007,test,shot_noise,high,2,2,main,,500,245,7,"[""person"", ""person"", ""person"", ""person"", ""chair"", ""chair"", ""chair""]"
006274,data/VOCdevkit/VOC2007/JPEGImages/006274.jpg,output/high_frequency/shot_noise/severity_3/006274.png,voc2007,test,shot_noise,high,2,3,main,,500,245,7,"[""person"", ""person"", ""person"", ""person"", ""chair"", ""chair"", ""chair""]"
006274,data/VOCdevkit/VOC2007/JPEGImages/006274.jpg,output/high_frequency/shot_noise/severity_4/006274.png,voc2007,test,shot_noise,high,2,4,main,,500,245,7,"[""person"", ""person"", ""person"", ""person"", ""chair"", ""chair"", ""chair""]"
006274,data/VOCdevkit/VOC2007/JPEGImages/006274.jpg,output/high_frequency/shot_noise/severity_5/006274.png,voc2007,test,shot_noise,high,2,5,main,,500,245,7,"[""person"", ""person"", ""person"", ""person"", ""chair"", ""chair"", ""chair""]"
006274,data/VOCdevkit/VOC2007/JPEGImages/006274.jpg,output/high_frequency/jpeg_compression/severity_1/006274.png,voc2007,test,jpeg_compression,high,3,1,main,,500,245,7,"[""person"", ""person"", ""person"", ""person"", ""chair"", ""chair"", ""chair""]"
006274,data/VOCdevkit/VOC2007/JPEGImages/006274.jpg,output/high_frequency/jpeg_compression/severity_2/006274.png,voc2007,test,jpeg_compression,high,3,2,main,,500,245,7,"[""person"", ""person"", ""person"", ""person"", ""chair"", ""chair"", ""chair""]"
006274,data/VOCdevkit/VOC2007/JPEGImages/006274.jpg,output/high_frequency/jpeg_compression/severity_3/006274.png,voc2007,test,jpeg_compression,high,3,3,main,,500,245,7,"[""person"", ""person"", ""person"", ""person"", ""chair"", ""chair"", ""chair""]"
006274,data/VOCdevkit/VOC2007/JPEGImages/006274.jpg,output/high_frequency/jpeg_compression/severity_4/006274.png,voc2007,test,jpeg_compression,high,3,4,main,,500,245,7,"[""person"", ""person"", ""person"", ""person"", ""chair"", ""chair"", ""chair""]"
006274,data/VOCdevkit/VOC2007/JPEGImages/006274.jpg,output/high_frequency/jpeg_compression/severity_5/006274.png,voc2007,test,jpeg_compression,high,3,5,main,,500,245,7,"[""person"", ""person"", ""person"", ""person"", ""chair"", ""chair"", ""chair""]"
006274,data/VOCdevkit/VOC2007/JPEGImages/006274.jpg,output/mid_frequency/pixelate/severity_1/006274.png,voc2007,test,pixelate,mid,4,1,main,,500,245,7,"[""person"", ""person"", ""person"", ""person"", ""chair"", ""chair"", ""chair""]"
006274,data/VOCdevkit/VOC2007/JPEGImages/006274.jpg,output/mid_frequency/pixelate/severity_2/006274.png,voc2007,test,pixelate,mid,4,2,main,,500,245,7,"[""person"", ""person"", ""person"", ""person"", ""chair"", ""chair"", ""chair""]"
006274,data/VOCdevkit/VOC2007/JPEGImages/006274.jpg,output/mid_frequency/pixelate/severity_3/006274.png,voc2007,test,pixelate,mid,4,3,main,,500,245,7,"[""person"", ""person"", ""person"", ""person"", ""chair"", ""chair"", ""chair""]"
006274,data/VOCdevkit/VOC2007/JPEGImages/006274.jpg,output/mid_frequency/pixelate/severity_4/006274.png,voc2007,test,pixelate,mid,4,4,main,,500,245,7,"[""person"", ""person"", ""person"", ""person"", ""chair"", ""chair"", ""chair""]"
006274,data/VOCdevkit/VOC2007/JPEGImages/006274.jpg,output/mid_frequency/pixelate/severity_5/006274.png,voc2007,test,pixelate,mid,4,5,main,,500,245,7,"[""person"", ""person"", ""person"", ""person"", ""chair"", ""chair"", ""chair""]"
006274,data/VOCdevkit/VOC2007/JPEGImages/006274.jpg,output/mid_frequency/defocus_blur/severity_1/006274.png,voc2007,test,defocus_blur,mid,5,1,main,,500,245,7,"[""person"", ""person"", ""person"", ""person"", ""chair"", ""chair"", ""chair""]"
006274,data/VOCdevkit/VOC2007/JPEGImages/006274.jpg,output/mid_frequency/defocus_blur/severity_2/006274.png,voc2007,test,defocus_blur,mid,5,2,main,,500,245,7,"[""person"", ""person"", ""person"", ""person"", ""chair"", ""chair"", ""chair""]"
006274,data/VOCdevkit/VOC2007/JPEGImages/006274.jpg,output/mid_frequency/defocus_blur/severity_3/006274.png,voc2007,test,defocus_blur,mid,5,3,main,,500,245,7,"[""person"", ""person"", ""person"", ""person"", ""chair"", ""chair"", ""chair""]"
006274,data/VOCdevkit/VOC2007/JPEGImages/006274.jpg,output/mid_frequency/defocus_blur/severity_4/006274.png,voc2007,test,defocus_blur,mid,5,4,main,,500,245,7,"[""person"", ""person"", ""person"", ""person"", ""chair"", ""chair"", ""chair""]"
006274,data/VOCdevkit/VOC2007/JPEGImages/006274.jpg,output/mid_frequency/defocus_blur/severity_5/006274.png,voc2007,test,defocus_blur,mid,5,5,main,,500,245,7,"[""person"", ""person"", ""person"", ""person"", ""chair"", ""chair"", ""chair""]"
006274,data/VOCdevkit/VOC2007/JPEGImages/006274.jpg,output/mid_frequency/motion_blur/severity_1/006274.png,voc2007,test,motion_blur,mid,6,1,main,,500,245,7,"[""person"", ""person"", ""person"", ""person"", ""chair"", ""chair"", ""chair""]"
006274,data/VOCdevkit/VOC2007/JPEGImages/006274.jpg,output/mid_frequency/motion_blur/severity_2/006274.png,voc2007,test,motion_blur,mid,6,2,main,,500,245,7,"[""person"", ""person"", ""person"", ""person"", ""chair"", ""chair"", ""chair""]"
006274,data/VOCdevkit/VOC2007/JPEGImages/006274.jpg,output/mid_frequency/motion_blur/severity_3/006274.png,voc2007,test,motion_blur,mid,6,3,main,,500,245,7,"[""person"", ""person"", ""person"", ""person"", ""chair"", ""chair"", ""chair""]"
006274,data/VOCdevkit/VOC2007/JPEGImages/006274.jpg,output/mid_frequency/motion_blur/severity_4/006274.png,voc2007,test,motion_blur,mid,6,4,main,,500,245,7,"[""person"", ""person"", ""person"", ""person"", ""chair"", ""chair"", ""chair""]"
006274,data/VOCdevkit/VOC2007/JPEGImages/006274.jpg,output/mid_frequency/motion_blur/severity_5/006274.png,voc2007,test,motion_blur,mid,6,5,main,,500,245,7,"[""person"", ""person"", ""person"", ""person"", ""chair"", ""chair"", ""chair""]"
006274,data/VOCdevkit/VOC2007/JPEGImages/006274.jpg,output/low_frequency/fog/severity_1/006274.png,voc2007,test,fog,low,7,1,main,,500,245,7,"[""person"", ""person"", ""person"", ""person"", ""chair"", ""chair"", ""chair""]"
006274,data/VOCdevkit/VOC2007/JPEGImages/006274.jpg,output/low_frequency/fog/severity_2/006274.png,voc2007,test,fog,low,7,2,main,,500,245,7,"[""person"", ""person"", ""person"", ""person"", ""chair"", ""chair"", ""chair""]"
006274,data/VOCdevkit/VOC2007/JPEGImages/006274.jpg,output/low_frequency/fog/severity_3/006274.png,voc2007,test,fog,low,7,3,main,,500,245,7,"[""person"", ""person"", ""person"", ""person"", ""chair"", ""chair"", ""chair""]"
006274,data/VOCdevkit/VOC2007/JPEGImages/006274.jpg,output/low_frequency/fog/severity_4/006274.png,voc2007,test,fog,low,7,4,main,,500,245,7,"[""person"", ""person"", ""person"", ""person"", ""chair"", ""chair"", ""chair""]"
006274,data/VOCdevkit/VOC2007/JPEGImages/006274.jpg,output/low_frequency/fog/severity_5/006274.png,voc2007,test,fog,low,7,5,main,,500,245,7,"[""person"", ""person"", ""person"", ""person"", ""chair"", ""chair"", ""chair""]"
006274,data/VOCdevkit/VOC2007/JPEGImages/006274.jpg,output/low_frequency/contrast/severity_1/006274.png,voc2007,test,contrast,low,8,1,main,,500,245,7,"[""person"", ""person"", ""person"", ""person"", ""chair"", ""chair"", ""chair""]"
006274,data/VOCdevkit/VOC2007/JPEGImages/006274.jpg,output/low_frequency/contrast/severity_2/006274.png,voc2007,test,contrast,low,8,2,main,,500,245,7,"[""person"", ""person"", ""person"", ""person"", ""chair"", ""chair"", ""chair""]"
006274,data/VOCdevkit/VOC2007/JPEGImages/006274.jpg,output/low_frequency/contrast/severity_3/006274.png,voc2007,test,contrast,low,8,3,main,,500,245,7,"[""person"", ""person"", ""person"", ""person"", ""chair"", ""chair"", ""chair""]"
006274,data/VOCdevkit/VOC2007/JPEGImages/006274.jpg,output/low_frequency/contrast/severity_4/006274.png,voc2007,test,contrast,low,8,4,main,,500,245,7,"[""person"", ""person"", ""person"", ""person"", ""chair"", ""chair"", ""chair""]"
006274,data/VOCdevkit/VOC2007/JPEGImages/006274.jpg,output/low_frequency/contrast/severity_5/006274.png,voc2007,test,contrast,low,8,5,main,,500,245,7,"[""person"", ""person"", ""person"", ""person"", ""chair"", ""chair"", ""chair""]"
001575,data/VOCdevkit/VOC2007/JPEGImages/001575.jpg,output/clean/001575.png,voc2007,test,clean,none,0,0,clean,,500,375,8,"[""person"", ""person"", ""person"", ""person"", ""person"", ""person"", ""person"", ""person""]"
001575,data/VOCdevkit/VOC2007/JPEGImages/001575.jpg,output/high_frequency/gaussian_noise/severity_1/001575.png,voc2007,test,gaussian_noise,high,1,1,main,,500,375,8,"[""person"", ""person"", ""person"", ""person"", ""person"", ""person"", ""person"", ""person""]"
001575,data/VOCdevkit/VOC2007/JPEGImages/001575.jpg,output/high_frequency/gaussian_noise/severity_2/001575.png,voc2007,test,gaussian_noise,high,1,2,main,,500,375,8,"[""person"", ""person"", ""person"", ""person"", ""person"", ""person"", ""person"", ""person""]"
001575,data/VOCdevkit/VOC2007/JPEGImages/001575.jpg,output/high_frequency/gaussian_noise/severity_3/001575.png,voc2007,test,gaussian_noise,high,1,3,main,,500,375,8,"[""person"", ""person"", ""person"", ""person"", ""person"", ""person"", ""person"", ""person""]"
001575,data/VOCdevkit/VOC2007/JPEGImages/001575.jpg,output/high_frequency/gaussian_noise/severity_4/001575.png,voc2007,test,gaussian_noise,high,1,4,main,,500,375,8,"[""person"", ""person"", ""person"", ""person"", ""person"", ""person"", ""person"", ""person""]"
001575,data/VOCdevkit/VOC2007/JPEGImages/001575.jpg,output/high_frequency/gaussian_noise/severity_5/001575.png,voc2007,test,gaussian_noise,high,1,5,main,,500,375,8,"[""person"", ""person"", ""person"", ""person"", ""person"", ""person"", ""person"", ""person""]"
001575,data/VOCdevkit/VOC2007/JPEGImages/001575.jpg,output/high_frequency/shot_noise/severity_1/001575.png,voc2007,test,shot_noise,high,2,1,main,,500,375,8,"[""person"", ""person"", ""person"", ""person"", ""person"", ""person"", ""person"", ""person""]"
001575,data/VOCdevkit/VOC2007/JPEGImages/001575.jpg,output/high_frequency/shot_noise/severity_2/001575.png,voc2007,test,shot_noise,high,2,2,main,,500,375,8,"[""person"", ""person"", ""person"", ""person"", ""person"", ""person"", ""person"", ""person""]"
001575,data/VOCdevkit/VOC2007/JPEGImages/001575.jpg,output/high_frequency/shot_noise/severity_3/001575.png,voc2007,test,shot_noise,high,2,3,main,,500,375,8,"[""person"", ""person"", ""person"", ""person"", ""person"", ""person"", ""person"", ""person""]"
001575,data/VOCdevkit/VOC2007/JPEGImages/001575.jpg,output/high_frequency/shot_noise/severity_4/001575.png,voc2007,test,shot_noise,high,2,4,main,,500,375,8,"[""person"", ""person"", ""person"", ""person"", ""person"", ""person"", ""person"", ""person""]"
001575,data/VOCdevkit/VOC2007/JPEGImages/001575.jpg,output/high_frequency/shot_noise/severity_5/001575.png,voc2007,test,shot_noise,high,2,5,main,,500,375,8,"[""person"", ""person"", ""person"", ""person"", ""person"", ""person"", ""person"", ""person""]"
001575,data/VOCdevkit/VOC2007/JPEGImages/001575.jpg,output/high_frequency/jpeg_compression/severity_1/001575.png,voc2007,test,jpeg_compression,high,3,1,main,,500,375,8,"[""person"", ""person"", ""person"", ""person"", ""person"", ""person"", ""person"", ""person""]"
001575,data/VOCdevkit/VOC2007/JPEGImages/001575.jpg,output/high_frequency/jpeg_compression/severity_2/001575.png,voc2007,test,jpeg_compression,high,3,2,main,,500,375,8,"[""person"", ""person"", ""person"", ""person"", ""person"", ""person"", ""person"", ""person""]"
001575,data/VOCdevkit/VOC2007/JPEGImages/001575.jpg,output/high_frequency/jpeg_compression/severity_3/001575.png,voc2007,test,jpeg_compression,high,3,3,main,,500,375,8,"[""person"", ""person"", ""person"", ""person"", ""person"", ""person"", ""person"", ""person""]"
001575,data/VOCdevkit/VOC2007/JPEGImages/001575.jpg,output/high_frequency/jpeg_compression/severity_4/001575.png,voc2007,test,jpeg_compression,high,3,4,main,,500,375,8,"[""person"", ""person"", ""person"", ""person"", ""person"", ""person"", ""person"", ""person""]"
001575,data/VOCdevkit/VOC2007/JPEGImages/001575.jpg,output/high_frequency/jpeg_compression/severity_5/001575.png,voc2007,test,jpeg_compression,high,3,5,main,,500,375,8,"[""person"", ""person"", ""person"", ""person"", ""person"", ""person"", ""person"", ""person""]"
001575,data/VOCdevkit/VOC2007/JPEGImages/001575.jpg,output/mid_frequency/pixelate/severity_1/001575.png,voc2007,test,pixelate,mid,4,1,main,,500,375,8,"[""person"", ""person"", ""person"", ""person"", ""person"", ""person"", ""person"", ""person""]"
001575,data/VOCdevkit/VOC2007/JPEGImages/001575.jpg,output/mid_frequency/pixelate/severity_2/001575.png,voc2007,test,pixelate,mid,4,2,main,,500,375,8,"[""person"", ""person"", ""person"", ""person"", ""person"", ""person"", ""person"", ""person""]"
001575,data/VOCdevkit/VOC2007/JPEGImages/001575.jpg,output/mid_frequency/pixelate/severity_3/001575.png,voc2007,test,pixelate,mid,4,3,main,,500,375,8,"[""person"", ""person"", ""person"", ""person"", ""person"", ""person"", ""person"", ""person""]"
001575,data/VOCdevkit/VOC2007/JPEGImages/001575.jpg,output/mid_frequency/pixelate/severity_4/001575.png,voc2007,test,pixelate,mid,4,4,main,,500,375,8,"[""person"", ""person"", ""person"", ""person"", ""person"", ""person"", ""person"", ""person""]"
001575,data/VOCdevkit/VOC2007/JPEGImages/001575.jpg,output/mid_frequency/pixelate/severity_5/001575.png,voc2007,test,pixelate,mid,4,5,main,,500,375,8,"[""person"", ""person"", ""person"", ""person"", ""person"", ""person"", ""person"", ""person""]"
001575,data/VOCdevkit/VOC2007/JPEGImages/001575.jpg,output/mid_frequency/defocus_blur/severity_1/001575.png,voc2007,test,defocus_blur,mid,5,1,main,,500,375,8,"[""person"", ""person"", ""person"", ""person"", ""person"", ""person"", ""person"", ""person""]"
001575,data/VOCdevkit/VOC2007/JPEGImages/001575.jpg,output/mid_frequency/defocus_blur/severity_2/001575.png,voc2007,test,defocus_blur,mid,5,2,main,,500,375,8,"[""person"", ""person"", ""person"", ""person"", ""person"", ""person"", ""person"", ""person""]"
001575,data/VOCdevkit/VOC2007/JPEGImages/001575.jpg,output/mid_frequency/defocus_blur/severity_3/001575.png,voc2007,test,defocus_blur,mid,5,3,main,,500,375,8,"[""person"", ""person"", ""person"", ""person"", ""person"", ""person"", ""person"", ""person""]"
001575,data/VOCdevkit/VOC2007/JPEGImages/001575.jpg,output/mid_frequency/defocus_blur/severity_4/001575.png,voc2007,test,defocus_blur,mid,5,4,main,,500,375,8,"[""person"", ""person"", ""person"", ""person"", ""person"", ""person"", ""person"", ""person""]"
001575,data/VOCdevkit/VOC2007/JPEGImages/001575.jpg,output/mid_frequency/defocus_blur/severity_5/001575.png,voc2007,test,defocus_blur,mid,5,5,main,,500,375,8,"[""person"", ""person"", ""person"", ""person"", ""person"", ""person"", ""person"", ""person""]"
001575,data/VOCdevkit/VOC2007/JPEGImages/001575.jpg,output/mid_frequency/motion_blur/severity_1/001575.png,voc2007,test,motion_blur,mid,6,1,main,,500,375,8,"[""person"", ""person"", ""person"", ""person"", ""person"", ""person"", ""person"", ""person""]"
001575,data/VOCdevkit/VOC2007/JPEGImages/001575.jpg,output/mid_frequency/motion_blur/severity_2/001575.png,voc2007,test,motion_blur,mid,6,2,main,,500,375,8,"[""person"", ""person"", ""person"", ""person"", ""person"", ""person"", ""person"", ""person""]"
001575,data/VOCdevkit/VOC2007/JPEGImages/001575.jpg,output/mid_frequency/motion_blur/severity_3/001575.png,voc2007,test,motion_blur,mid,6,3,main,,500,375,8,"[""person"", ""person"", ""person"", ""person"", ""person"", ""person"", ""person"", ""person""]"
001575,data/VOCdevkit/VOC2007/JPEGImages/001575.jpg,output/mid_frequency/motion_blur/severity_4/001575.png,voc2007,test,motion_blur,mid,6,4,main,,500,375,8,"[""person"", ""person"", ""person"", ""person"", ""person"", ""person"", ""person"", ""person""]"
001575,data/VOCdevkit/VOC2007/JPEGImages/001575.jpg,output/mid_frequency/motion_blur/severity_5/001575.png,voc2007,test,motion_blur,mid,6,5,main,,500,375,8,"[""person"", ""person"", ""person"", ""person"", ""person"", ""person"", ""person"", ""person""]"
001575,data/VOCdevkit/VOC2007/JPEGImages/001575.jpg,output/low_frequency/fog/severity_1/001575.png,voc2007,test,fog,low,7,1,main,,500,375,8,"[""person"", ""person"", ""person"", ""person"", ""person"", ""person"", ""person"", ""person""]"
001575,data/VOCdevkit/VOC2007/JPEGImages/001575.jpg,output/low_frequency/fog/severity_2/001575.png,voc2007,test,fog,low,7,2,main,,500,375,8,"[""person"", ""person"", ""person"", ""person"", ""person"", ""person"", ""person"", ""person""]"
001575,data/VOCdevkit/VOC2007/JPEGImages/001575.jpg,output/low_frequency/fog/severity_3/001575.png,voc2007,test,fog,low,7,3,main,,500,375,8,"[""person"", ""person"", ""person"", ""person"", ""person"", ""person"", ""person"", ""person""]"
001575,data/VOCdevkit/VOC2007/JPEGImages/001575.jpg,output/low_frequency/fog/severity_4/001575.png,voc2007,test,fog,low,7,4,main,,500,375,8,"[""person"", ""person"", ""person"", ""person"", ""person"", ""person"", ""person"", ""person""]"
001575,data/VOCdevkit/VOC2007/JPEGImages/001575.jpg,output/low_frequency/fog/severity_5/001575.png,voc2007,test,fog,low,7,5,main,,500,375,8,"[""person"", ""person"", ""person"", ""person"", ""person"", ""person"", ""person"", ""person""]"
001575,data/VOCdevkit/VOC2007/JPEGImages/001575.jpg,output/low_frequency/contrast/severity_1/001575.png,voc2007,test,contrast,low,8,1,main,,500,375,8,"[""person"", ""person"", ""person"", ""person"", ""person"", ""person"", ""person"", ""person""]"
001575,data/VOCdevkit/VOC2007/JPEGImages/001575.jpg,output/low_frequency/contrast/severity_2/001575.png,voc2007,test,contrast,low,8,2,main,,500,375,8,"[""person"", ""person"", ""person"", ""person"", ""person"", ""person"", ""person"", ""person""]"
001575,data/VOCdevkit/VOC2007/JPEGImages/001575.jpg,output/low_frequency/contrast/severity_3/001575.png,voc2007,test,contrast,low,8,3,main,,500,375,8,"[""person"", ""person"", ""person"", ""person"", ""person"", ""person"", ""person"", ""person""]"
001575,data/VOCdevkit/VOC2007/JPEGImages/001575.jpg,output/low_frequency/contrast/severity_4/001575.png,voc2007,test,contrast,low,8,4,main,,500,375,8,"[""person"", ""person"", ""person"", ""person"", ""person"", ""person"", ""person"", ""person""]"
001575,data/VOCdevkit/VOC2007/JPEGImages/001575.jpg,output/low_frequency/contrast/severity_5/001575.png,voc2007,test,contrast,low,8,5,main,,500,375,8,"[""person"", ""person"", ""person"", ""person"", ""person"", ""person"", ""person"", ""person""]"
005925,data/VOCdevkit/VOC2007/JPEGImages/005925.jpg,output/clean/005925.png,voc2007,test,clean,none,0,0,clean,,500,375,4,"[""bicycle"", ""bicycle"", ""person"", ""person""]"
005925,data/VOCdevkit/VOC2007/JPEGImages/005925.jpg,output/high_frequency/gaussian_noise/severity_1/005925.png,voc2007,test,gaussian_noise,high,1,1,main,,500,375,4,"[""bicycle"", ""bicycle"", ""person"", ""person""]"
005925,data/VOCdevkit/VOC2007/JPEGImages/005925.jpg,output/high_frequency/gaussian_noise/severity_2/005925.png,voc2007,test,gaussian_noise,high,1,2,main,,500,375,4,"[""bicycle"", ""bicycle"", ""person"", ""person""]"
005925,data/VOCdevkit/VOC2007/JPEGImages/005925.jpg,output/high_frequency/gaussian_noise/severity_3/005925.png,voc2007,test,gaussian_noise,high,1,3,main,,500,375,4,"[""bicycle"", ""bicycle"", ""person"", ""person""]"
005925,data/VOCdevkit/VOC2007/JPEGImages/005925.jpg,output/high_frequency/gaussian_noise/severity_4/005925.png,voc2007,test,gaussian_noise,high,1,4,main,,500,375,4,"[""bicycle"", ""bicycle"", ""person"", ""person""]"
005925,data/VOCdevkit/VOC2007/JPEGImages/005925.jpg,output/high_frequency/gaussian_noise/severity_5/005925.png,voc2007,test,gaussian_noise,high,1,5,main,,500,375,4,"[""bicycle"", ""bicycle"", ""person"", ""person""]"
005925,data/VOCdevkit/VOC2007/JPEGImages/005925.jpg,output/high_frequency/shot_noise/severity_1/005925.png,voc2007,test,shot_noise,high,2,1,main,,500,375,4,"[""bicycle"", ""bicycle"", ""person"", ""person""]"
005925,data/VOCdevkit/VOC2007/JPEGImages/005925.jpg,output/high_frequency/shot_noise/severity_2/005925.png,voc2007,test,shot_noise,high,2,2,main,,500,375,4,"[""bicycle"", ""bicycle"", ""person"", ""person""]"
005925,data/VOCdevkit/VOC2007/JPEGImages/005925.jpg,output/high_frequency/shot_noise/severity_3/005925.png,voc2007,test,shot_noise,high,2,3,main,,500,375,4,"[""bicycle"", ""bicycle"", ""person"", ""person""]"
005925,data/VOCdevkit/VOC2007/JPEGImages/005925.jpg,output/high_frequency/shot_noise/severity_4/005925.png,voc2007,test,shot_noise,high,2,4,main,,500,375,4,"[""bicycle"", ""bicycle"", ""person"", ""person""]"
005925,data/VOCdevkit/VOC2007/JPEGImages/005925.jpg,output/high_frequency/shot_noise/severity_5/005925.png,voc2007,test,shot_noise,high,2,5,main,,500,375,4,"[""bicycle"", ""bicycle"", ""person"", ""person""]"
005925,data/VOCdevkit/VOC2007/JPEGImages/005925.jpg,output/high_frequency/jpeg_compression/severity_1/005925.png,voc2007,test,jpeg_compression,high,3,1,main,,500,375,4,"[""bicycle"", ""bicycle"", ""person"", ""person""]"
005925,data/VOCdevkit/VOC2007/JPEGImages/005925.jpg,output/high_frequency/jpeg_compression/severity_2/005925.png,voc2007,test,jpeg_compression,high,3,2,main,,500,375,4,"[""bicycle"", ""bicycle"", ""person"", ""person""]"
005925,data/VOCdevkit/VOC2007/JPEGImages/005925.jpg,output/high_frequency/jpeg_compression/severity_3/005925.png,voc2007,test,jpeg_compression,high,3,3,main,,500,375,4,"[""bicycle"", ""bicycle"", ""person"", ""person""]"
005925,data/VOCdevkit/VOC2007/JPEGImages/005925.jpg,output/high_frequency/jpeg_compression/severity_4/005925.png,voc2007,test,jpeg_compression,high,3,4,main,,500,375,4,"[""bicycle"", ""bicycle"", ""person"", ""person""]"
005925,data/VOCdevkit/VOC2007/JPEGImages/005925.jpg,output/high_frequency/jpeg_compression/severity_5/005925.png,voc2007,test,jpeg_compression,high,3,5,main,,500,375,4,"[""bicycle"", ""bicycle"", ""person"", ""person""]"
005925,data/VOCdevkit/VOC2007/JPEGImages/005925.jpg,output/mid_frequency/pixelate/severity_1/005925.png,voc2007,test,pixelate,mid,4,1,main,,500,375,4,"[""bicycle"", ""bicycle"", ""person"", ""person""]"
005925,data/VOCdevkit/VOC2007/JPEGImages/005925.jpg,output/mid_frequency/pixelate/severity_2/005925.png,voc2007,test,pixelate,mid,4,2,main,,500,375,4,"[""bicycle"", ""bicycle"", ""person"", ""person""]"
005925,data/VOCdevkit/VOC2007/JPEGImages/005925.jpg,output/mid_frequency/pixelate/severity_3/005925.png,voc2007,test,pixelate,mid,4,3,main,,500,375,4,"[""bicycle"", ""bicycle"", ""person"", ""person""]"
005925,data/VOCdevkit/VOC2007/JPEGImages/005925.jpg,output/mid_frequency/pixelate/severity_4/005925.png,voc2007,test,pixelate,mid,4,4,main,,500,375,4,"[""bicycle"", ""bicycle"", ""person"", ""person""]"
005925,data/VOCdevkit/VOC2007/JPEGImages/005925.jpg,output/mid_frequency/pixelate/severity_5/005925.png,voc2007,test,pixelate,mid,4,5,main,,500,375,4,"[""bicycle"", ""bicycle"", ""person"", ""person""]"
005925,data/VOCdevkit/VOC2007/JPEGImages/005925.jpg,output/mid_frequency/defocus_blur/severity_1/005925.png,voc2007,test,defocus_blur,mid,5,1,main,,500,375,4,"[""bicycle"", ""bicycle"", ""person"", ""person""]"
005925,data/VOCdevkit/VOC2007/JPEGImages/005925.jpg,output/mid_frequency/defocus_blur/severity_2/005925.png,voc2007,test,defocus_blur,mid,5,2,main,,500,375,4,"[""bicycle"", ""bicycle"", ""person"", ""person""]"
005925,data/VOCdevkit/VOC2007/JPEGImages/005925.jpg,output/mid_frequency/defocus_blur/severity_3/005925.png,voc2007,test,defocus_blur,mid,5,3,main,,500,375,4,"[""bicycle"", ""bicycle"", ""person"", ""person""]"
005925,data/VOCdevkit/VOC2007/JPEGImages/005925.jpg,output/mid_frequency/defocus_blur/severity_4/005925.png,voc2007,test,defocus_blur,mid,5,4,main,,500,375,4,"[""bicycle"", ""bicycle"", ""person"", ""person""]"
005925,data/VOCdevkit/VOC2007/JPEGImages/005925.jpg,output/mid_frequency/defocus_blur/severity_5/005925.png,voc2007,test,defocus_blur,mid,5,5,main,,500,375,4,"[""bicycle"", ""bicycle"", ""person"", ""person""]"
005925,data/VOCdevkit/VOC2007/JPEGImages/005925.jpg,output/mid_frequency/motion_blur/severity_1/005925.png,voc2007,test,motion_blur,mid,6,1,main,,500,375,4,"[""bicycle"", ""bicycle"", ""person"", ""person""]"
005925,data/VOCdevkit/VOC2007/JPEGImages/005925.jpg,output/mid_frequency/motion_blur/severity_2/005925.png,voc2007,test,motion_blur,mid,6,2,main,,500,375,4,"[""bicycle"", ""bicycle"", ""person"", ""person""]"
005925,data/VOCdevkit/VOC2007/JPEGImages/005925.jpg,output/mid_frequency/motion_blur/severity_3/005925.png,voc2007,test,motion_blur,mid,6,3,main,,500,375,4,"[""bicycle"", ""bicycle"", ""person"", ""person""]"
005925,data/VOCdevkit/VOC2007/JPEGImages/005925.jpg,output/mid_frequency/motion_blur/severity_4/005925.png,voc2007,test,motion_blur,mid,6,4,main,,500,375,4,"[""bicycle"", ""bicycle"", ""person"", ""person""]"
005925,data/VOCdevkit/VOC2007/JPEGImages/005925.jpg,output/mid_frequency/motion_blur/severity_5/005925.png,voc2007,test,motion_blur,mid,6,5,main,,500,375,4,"[""bicycle"", ""bicycle"", ""person"", ""person""]"
005925,data/VOCdevkit/VOC2007/JPEGImages/005925.jpg,output/low_frequency/fog/severity_1/005925.png,voc2007,test,fog,low,7,1,main,,500,375,4,"[""bicycle"", ""bicycle"", ""person"", ""person""]"
005925,data/VOCdevkit/VOC2007/JPEGImages/005925.jpg,output/low_frequency/fog/severity_2/005925.png,voc2007,test,fog,low,7,2,main,,500,375,4,"[""bicycle"", ""bicycle"", ""person"", ""person""]"
005925,data/VOCdevkit/VOC2007/JPEGImages/005925.jpg,output/low_frequency/fog/severity_3/005925.png,voc2007,test,fog,low,7,3,main,,500,375,4,"[""bicycle"", ""bicycle"", ""person"", ""person""]"
005925,data/VOCdevkit/VOC2007/JPEGImages/005925.jpg,output/low_frequency/fog/severity_4/005925.png,voc2007,test,fog,low,7,4,main,,500,375,4,"[""bicycle"", ""bicycle"", ""person"", ""person""]"
005925,data/VOCdevkit/VOC2007/JPEGImages/005925.jpg,output/low_frequency/fog/severity_5/005925.png,voc2007,test,fog,low,7,5,main,,500,375,4,"[""bicycle"", ""bicycle"", ""person"", ""person""]"
005925,data/VOCdevkit/VOC2007/JPEGImages/005925.jpg,output/low_frequency/contrast/severity_1/005925.png,voc2007,test,contrast,low,8,1,main,,500,375,4,"[""bicycle"", ""bicycle"", ""person"", ""person""]"
005925,data/VOCdevkit/VOC2007/JPEGImages/005925.jpg,output/low_frequency/contrast/severity_2/005925.png,voc2007,test,contrast,low,8,2,main,,500,375,4,"[""bicycle"", ""bicycle"", ""person"", ""person""]"
005925,data/VOCdevkit/VOC2007/JPEGImages/005925.jpg,output/low_frequency/contrast/severity_3/005925.png,voc2007,test,contrast,low,8,3,main,,500,375,4,"[""bicycle"", ""bicycle"", ""person"", ""person""]"
005925,data/VOCdevkit/VOC2007/JPEGImages/005925.jpg,output/low_frequency/contrast/severity_4/005925.png,voc2007,test,contrast,low,8,4,main,,500,375,4,"[""bicycle"", ""bicycle"", ""person"", ""person""]"
005925,data/VOCdevkit/VOC2007/JPEGImages/005925.jpg,output/low_frequency/contrast/severity_5/005925.png,voc2007,test,contrast,low,8,5,main,,500,375,4,"[""bicycle"", ""bicycle"", ""person"", ""person""]"
005661,data/VOCdevkit/VOC2007/JPEGImages/005661.jpg,output/clean/005661.png,voc2007,test,clean,none,0,0,clean,,500,375,8,"[""diningtable"", ""chair"", ""chair"", ""chair"", ""chair"", ""chair"", ""pottedplant"", ""pottedplant""]"
005661,data/VOCdevkit/VOC2007/JPEGImages/005661.jpg,output/high_frequency/gaussian_noise/severity_1/005661.png,voc2007,test,gaussian_noise,high,1,1,main,,500,375,8,"[""diningtable"", ""chair"", ""chair"", ""chair"", ""chair"", ""chair"", ""pottedplant"", ""pottedplant""]"
005661,data/VOCdevkit/VOC2007/JPEGImages/005661.jpg,output/high_frequency/gaussian_noise/severity_2/005661.png,voc2007,test,gaussian_noise,high,1,2,main,,500,375,8,"[""diningtable"", ""chair"", ""chair"", ""chair"", ""chair"", ""chair"", ""pottedplant"", ""pottedplant""]"
005661,data/VOCdevkit/VOC2007/JPEGImages/005661.jpg,output/high_frequency/gaussian_noise/severity_3/005661.png,voc2007,test,gaussian_noise,high,1,3,main,,500,375,8,"[""diningtable"", ""chair"", ""chair"", ""chair"", ""chair"", ""chair"", ""pottedplant"", ""pottedplant""]"
005661,data/VOCdevkit/VOC2007/JPEGImages/005661.jpg,output/high_frequency/gaussian_noise/severity_4/005661.png,voc2007,test,gaussian_noise,high,1,4,main,,500,375,8,"[""diningtable"", ""chair"", ""chair"", ""chair"", ""chair"", ""chair"", ""pottedplant"", ""pottedplant""]"
005661,data/VOCdevkit/VOC2007/JPEGImages/005661.jpg,output/high_frequency/gaussian_noise/severity_5/005661.png,voc2007,test,gaussian_noise,high,1,5,main,,500,375,8,"[""diningtable"", ""chair"", ""chair"", ""chair"", ""chair"", ""chair"", ""pottedplant"", ""pottedplant""]"
005661,data/VOCdevkit/VOC2007/JPEGImages/005661.jpg,output/high_frequency/shot_noise/severity_1/005661.png,voc2007,test,shot_noise,high,2,1,main,,500,375,8,"[""diningtable"", ""chair"", ""chair"", ""chair"", ""chair"", ""chair"", ""pottedplant"", ""pottedplant""]"
005661,data/VOCdevkit/VOC2007/JPEGImages/005661.jpg,output/high_frequency/shot_noise/severity_2/005661.png,voc2007,test,shot_noise,high,2,2,main,,500,375,8,"[""diningtable"", ""chair"", ""chair"", ""chair"", ""chair"", ""chair"", ""pottedplant"", ""pottedplant""]"
005661,data/VOCdevkit/VOC2007/JPEGImages/005661.jpg,output/high_frequency/shot_noise/severity_3/005661.png,voc2007,test,shot_noise,high,2,3,main,,500,375,8,"[""diningtable"", ""chair"", ""chair"", ""chair"", ""chair"", ""chair"", ""pottedplant"", ""pottedplant""]"
005661,data/VOCdevkit/VOC2007/JPEGImages/005661.jpg,output/high_frequency/shot_noise/severity_4/005661.png,voc2007,test,shot_noise,high,2,4,main,,500,375,8,"[""diningtable"", ""chair"", ""chair"", ""chair"", ""chair"", ""chair"", ""pottedplant"", ""pottedplant""]"
005661,data/VOCdevkit/VOC2007/JPEGImages/005661.jpg,output/high_frequency/shot_noise/severity_5/005661.png,voc2007,test,shot_noise,high,2,5,main,,500,375,8,"[""diningtable"", ""chair"", ""chair"", ""chair"", ""chair"", ""chair"", ""pottedplant"", ""pottedplant""]"
005661,data/VOCdevkit/VOC2007/JPEGImages/005661.jpg,output/high_frequency/jpeg_compression/severity_1/005661.png,voc2007,test,jpeg_compression,high,3,1,main,,500,375,8,"[""diningtable"", ""chair"", ""chair"", ""chair"", ""chair"", ""chair"", ""pottedplant"", ""pottedplant""]"
005661,data/VOCdevkit/VOC2007/JPEGImages/005661.jpg,output/high_frequency/jpeg_compression/severity_2/005661.png,voc2007,test,jpeg_compression,high,3,2,main,,500,375,8,"[""diningtable"", ""chair"", ""chair"", ""chair"", ""chair"", ""chair"", ""pottedplant"", ""pottedplant""]"
005661,data/VOCdevkit/VOC2007/JPEGImages/005661.jpg,output/high_frequency/jpeg_compression/severity_3/005661.png,voc2007,test,jpeg_compression,high,3,3,main,,500,375,8,"[""diningtable"", ""chair"", ""chair"", ""chair"", ""chair"", ""chair"", ""pottedplant"", ""pottedplant""]"
005661,data/VOCdevkit/VOC2007/JPEGImages/005661.jpg,output/high_frequency/jpeg_compression/severity_4/005661.png,voc2007,test,jpeg_compression,high,3,4,main,,500,375,8,"[""diningtable"", ""chair"", ""chair"", ""chair"", ""chair"", ""chair"", ""pottedplant"", ""pottedplant""]"
005661,data/VOCdevkit/VOC2007/JPEGImages/005661.jpg,output/high_frequency/jpeg_compression/severity_5/005661.png,voc2007,test,jpeg_compression,high,3,5,main,,500,375,8,"[""diningtable"", ""chair"", ""chair"", ""chair"", ""chair"", ""chair"", ""pottedplant"", ""pottedplant""]"
005661,data/VOCdevkit/VOC2007/JPEGImages/005661.jpg,output/mid_frequency/pixelate/severity_1/005661.png,voc2007,test,pixelate,mid,4,1,main,,500,375,8,"[""diningtable"", ""chair"", ""chair"", ""chair"", ""chair"", ""chair"", ""pottedplant"", ""pottedplant""]"
005661,data/VOCdevkit/VOC2007/JPEGImages/005661.jpg,output/mid_frequency/pixelate/severity_2/005661.png,voc2007,test,pixelate,mid,4,2,main,,500,375,8,"[""diningtable"", ""chair"", ""chair"", ""chair"", ""chair"", ""chair"", ""pottedplant"", ""pottedplant""]"
005661,data/VOCdevkit/VOC2007/JPEGImages/005661.jpg,output/mid_frequency/pixelate/severity_3/005661.png,voc2007,test,pixelate,mid,4,3,main,,500,375,8,"[""diningtable"", ""chair"", ""chair"", ""chair"", ""chair"", ""chair"", ""pottedplant"", ""pottedplant""]"
005661,data/VOCdevkit/VOC2007/JPEGImages/005661.jpg,output/mid_frequency/pixelate/severity_4/005661.png,voc2007,test,pixelate,mid,4,4,main,,500,375,8,"[""diningtable"", ""chair"", ""chair"", ""chair"", ""chair"", ""chair"", ""pottedplant"", ""pottedplant""]"
005661,data/VOCdevkit/VOC2007/JPEGImages/005661.jpg,output/mid_frequency/pixelate/severity_5/005661.png,voc2007,test,pixelate,mid,4,5,main,,500,375,8,"[""diningtable"", ""chair"", ""chair"", ""chair"", ""chair"", ""chair"", ""pottedplant"", ""pottedplant""]"
005661,data/VOCdevkit/VOC2007/JPEGImages/005661.jpg,output/mid_frequency/defocus_blur/severity_1/005661.png,voc2007,test,defocus_blur,mid,5,1,main,,500,375,8,"[""diningtable"", ""chair"", ""chair"", ""chair"", ""chair"", ""chair"", ""pottedplant"", ""pottedplant""]"
005661,data/VOCdevkit/VOC2007/JPEGImages/005661.jpg,output/mid_frequency/defocus_blur/severity_2/005661.png,voc2007,test,defocus_blur,mid,5,2,main,,500,375,8,"[""diningtable"", ""chair"", ""chair"", ""chair"", ""chair"", ""chair"", ""pottedplant"", ""pottedplant""]"
005661,data/VOCdevkit/VOC2007/JPEGImages/005661.jpg,output/mid_frequency/defocus_blur/severity_3/005661.png,voc2007,test,defocus_blur,mid,5,3,main,,500,375,8,"[""diningtable"", ""chair"", ""chair"", ""chair"", ""chair"", ""chair"", ""pottedplant"", ""pottedplant""]"
005661,data/VOCdevkit/VOC2007/JPEGImages/005661.jpg,output/mid_frequency/defocus_blur/severity_4/005661.png,voc2007,test,defocus_blur,mid,5,4,main,,500,375,8,"[""diningtable"", ""chair"", ""chair"", ""chair"", ""chair"", ""chair"", ""pottedplant"", ""pottedplant""]"
005661,data/VOCdevkit/VOC2007/JPEGImages/005661.jpg,output/mid_frequency/defocus_blur/severity_5/005661.png,voc2007,test,defocus_blur,mid,5,5,main,,500,375,8,"[""diningtable"", ""chair"", ""chair"", ""chair"", ""chair"", ""chair"", ""pottedplant"", ""pottedplant""]"
005661,data/VOCdevkit/VOC2007/JPEGImages/005661.jpg,output/mid_frequency/motion_blur/severity_1/005661.png,voc2007,test,motion_blur,mid,6,1,main,,500,375,8,"[""diningtable"", ""chair"", ""chair"", ""chair"", ""chair"", ""chair"", ""pottedplant"", ""pottedplant""]"
005661,data/VOCdevkit/VOC2007/JPEGImages/005661.jpg,output/mid_frequency/motion_blur/severity_2/005661.png,voc2007,test,motion_blur,mid,6,2,main,,500,375,8,"[""diningtable"", ""chair"", ""chair"", ""chair"", ""chair"", ""chair"", ""pottedplant"", ""pottedplant""]"
005661,data/VOCdevkit/VOC2007/JPEGImages/005661.jpg,output/mid_frequency/motion_blur/severity_3/005661.png,voc2007,test,motion_blur,mid,6,3,main,,500,375,8,"[""diningtable"", ""chair"", ""chair"", ""chair"", ""chair"", ""chair"", ""pottedplant"", ""pottedplant""]"
005661,data/VOCdevkit/VOC2007/JPEGImages/005661.jpg,output/mid_frequency/motion_blur/severity_4/005661.png,voc2007,test,motion_blur,mid,6,4,main,,500,375,8,"[""diningtable"", ""chair"", ""chair"", ""chair"", ""chair"", ""chair"", ""pottedplant"", ""pottedplant""]"
005661,data/VOCdevkit/VOC2007/JPEGImages/005661.jpg,output/mid_frequency/motion_blur/severity_5/005661.png,voc2007,test,motion_blur,mid,6,5,main,,500,375,8,"[""diningtable"", ""chair"", ""chair"", ""chair"", ""chair"", ""chair"", ""pottedplant"", ""pottedplant""]"
005661,data/VOCdevkit/VOC2007/JPEGImages/005661.jpg,output/low_frequency/fog/severity_1/005661.png,voc2007,test,fog,low,7,1,main,,500,375,8,"[""diningtable"", ""chair"", ""chair"", ""chair"", ""chair"", ""chair"", ""pottedplant"", ""pottedplant""]"
005661,data/VOCdevkit/VOC2007/JPEGImages/005661.jpg,output/low_frequency/fog/severity_2/005661.png,voc2007,test,fog,low,7,2,main,,500,375,8,"[""diningtable"", ""chair"", ""chair"", ""chair"", ""chair"", ""chair"", ""pottedplant"", ""pottedplant""]"
005661,data/VOCdevkit/VOC2007/JPEGImages/005661.jpg,output/low_frequency/fog/severity_3/005661.png,voc2007,test,fog,low,7,3,main,,500,375,8,"[""diningtable"", ""chair"", ""chair"", ""chair"", ""chair"", ""chair"", ""pottedplant"", ""pottedplant""]"
005661,data/VOCdevkit/VOC2007/JPEGImages/005661.jpg,output/low_frequency/fog/severity_4/005661.png,voc2007,test,fog,low,7,4,main,,500,375,8,"[""diningtable"", ""chair"", ""chair"", ""chair"", ""chair"", ""chair"", ""pottedplant"", ""pottedplant""]"
005661,data/VOCdevkit/VOC2007/JPEGImages/005661.jpg,output/low_frequency/fog/severity_5/005661.png,voc2007,test,fog,low,7,5,main,,500,375,8,"[""diningtable"", ""chair"", ""chair"", ""chair"", ""chair"", ""chair"", ""pottedplant"", ""pottedplant""]"
005661,data/VOCdevkit/VOC2007/JPEGImages/005661.jpg,output/low_frequency/contrast/severity_1/005661.png,voc2007,test,contrast,low,8,1,main,,500,375,8,"[""diningtable"", ""chair"", ""chair"", ""chair"", ""chair"", ""chair"", ""pottedplant"", ""pottedplant""]"
005661,data/VOCdevkit/VOC2007/JPEGImages/005661.jpg,output/low_frequency/contrast/severity_2/005661.png,voc2007,test,contrast,low,8,2,main,,500,375,8,"[""diningtable"", ""chair"", ""chair"", ""chair"", ""chair"", ""chair"", ""pottedplant"", ""pottedplant""]"
005661,data/VOCdevkit/VOC2007/JPEGImages/005661.jpg,output/low_frequency/contrast/severity_3/005661.png,voc2007,test,contrast,low,8,3,main,,500,375,8,"[""diningtable"", ""chair"", ""chair"", ""chair"", ""chair"", ""chair"", ""pottedplant"", ""pottedplant""]"
005661,data/VOCdevkit/VOC2007/JPEGImages/005661.jpg,output/low_frequency/contrast/severity_4/005661.png,voc2007,test,contrast,low,8,4,main,,500,375,8,"[""diningtable"", ""chair"", ""chair"", ""chair"", ""chair"", ""chair"", ""pottedplant"", ""pottedplant""]"
005661,data/VOCdevkit/VOC2007/JPEGImages/005661.jpg,output/low_frequency/contrast/severity_5/005661.png,voc2007,test,contrast,low,8,5,main,,500,375,8,"[""diningtable"", ""chair"", ""chair"", ""chair"", ""chair"", ""chair"", ""pottedplant"", ""pottedplant""]"
009952,data/VOCdevkit/VOC2007/JPEGImages/009952.jpg,output/clean/009952.png,voc2007,test,clean,none,0,0,clean,,375,500,1,"[""dog""]"
009952,data/VOCdevkit/VOC2007/JPEGImages/009952.jpg,output/high_frequency/gaussian_noise/severity_1/009952.png,voc2007,test,gaussian_noise,high,1,1,main,,375,500,1,"[""dog""]"
009952,data/VOCdevkit/VOC2007/JPEGImages/009952.jpg,output/high_frequency/gaussian_noise/severity_2/009952.png,voc2007,test,gaussian_noise,high,1,2,main,,375,500,1,"[""dog""]"
009952,data/VOCdevkit/VOC2007/JPEGImages/009952.jpg,output/high_frequency/gaussian_noise/severity_3/009952.png,voc2007,test,gaussian_noise,high,1,3,main,,375,500,1,"[""dog""]"
009952,data/VOCdevkit/VOC2007/JPEGImages/009952.jpg,output/high_frequency/gaussian_noise/severity_4/009952.png,voc2007,test,gaussian_noise,high,1,4,main,,375,500,1,"[""dog""]"
009952,data/VOCdevkit/VOC2007/JPEGImages/009952.jpg,output/high_frequency/gaussian_noise/severity_5/009952.png,voc2007,test,gaussian_noise,high,1,5,main,,375,500,1,"[""dog""]"
009952,data/VOCdevkit/VOC2007/JPEGImages/009952.jpg,output/high_frequency/shot_noise/severity_1/009952.png,voc2007,test,shot_noise,high,2,1,main,,375,500,1,"[""dog""]"
009952,data/VOCdevkit/VOC2007/JPEGImages/009952.jpg,output/high_frequency/shot_noise/severity_2/009952.png,voc2007,test,shot_noise,high,2,2,main,,375,500,1,"[""dog""]"
009952,data/VOCdevkit/VOC2007/JPEGImages/009952.jpg,output/high_frequency/shot_noise/severity_3/009952.png,voc2007,test,shot_noise,high,2,3,main,,375,500,1,"[""dog""]"
009952,data/VOCdevkit/VOC2007/JPEGImages/009952.jpg,output/high_frequency/shot_noise/severity_4/009952.png,voc2007,test,shot_noise,high,2,4,main,,375,500,1,"[""dog""]"
009952,data/VOCdevkit/VOC2007/JPEGImages/009952.jpg,output/high_frequency/shot_noise/severity_5/009952.png,voc2007,test,shot_noise,high,2,5,main,,375,500,1,"[""dog""]"
009952,data/VOCdevkit/VOC2007/JPEGImages/009952.jpg,output/high_frequency/jpeg_compression/severity_1/009952.png,voc2007,test,jpeg_compression,high,3,1,main,,375,500,1,"[""dog""]"
009952,data/VOCdevkit/VOC2007/JPEGImages/009952.jpg,output/high_frequency/jpeg_compression/severity_2/009952.png,voc2007,test,jpeg_compression,high,3,2,main,,375,500,1,"[""dog""]"
009952,data/VOCdevkit/VOC2007/JPEGImages/009952.jpg,output/high_frequency/jpeg_compression/severity_3/009952.png,voc2007,test,jpeg_compression,high,3,3,main,,375,500,1,"[""dog""]"
009952,data/VOCdevkit/VOC2007/JPEGImages/009952.jpg,output/high_frequency/jpeg_compression/severity_4/009952.png,voc2007,test,jpeg_compression,high,3,4,main,,375,500,1,"[""dog""]"
009952,data/VOCdevkit/VOC2007/JPEGImages/009952.jpg,output/high_frequency/jpeg_compression/severity_5/009952.png,voc2007,test,jpeg_compression,high,3,5,main,,375,500,1,"[""dog""]"
009952,data/VOCdevkit/VOC2007/JPEGImages/009952.jpg,output/mid_frequency/pixelate/severity_1/009952.png,voc2007,test,pixelate,mid,4,1,main,,375,500,1,"[""dog""]"
009952,data/VOCdevkit/VOC2007/JPEGImages/009952.jpg,output/mid_frequency/pixelate/severity_2/009952.png,voc2007,test,pixelate,mid,4,2,main,,375,500,1,"[""dog""]"
009952,data/VOCdevkit/VOC2007/JPEGImages/009952.jpg,output/mid_frequency/pixelate/severity_3/009952.png,voc2007,test,pixelate,mid,4,3,main,,375,500,1,"[""dog""]"
009952,data/VOCdevkit/VOC2007/JPEGImages/009952.jpg,output/mid_frequency/pixelate/severity_4/009952.png,voc2007,test,pixelate,mid,4,4,main,,375,500,1,"[""dog""]"
009952,data/VOCdevkit/VOC2007/JPEGImages/009952.jpg,output/mid_frequency/pixelate/severity_5/009952.png,voc2007,test,pixelate,mid,4,5,main,,375,500,1,"[""dog""]"
009952,data/VOCdevkit/VOC2007/JPEGImages/009952.jpg,output/mid_frequency/defocus_blur/severity_1/009952.png,voc2007,test,defocus_blur,mid,5,1,main,,375,500,1,"[""dog""]"
009952,data/VOCdevkit/VOC2007/JPEGImages/009952.jpg,output/mid_frequency/defocus_blur/severity_2/009952.png,voc2007,test,defocus_blur,mid,5,2,main,,375,500,1,"[""dog""]"
009952,data/VOCdevkit/VOC2007/JPEGImages/009952.jpg,output/mid_frequency/defocus_blur/severity_3/009952.png,voc2007,test,defocus_blur,mid,5,3,main,,375,500,1,"[""dog""]"
009952,data/VOCdevkit/VOC2007/JPEGImages/009952.jpg,output/mid_frequency/defocus_blur/severity_4/009952.png,voc2007,test,defocus_blur,mid,5,4,main,,375,500,1,"[""dog""]"
009952,data/VOCdevkit/VOC2007/JPEGImages/009952.jpg,output/mid_frequency/defocus_blur/severity_5/009952.png,voc2007,test,defocus_blur,mid,5,5,main,,375,500,1,"[""dog""]"
009952,data/VOCdevkit/VOC2007/JPEGImages/009952.jpg,output/mid_frequency/motion_blur/severity_1/009952.png,voc2007,test,motion_blur,mid,6,1,main,,375,500,1,"[""dog""]"
009952,data/VOCdevkit/VOC2007/JPEGImages/009952.jpg,output/mid_frequency/motion_blur/severity_2/009952.png,voc2007,test,motion_blur,mid,6,2,main,,375,500,1,"[""dog""]"
009952,data/VOCdevkit/VOC2007/JPEGImages/009952.jpg,output/mid_frequency/motion_blur/severity_3/009952.png,voc2007,test,motion_blur,mid,6,3,main,,375,500,1,"[""dog""]"
009952,data/VOCdevkit/VOC2007/JPEGImages/009952.jpg,output/mid_frequency/motion_blur/severity_4/009952.png,voc2007,test,motion_blur,mid,6,4,main,,375,500,1,"[""dog""]"
009952,data/VOCdevkit/VOC2007/JPEGImages/009952.jpg,output/mid_frequency/motion_blur/severity_5/009952.png,voc2007,test,motion_blur,mid,6,5,main,,375,500,1,"[""dog""]"
009952,data/VOCdevkit/VOC2007/JPEGImages/009952.jpg,output/low_frequency/fog/severity_1/009952.png,voc2007,test,fog,low,7,1,main,,375,500,1,"[""dog""]"
009952,data/VOCdevkit/VOC2007/JPEGImages/009952.jpg,output/low_frequency/fog/severity_2/009952.png,voc2007,test,fog,low,7,2,main,,375,500,1,"[""dog""]"
009952,data/VOCdevkit/VOC2007/JPEGImages/009952.jpg,output/low_frequency/fog/severity_3/009952.png,voc2007,test,fog,low,7,3,main,,375,500,1,"[""dog""]"
009952,data/VOCdevkit/VOC2007/JPEGImages/009952.jpg,output/low_frequency/fog/severity_4/009952.png,voc2007,test,fog,low,7,4,main,,375,500,1,"[""dog""]"
009952,data/VOCdevkit/VOC2007/JPEGImages/009952.jpg,output/low_frequency/fog/severity_5/009952.png,voc2007,test,fog,low,7,5,main,,375,500,1,"[""dog""]"
009952,data/VOCdevkit/VOC2007/JPEGImages/009952.jpg,output/low_frequency/contrast/severity_1/009952.png,voc2007,test,contrast,low,8,1,main,,375,500,1,"[""dog""]"
009952,data/VOCdevkit/VOC2007/JPEGImages/009952.jpg,output/low_frequency/contrast/severity_2/009952.png,voc2007,test,contrast,low,8,2,main,,375,500,1,"[""dog""]"
009952,data/VOCdevkit/VOC2007/JPEGImages/009952.jpg,output/low_frequency/contrast/severity_3/009952.png,voc2007,test,contrast,low,8,3,main,,375,500,1,"[""dog""]"
009952,data/VOCdevkit/VOC2007/JPEGImages/009952.jpg,output/low_frequency/contrast/severity_4/009952.png,voc2007,test,contrast,low,8,4,main,,375,500,1,"[""dog""]"
009952,data/VOCdevkit/VOC2007/JPEGImages/009952.jpg,output/low_frequency/contrast/severity_5/009952.png,voc2007,test,contrast,low,8,5,main,,375,500,1,"[""dog""]"
004363,data/VOCdevkit/VOC2007/JPEGImages/004363.jpg,output/clean/004363.png,voc2007,test,clean,none,0,0,clean,,500,332,4,"[""sofa"", ""person"", ""person"", ""chair""]"
004363,data/VOCdevkit/VOC2007/JPEGImages/004363.jpg,output/high_frequency/gaussian_noise/severity_1/004363.png,voc2007,test,gaussian_noise,high,1,1,main,,500,332,4,"[""sofa"", ""person"", ""person"", ""chair""]"
004363,data/VOCdevkit/VOC2007/JPEGImages/004363.jpg,output/high_frequency/gaussian_noise/severity_2/004363.png,voc2007,test,gaussian_noise,high,1,2,main,,500,332,4,"[""sofa"", ""person"", ""person"", ""chair""]"
004363,data/VOCdevkit/VOC2007/JPEGImages/004363.jpg,output/high_frequency/gaussian_noise/severity_3/004363.png,voc2007,test,gaussian_noise,high,1,3,main,,500,332,4,"[""sofa"", ""person"", ""person"", ""chair""]"
004363,data/VOCdevkit/VOC2007/JPEGImages/004363.jpg,output/high_frequency/gaussian_noise/severity_4/004363.png,voc2007,test,gaussian_noise,high,1,4,main,,500,332,4,"[""sofa"", ""person"", ""person"", ""chair""]"
004363,data/VOCdevkit/VOC2007/JPEGImages/004363.jpg,output/high_frequency/gaussian_noise/severity_5/004363.png,voc2007,test,gaussian_noise,high,1,5,main,,500,332,4,"[""sofa"", ""person"", ""person"", ""chair""]"
004363,data/VOCdevkit/VOC2007/JPEGImages/004363.jpg,output/high_frequency/shot_noise/severity_1/004363.png,voc2007,test,shot_noise,high,2,1,main,,500,332,4,"[""sofa"", ""person"", ""person"", ""chair""]"
004363,data/VOCdevkit/VOC2007/JPEGImages/004363.jpg,output/high_frequency/shot_noise/severity_2/004363.png,voc2007,test,shot_noise,high,2,2,main,,500,332,4,"[""sofa"", ""person"", ""person"", ""chair""]"
004363,data/VOCdevkit/VOC2007/JPEGImages/004363.jpg,output/high_frequency/shot_noise/severity_3/004363.png,voc2007,test,shot_noise,high,2,3,main,,500,332,4,"[""sofa"", ""person"", ""person"", ""chair""]"
004363,data/VOCdevkit/VOC2007/JPEGImages/004363.jpg,output/high_frequency/shot_noise/severity_4/004363.png,voc2007,test,shot_noise,high,2,4,main,,500,332,4,"[""sofa"", ""person"", ""person"", ""chair""]"
004363,data/VOCdevkit/VOC2007/JPEGImages/004363.jpg,output/high_frequency/shot_noise/severity_5/004363.png,voc2007,test,shot_noise,high,2,5,main,,500,332,4,"[""sofa"", ""person"", ""person"", ""chair""]"
004363,data/VOCdevkit/VOC2007/JPEGImages/004363.jpg,output/high_frequency/jpeg_compression/severity_1/004363.png,voc2007,test,jpeg_compression,high,3,1,main,,500,332,4,"[""sofa"", ""person"", ""person"", ""chair""]"
004363,data/VOCdevkit/VOC2007/JPEGImages/004363.jpg,output/high_frequency/jpeg_compression/severity_2/004363.png,voc2007,test,jpeg_compression,high,3,2,main,,500,332,4,"[""sofa"", ""person"", ""person"", ""chair""]"
004363,data/VOCdevkit/VOC2007/JPEGImages/004363.jpg,output/high_frequency/jpeg_compression/severity_3/004363.png,voc2007,test,jpeg_compression,high,3,3,main,,500,332,4,"[""sofa"", ""person"", ""person"", ""chair""]"
004363,data/VOCdevkit/VOC2007/JPEGImages/004363.jpg,output/high_frequency/jpeg_compression/severity_4/004363.png,voc2007,test,jpeg_compression,high,3,4,main,,500,332,4,"[""sofa"", ""person"", ""person"", ""chair""]"
004363,data/VOCdevkit/VOC2007/JPEGImages/004363.jpg,output/high_frequency/jpeg_compression/severity_5/004363.png,voc2007,test,jpeg_compression,high,3,5,main,,500,332,4,"[""sofa"", ""person"", ""person"", ""chair""]"
004363,data/VOCdevkit/VOC2007/JPEGImages/004363.jpg,output/mid_frequency/pixelate/severity_1/004363.png,voc2007,test,pixelate,mid,4,1,main,,500,332,4,"[""sofa"", ""person"", ""person"", ""chair""]"
004363,data/VOCdevkit/VOC2007/JPEGImages/004363.jpg,output/mid_frequency/pixelate/severity_2/004363.png,voc2007,test,pixelate,mid,4,2,main,,500,332,4,"[""sofa"", ""person"", ""person"", ""chair""]"
004363,data/VOCdevkit/VOC2007/JPEGImages/004363.jpg,output/mid_frequency/pixelate/severity_3/004363.png,voc2007,test,pixelate,mid,4,3,main,,500,332,4,"[""sofa"", ""person"", ""person"", ""chair""]"
004363,data/VOCdevkit/VOC2007/JPEGImages/004363.jpg,output/mid_frequency/pixelate/severity_4/004363.png,voc2007,test,pixelate,mid,4,4,main,,500,332,4,"[""sofa"", ""person"", ""person"", ""chair""]"
004363,data/VOCdevkit/VOC2007/JPEGImages/004363.jpg,output/mid_frequency/pixelate/severity_5/004363.png,voc2007,test,pixelate,mid,4,5,main,,500,332,4,"[""sofa"", ""person"", ""person"", ""chair""]"
004363,data/VOCdevkit/VOC2007/JPEGImages/004363.jpg,output/mid_frequency/defocus_blur/severity_1/004363.png,voc2007,test,defocus_blur,mid,5,1,main,,500,332,4,"[""sofa"", ""person"", ""person"", ""chair""]"
004363,data/VOCdevkit/VOC2007/JPEGImages/004363.jpg,output/mid_frequency/defocus_blur/severity_2/004363.png,voc2007,test,defocus_blur,mid,5,2,main,,500,332,4,"[""sofa"", ""person"", ""person"", ""chair""]"
004363,data/VOCdevkit/VOC2007/JPEGImages/004363.jpg,output/mid_frequency/defocus_blur/severity_3/004363.png,voc2007,test,defocus_blur,mid,5,3,main,,500,332,4,"[""sofa"", ""person"", ""person"", ""chair""]"
004363,data/VOCdevkit/VOC2007/JPEGImages/004363.jpg,output/mid_frequency/defocus_blur/severity_4/004363.png,voc2007,test,defocus_blur,mid,5,4,main,,500,332,4,"[""sofa"", ""person"", ""person"", ""chair""]"
004363,data/VOCdevkit/VOC2007/JPEGImages/004363.jpg,output/mid_frequency/defocus_blur/severity_5/004363.png,voc2007,test,defocus_blur,mid,5,5,main,,500,332,4,"[""sofa"", ""person"", ""person"", ""chair""]"
004363,data/VOCdevkit/VOC2007/JPEGImages/004363.jpg,output/mid_frequency/motion_blur/severity_1/004363.png,voc2007,test,motion_blur,mid,6,1,main,,500,332,4,"[""sofa"", ""person"", ""person"", ""chair""]"
004363,data/VOCdevkit/VOC2007/JPEGImages/004363.jpg,output/mid_frequency/motion_blur/severity_2/004363.png,voc2007,test,motion_blur,mid,6,2,main,,500,332,4,"[""sofa"", ""person"", ""person"", ""chair""]"
004363,data/VOCdevkit/VOC2007/JPEGImages/004363.jpg,output/mid_frequency/motion_blur/severity_3/004363.png,voc2007,test,motion_blur,mid,6,3,main,,500,332,4,"[""sofa"", ""person"", ""person"", ""chair""]"
004363,data/VOCdevkit/VOC2007/JPEGImages/004363.jpg,output/mid_frequency/motion_blur/severity_4/004363.png,voc2007,test,motion_blur,mid,6,4,main,,500,332,4,"[""sofa"", ""person"", ""person"", ""chair""]"
004363,data/VOCdevkit/VOC2007/JPEGImages/004363.jpg,output/mid_frequency/motion_blur/severity_5/004363.png,voc2007,test,motion_blur,mid,6,5,main,,500,332,4,"[""sofa"", ""person"", ""person"", ""chair""]"
004363,data/VOCdevkit/VOC2007/JPEGImages/004363.jpg,output/low_frequency/fog/severity_1/004363.png,voc2007,test,fog,low,7,1,main,,500,332,4,"[""sofa"", ""person"", ""person"", ""chair""]"
004363,data/VOCdevkit/VOC2007/JPEGImages/004363.jpg,output/low_frequency/fog/severity_2/004363.png,voc2007,test,fog,low,7,2,main,,500,332,4,"[""sofa"", ""person"", ""person"", ""chair""]"
004363,data/VOCdevkit/VOC2007/JPEGImages/004363.jpg,output/low_frequency/fog/severity_3/004363.png,voc2007,test,fog,low,7,3,main,,500,332,4,"[""sofa"", ""person"", ""person"", ""chair""]"
004363,data/VOCdevkit/VOC2007/JPEGImages/004363.jpg,output/low_frequency/fog/severity_4/004363.png,voc2007,test,fog,low,7,4,main,,500,332,4,"[""sofa"", ""person"", ""person"", ""chair""]"
004363,data/VOCdevkit/VOC2007/JPEGImages/004363.jpg,output/low_frequency/fog/severity_5/004363.png,voc2007,test,fog,low,7,5,main,,500,332,4,"[""sofa"", ""person"", ""person"", ""chair""]"
004363,data/VOCdevkit/VOC2007/JPEGImages/004363.jpg,output/low_frequency/contrast/severity_1/004363.png,voc2007,test,contrast,low,8,1,main,,500,332,4,"[""sofa"", ""person"", ""person"", ""chair""]"
004363,data/VOCdevkit/VOC2007/JPEGImages/004363.jpg,output/low_frequency/contrast/severity_2/004363.png,voc2007,test,contrast,low,8,2,main,,500,332,4,"[""sofa"", ""person"", ""person"", ""chair""]"
004363,data/VOCdevkit/VOC2007/JPEGImages/004363.jpg,output/low_frequency/contrast/severity_3/004363.png,voc2007,test,contrast,low,8,3,main,,500,332,4,"[""sofa"", ""person"", ""person"", ""chair""]"
004363,data/VOCdevkit/VOC2007/JPEGImages/004363.jpg,output/low_frequency/contrast/severity_4/004363.png,voc2007,test,contrast,low,8,4,main,,500,332,4,"[""sofa"", ""person"", ""person"", ""chair""]"
004363,data/VOCdevkit/VOC2007/JPEGImages/004363.jpg,output/low_frequency/contrast/severity_5/004363.png,voc2007,test,contrast,low,8,5,main,,500,332,4,"[""sofa"", ""person"", ""person"", ""chair""]"
000691,data/VOCdevkit/VOC2007/JPEGImages/000691.jpg,output/clean/000691.png,voc2007,test,clean,none,0,0,clean,,500,375,2,"[""chair"", ""chair""]"
000691,data/VOCdevkit/VOC2007/JPEGImages/000691.jpg,output/high_frequency/gaussian_noise/severity_1/000691.png,voc2007,test,gaussian_noise,high,1,1,main,,500,375,2,"[""chair"", ""chair""]"
000691,data/VOCdevkit/VOC2007/JPEGImages/000691.jpg,output/high_frequency/gaussian_noise/severity_2/000691.png,voc2007,test,gaussian_noise,high,1,2,main,,500,375,2,"[""chair"", ""chair""]"
000691,data/VOCdevkit/VOC2007/JPEGImages/000691.jpg,output/high_frequency/gaussian_noise/severity_3/000691.png,voc2007,test,gaussian_noise,high,1,3,main,,500,375,2,"[""chair"", ""chair""]"
000691,data/VOCdevkit/VOC2007/JPEGImages/000691.jpg,output/high_frequency/gaussian_noise/severity_4/000691.png,voc2007,test,gaussian_noise,high,1,4,main,,500,375,2,"[""chair"", ""chair""]"
000691,data/VOCdevkit/VOC2007/JPEGImages/000691.jpg,output/high_frequency/gaussian_noise/severity_5/000691.png,voc2007,test,gaussian_noise,high,1,5,main,,500,375,2,"[""chair"", ""chair""]"
000691,data/VOCdevkit/VOC2007/JPEGImages/000691.jpg,output/high_frequency/shot_noise/severity_1/000691.png,voc2007,test,shot_noise,high,2,1,main,,500,375,2,"[""chair"", ""chair""]"
000691,data/VOCdevkit/VOC2007/JPEGImages/000691.jpg,output/high_frequency/shot_noise/severity_2/000691.png,voc2007,test,shot_noise,high,2,2,main,,500,375,2,"[""chair"", ""chair""]"
000691,data/VOCdevkit/VOC2007/JPEGImages/000691.jpg,output/high_frequency/shot_noise/severity_3/000691.png,voc2007,test,shot_noise,high,2,3,main,,500,375,2,"[""chair"", ""chair""]"
000691,data/VOCdevkit/VOC2007/JPEGImages/000691.jpg,output/high_frequency/shot_noise/severity_4/000691.png,voc2007,test,shot_noise,high,2,4,main,,500,375,2,"[""chair"", ""chair""]"
000691,data/VOCdevkit/VOC2007/JPEGImages/000691.jpg,output/high_frequency/shot_noise/severity_5/000691.png,voc2007,test,shot_noise,high,2,5,main,,500,375,2,"[""chair"", ""chair""]"
000691,data/VOCdevkit/VOC2007/JPEGImages/000691.jpg,output/high_frequency/jpeg_compression/severity_1/000691.png,voc2007,test,jpeg_compression,high,3,1,main,,500,375,2,"[""chair"", ""chair""]"
000691,data/VOCdevkit/VOC2007/JPEGImages/000691.jpg,output/high_frequency/jpeg_compression/severity_2/000691.png,voc2007,test,jpeg_compression,high,3,2,main,,500,375,2,"[""chair"", ""chair""]"
000691,data/VOCdevkit/VOC2007/JPEGImages/000691.jpg,output/high_frequency/jpeg_compression/severity_3/000691.png,voc2007,test,jpeg_compression,high,3,3,main,,500,375,2,"[""chair"", ""chair""]"
000691,data/VOCdevkit/VOC2007/JPEGImages/000691.jpg,output/high_frequency/jpeg_compression/severity_4/000691.png,voc2007,test,jpeg_compression,high,3,4,main,,500,375,2,"[""chair"", ""chair""]"
000691,data/VOCdevkit/VOC2007/JPEGImages/000691.jpg,output/high_frequency/jpeg_compression/severity_5/000691.png,voc2007,test,jpeg_compression,high,3,5,main,,500,375,2,"[""chair"", ""chair""]"
000691,data/VOCdevkit/VOC2007/JPEGImages/000691.jpg,output/mid_frequency/pixelate/severity_1/000691.png,voc2007,test,pixelate,mid,4,1,main,,500,375,2,"[""chair"", ""chair""]"
000691,data/VOCdevkit/VOC2007/JPEGImages/000691.jpg,output/mid_frequency/pixelate/severity_2/000691.png,voc2007,test,pixelate,mid,4,2,main,,500,375,2,"[""chair"", ""chair""]"
000691,data/VOCdevkit/VOC2007/JPEGImages/000691.jpg,output/mid_frequency/pixelate/severity_3/000691.png,voc2007,test,pixelate,mid,4,3,main,,500,375,2,"[""chair"", ""chair""]"
000691,data/VOCdevkit/VOC2007/JPEGImages/000691.jpg,output/mid_frequency/pixelate/severity_4/000691.png,voc2007,test,pixelate,mid,4,4,main,,500,375,2,"[""chair"", ""chair""]"
000691,data/VOCdevkit/VOC2007/JPEGImages/000691.jpg,output/mid_frequency/pixelate/severity_5/000691.png,voc2007,test,pixelate,mid,4,5,main,,500,375,2,"[""chair"", ""chair""]"
000691,data/VOCdevkit/VOC2007/JPEGImages/000691.jpg,output/mid_frequency/defocus_blur/severity_1/000691.png,voc2007,test,defocus_blur,mid,5,1,main,,500,375,2,"[""chair"", ""chair""]"
000691,data/VOCdevkit/VOC2007/JPEGImages/000691.jpg,output/mid_frequency/defocus_blur/severity_2/000691.png,voc2007,test,defocus_blur,mid,5,2,main,,500,375,2,"[""chair"", ""chair""]"
000691,data/VOCdevkit/VOC2007/JPEGImages/000691.jpg,output/mid_frequency/defocus_blur/severity_3/000691.png,voc2007,test,defocus_blur,mid,5,3,main,,500,375,2,"[""chair"", ""chair""]"
000691,data/VOCdevkit/VOC2007/JPEGImages/000691.jpg,output/mid_frequency/defocus_blur/severity_4/000691.png,voc2007,test,defocus_blur,mid,5,4,main,,500,375,2,"[""chair"", ""chair""]"
000691,data/VOCdevkit/VOC2007/JPEGImages/000691.jpg,output/mid_frequency/defocus_blur/severity_5/000691.png,voc2007,test,defocus_blur,mid,5,5,main,,500,375,2,"[""chair"", ""chair""]"
000691,data/VOCdevkit/VOC2007/JPEGImages/000691.jpg,output/mid_frequency/motion_blur/severity_1/000691.png,voc2007,test,motion_blur,mid,6,1,main,,500,375,2,"[""chair"", ""chair""]"
000691,data/VOCdevkit/VOC2007/JPEGImages/000691.jpg,output/mid_frequency/motion_blur/severity_2/000691.png,voc2007,test,motion_blur,mid,6,2,main,,500,375,2,"[""chair"", ""chair""]"
000691,data/VOCdevkit/VOC2007/JPEGImages/000691.jpg,output/mid_frequency/motion_blur/severity_3/000691.png,voc2007,test,motion_blur,mid,6,3,main,,500,375,2,"[""chair"", ""chair""]"
000691,data/VOCdevkit/VOC2007/JPEGImages/000691.jpg,output/mid_frequency/motion_blur/severity_4/000691.png,voc2007,test,motion_blur,mid,6,4,main,,500,375,2,"[""chair"", ""chair""]"
000691,data/VOCdevkit/VOC2007/JPEGImages/000691.jpg,output/mid_frequency/motion_blur/severity_5/000691.png,voc2007,test,motion_blur,mid,6,5,main,,500,375,2,"[""chair"", ""chair""]"
000691,data/VOCdevkit/VOC2007/JPEGImages/000691.jpg,output/low_frequency/fog/severity_1/000691.png,voc2007,test,fog,low,7,1,main,,500,375,2,"[""chair"", ""chair""]"
000691,data/VOCdevkit/VOC2007/JPEGImages/000691.jpg,output/low_frequency/fog/severity_2/000691.png,voc2007,test,fog,low,7,2,main,,500,375,2,"[""chair"", ""chair""]"
000691,data/VOCdevkit/VOC2007/JPEGImages/000691.jpg,output/low_frequency/fog/severity_3/000691.png,voc2007,test,fog,low,7,3,main,,500,375,2,"[""chair"", ""chair""]"
000691,data/VOCdevkit/VOC2007/JPEGImages/000691.jpg,output/low_frequency/fog/severity_4/000691.png,voc2007,test,fog,low,7,4,main,,500,375,2,"[""chair"", ""chair""]"
000691,data/VOCdevkit/VOC2007/JPEGImages/000691.jpg,output/low_frequency/fog/severity_5/000691.png,voc2007,test,fog,low,7,5,main,,500,375,2,"[""chair"", ""chair""]"
000691,data/VOCdevkit/VOC2007/JPEGImages/000691.jpg,output/low_frequency/contrast/severity_1/000691.png,voc2007,test,contrast,low,8,1,main,,500,375,2,"[""chair"", ""chair""]"
000691,data/VOCdevkit/VOC2007/JPEGImages/000691.jpg,output/low_frequency/contrast/severity_2/000691.png,voc2007,test,contrast,low,8,2,main,,500,375,2,"[""chair"", ""chair""]"
000691,data/VOCdevkit/VOC2007/JPEGImages/000691.jpg,output/low_frequency/contrast/severity_3/000691.png,voc2007,test,contrast,low,8,3,main,,500,375,2,"[""chair"", ""chair""]"
000691,data/VOCdevkit/VOC2007/JPEGImages/000691.jpg,output/low_frequency/contrast/severity_4/000691.png,voc2007,test,contrast,low,8,4,main,,500,375,2,"[""chair"", ""chair""]"
000691,data/VOCdevkit/VOC2007/JPEGImages/000691.jpg,output/low_frequency/contrast/severity_5/000691.png,voc2007,test,contrast,low,8,5,main,,500,375,2,"[""chair"", ""chair""]"
007589,data/VOCdevkit/VOC2007/JPEGImages/007589.jpg,output/clean/007589.png,voc2007,test,clean,none,0,0,clean,,500,375,4,"[""person"", ""car"", ""person"", ""person""]"
007589,data/VOCdevkit/VOC2007/JPEGImages/007589.jpg,output/high_frequency/gaussian_noise/severity_1/007589.png,voc2007,test,gaussian_noise,high,1,1,main,,500,375,4,"[""person"", ""car"", ""person"", ""person""]"
007589,data/VOCdevkit/VOC2007/JPEGImages/007589.jpg,output/high_frequency/gaussian_noise/severity_2/007589.png,voc2007,test,gaussian_noise,high,1,2,main,,500,375,4,"[""person"", ""car"", ""person"", ""person""]"
007589,data/VOCdevkit/VOC2007/JPEGImages/007589.jpg,output/high_frequency/gaussian_noise/severity_3/007589.png,voc2007,test,gaussian_noise,high,1,3,main,,500,375,4,"[""person"", ""car"", ""person"", ""person""]"
007589,data/VOCdevkit/VOC2007/JPEGImages/007589.jpg,output/high_frequency/gaussian_noise/severity_4/007589.png,voc2007,test,gaussian_noise,high,1,4,main,,500,375,4,"[""person"", ""car"", ""person"", ""person""]"
007589,data/VOCdevkit/VOC2007/JPEGImages/007589.jpg,output/high_frequency/gaussian_noise/severity_5/007589.png,voc2007,test,gaussian_noise,high,1,5,main,,500,375,4,"[""person"", ""car"", ""person"", ""person""]"
007589,data/VOCdevkit/VOC2007/JPEGImages/007589.jpg,output/high_frequency/shot_noise/severity_1/007589.png,voc2007,test,shot_noise,high,2,1,main,,500,375,4,"[""person"", ""car"", ""person"", ""person""]"
007589,data/VOCdevkit/VOC2007/JPEGImages/007589.jpg,output/high_frequency/shot_noise/severity_2/007589.png,voc2007,test,shot_noise,high,2,2,main,,500,375,4,"[""person"", ""car"", ""person"", ""person""]"
007589,data/VOCdevkit/VOC2007/JPEGImages/007589.jpg,output/high_frequency/shot_noise/severity_3/007589.png,voc2007,test,shot_noise,high,2,3,main,,500,375,4,"[""person"", ""car"", ""person"", ""person""]"
007589,data/VOCdevkit/VOC2007/JPEGImages/007589.jpg,output/high_frequency/shot_noise/severity_4/007589.png,voc2007,test,shot_noise,high,2,4,main,,500,375,4,"[""person"", ""car"", ""person"", ""person""]"
007589,data/VOCdevkit/VOC2007/JPEGImages/007589.jpg,output/high_frequency/shot_noise/severity_5/007589.png,voc2007,test,shot_noise,high,2,5,main,,500,375,4,"[""person"", ""car"", ""person"", ""person""]"
007589,data/VOCdevkit/VOC2007/JPEGImages/007589.jpg,output/high_frequency/jpeg_compression/severity_1/007589.png,voc2007,test,jpeg_compression,high,3,1,main,,500,375,4,"[""person"", ""car"", ""person"", ""person""]"
007589,data/VOCdevkit/VOC2007/JPEGImages/007589.jpg,output/high_frequency/jpeg_compression/severity_2/007589.png,voc2007,test,jpeg_compression,high,3,2,main,,500,375,4,"[""person"", ""car"", ""person"", ""person""]"
007589,data/VOCdevkit/VOC2007/JPEGImages/007589.jpg,output/high_frequency/jpeg_compression/severity_3/007589.png,voc2007,test,jpeg_compression,high,3,3,main,,500,375,4,"[""person"", ""car"", ""person"", ""person""]"
007589,data/VOCdevkit/VOC2007/JPEGImages/007589.jpg,output/high_frequency/jpeg_compression/severity_4/007589.png,voc2007,test,jpeg_compression,high,3,4,main,,500,375,4,"[""person"", ""car"", ""person"", ""person""]"
007589,data/VOCdevkit/VOC2007/JPEGImages/007589.jpg,output/high_frequency/jpeg_compression/severity_5/007589.png,voc2007,test,jpeg_compression,high,3,5,main,,500,375,4,"[""person"", ""car"", ""person"", ""person""]"
007589,data/VOCdevkit/VOC2007/JPEGImages/007589.jpg,output/mid_frequency/pixelate/severity_1/007589.png,voc2007,test,pixelate,mid,4,1,main,,500,375,4,"[""person"", ""car"", ""person"", ""person""]"
007589,data/VOCdevkit/VOC2007/JPEGImages/007589.jpg,output/mid_frequency/pixelate/severity_2/007589.png,voc2007,test,pixelate,mid,4,2,main,,500,375,4,"[""person"", ""car"", ""person"", ""person""]"
007589,data/VOCdevkit/VOC2007/JPEGImages/007589.jpg,output/mid_frequency/pixelate/severity_3/007589.png,voc2007,test,pixelate,mid,4,3,main,,500,375,4,"[""person"", ""car"", ""person"", ""person""]"
007589,data/VOCdevkit/VOC2007/JPEGImages/007589.jpg,output/mid_frequency/pixelate/severity_4/007589.png,voc2007,test,pixelate,mid,4,4,main,,500,375,4,"[""person"", ""car"", ""person"", ""person""]"
007589,data/VOCdevkit/VOC2007/JPEGImages/007589.jpg,output/mid_frequency/pixelate/severity_5/007589.png,voc2007,test,pixelate,mid,4,5,main,,500,375,4,"[""person"", ""car"", ""person"", ""person""]"
007589,data/VOCdevkit/VOC2007/JPEGImages/007589.jpg,output/mid_frequency/defocus_blur/severity_1/007589.png,voc2007,test,defocus_blur,mid,5,1,main,,500,375,4,"[""person"", ""car"", ""person"", ""person""]"
007589,data/VOCdevkit/VOC2007/JPEGImages/007589.jpg,output/mid_frequency/defocus_blur/severity_2/007589.png,voc2007,test,defocus_blur,mid,5,2,main,,500,375,4,"[""person"", ""car"", ""person"", ""person""]"
007589,data/VOCdevkit/VOC2007/JPEGImages/007589.jpg,output/mid_frequency/defocus_blur/severity_3/007589.png,voc2007,test,defocus_blur,mid,5,3,main,,500,375,4,"[""person"", ""car"", ""person"", ""person""]"
007589,data/VOCdevkit/VOC2007/JPEGImages/007589.jpg,output/mid_frequency/defocus_blur/severity_4/007589.png,voc2007,test,defocus_blur,mid,5,4,main,,500,375,4,"[""person"", ""car"", ""person"", ""person""]"
007589,data/VOCdevkit/VOC2007/JPEGImages/007589.jpg,output/mid_frequency/defocus_blur/severity_5/007589.png,voc2007,test,defocus_blur,mid,5,5,main,,500,375,4,"[""person"", ""car"", ""person"", ""person""]"
007589,data/VOCdevkit/VOC2007/JPEGImages/007589.jpg,output/mid_frequency/motion_blur/severity_1/007589.png,voc2007,test,motion_blur,mid,6,1,main,,500,375,4,"[""person"", ""car"", ""person"", ""person""]"
007589,data/VOCdevkit/VOC2007/JPEGImages/007589.jpg,output/mid_frequency/motion_blur/severity_2/007589.png,voc2007,test,motion_blur,mid,6,2,main,,500,375,4,"[""person"", ""car"", ""person"", ""person""]"
007589,data/VOCdevkit/VOC2007/JPEGImages/007589.jpg,output/mid_frequency/motion_blur/severity_3/007589.png,voc2007,test,motion_blur,mid,6,3,main,,500,375,4,"[""person"", ""car"", ""person"", ""person""]"
007589,data/VOCdevkit/VOC2007/JPEGImages/007589.jpg,output/mid_frequency/motion_blur/severity_4/007589.png,voc2007,test,motion_blur,mid,6,4,main,,500,375,4,"[""person"", ""car"", ""person"", ""person""]"
007589,data/VOCdevkit/VOC2007/JPEGImages/007589.jpg,output/mid_frequency/motion_blur/severity_5/007589.png,voc2007,test,motion_blur,mid,6,5,main,,500,375,4,"[""person"", ""car"", ""person"", ""person""]"
007589,data/VOCdevkit/VOC2007/JPEGImages/007589.jpg,output/low_frequency/fog/severity_1/007589.png,voc2007,test,fog,low,7,1,main,,500,375,4,"[""person"", ""car"", ""person"", ""person""]"
007589,data/VOCdevkit/VOC2007/JPEGImages/007589.jpg,output/low_frequency/fog/severity_2/007589.png,voc2007,test,fog,low,7,2,main,,500,375,4,"[""person"", ""car"", ""person"", ""person""]"
007589,data/VOCdevkit/VOC2007/JPEGImages/007589.jpg,output/low_frequency/fog/severity_3/007589.png,voc2007,test,fog,low,7,3,main,,500,375,4,"[""person"", ""car"", ""person"", ""person""]"
007589,data/VOCdevkit/VOC2007/JPEGImages/007589.jpg,output/low_frequency/fog/severity_4/007589.png,voc2007,test,fog,low,7,4,main,,500,375,4,"[""person"", ""car"", ""person"", ""person""]"
007589,data/VOCdevkit/VOC2007/JPEGImages/007589.jpg,output/low_frequency/fog/severity_5/007589.png,voc2007,test,fog,low,7,5,main,,500,375,4,"[""person"", ""car"", ""person"", ""person""]"
007589,data/VOCdevkit/VOC2007/JPEGImages/007589.jpg,output/low_frequency/contrast/severity_1/007589.png,voc2007,test,contrast,low,8,1,main,,500,375,4,"[""person"", ""car"", ""person"", ""person""]"
007589,data/VOCdevkit/VOC2007/JPEGImages/007589.jpg,output/low_frequency/contrast/severity_2/007589.png,voc2007,test,contrast,low,8,2,main,,500,375,4,"[""person"", ""car"", ""person"", ""person""]"
007589,data/VOCdevkit/VOC2007/JPEGImages/007589.jpg,output/low_frequency/contrast/severity_3/007589.png,voc2007,test,contrast,low,8,3,main,,500,375,4,"[""person"", ""car"", ""person"", ""person""]"
007589,data/VOCdevkit/VOC2007/JPEGImages/007589.jpg,output/low_frequency/contrast/severity_4/007589.png,voc2007,test,contrast,low,8,4,main,,500,375,4,"[""person"", ""car"", ""person"", ""person""]"
007589,data/VOCdevkit/VOC2007/JPEGImages/007589.jpg,output/low_frequency/contrast/severity_5/007589.png,voc2007,test,contrast,low,8,5,main,,500,375,4,"[""person"", ""car"", ""person"", ""person""]"
008812,data/VOCdevkit/VOC2007/JPEGImages/008812.jpg,output/clean/008812.png,voc2007,test,clean,none,0,0,clean,,500,375,2,"[""person"", ""horse""]"
008812,data/VOCdevkit/VOC2007/JPEGImages/008812.jpg,output/high_frequency/gaussian_noise/severity_1/008812.png,voc2007,test,gaussian_noise,high,1,1,main,,500,375,2,"[""person"", ""horse""]"
008812,data/VOCdevkit/VOC2007/JPEGImages/008812.jpg,output/high_frequency/gaussian_noise/severity_2/008812.png,voc2007,test,gaussian_noise,high,1,2,main,,500,375,2,"[""person"", ""horse""]"
008812,data/VOCdevkit/VOC2007/JPEGImages/008812.jpg,output/high_frequency/gaussian_noise/severity_3/008812.png,voc2007,test,gaussian_noise,high,1,3,main,,500,375,2,"[""person"", ""horse""]"
008812,data/VOCdevkit/VOC2007/JPEGImages/008812.jpg,output/high_frequency/gaussian_noise/severity_4/008812.png,voc2007,test,gaussian_noise,high,1,4,main,,500,375,2,"[""person"", ""horse""]"
008812,data/VOCdevkit/VOC2007/JPEGImages/008812.jpg,output/high_frequency/gaussian_noise/severity_5/008812.png,voc2007,test,gaussian_noise,high,1,5,main,,500,375,2,"[""person"", ""horse""]"
008812,data/VOCdevkit/VOC2007/JPEGImages/008812.jpg,output/high_frequency/shot_noise/severity_1/008812.png,voc2007,test,shot_noise,high,2,1,main,,500,375,2,"[""person"", ""horse""]"
008812,data/VOCdevkit/VOC2007/JPEGImages/008812.jpg,output/high_frequency/shot_noise/severity_2/008812.png,voc2007,test,shot_noise,high,2,2,main,,500,375,2,"[""person"", ""horse""]"
008812,data/VOCdevkit/VOC2007/JPEGImages/008812.jpg,output/high_frequency/shot_noise/severity_3/008812.png,voc2007,test,shot_noise,high,2,3,main,,500,375,2,"[""person"", ""horse""]"
008812,data/VOCdevkit/VOC2007/JPEGImages/008812.jpg,output/high_frequency/shot_noise/severity_4/008812.png,voc2007,test,shot_noise,high,2,4,main,,500,375,2,"[""person"", ""horse""]"
008812,data/VOCdevkit/VOC2007/JPEGImages/008812.jpg,output/high_frequency/shot_noise/severity_5/008812.png,voc2007,test,shot_noise,high,2,5,main,,500,375,2,"[""person"", ""horse""]"
008812,data/VOCdevkit/VOC2007/JPEGImages/008812.jpg,output/high_frequency/jpeg_compression/severity_1/008812.png,voc2007,test,jpeg_compression,high,3,1,main,,500,375,2,"[""person"", ""horse""]"
008812,data/VOCdevkit/VOC2007/JPEGImages/008812.jpg,output/high_frequency/jpeg_compression/severity_2/008812.png,voc2007,test,jpeg_compression,high,3,2,main,,500,375,2,"[""person"", ""horse""]"
008812,data/VOCdevkit/VOC2007/JPEGImages/008812.jpg,output/high_frequency/jpeg_compression/severity_3/008812.png,voc2007,test,jpeg_compression,high,3,3,main,,500,375,2,"[""person"", ""horse""]"
008812,data/VOCdevkit/VOC2007/JPEGImages/008812.jpg,output/high_frequency/jpeg_compression/severity_4/008812.png,voc2007,test,jpeg_compression,high,3,4,main,,500,375,2,"[""person"", ""horse""]"
008812,data/VOCdevkit/VOC2007/JPEGImages/008812.jpg,output/high_frequency/jpeg_compression/severity_5/008812.png,voc2007,test,jpeg_compression,high,3,5,main,,500,375,2,"[""person"", ""horse""]"
008812,data/VOCdevkit/VOC2007/JPEGImages/008812.jpg,output/mid_frequency/pixelate/severity_1/008812.png,voc2007,test,pixelate,mid,4,1,main,,500,375,2,"[""person"", ""horse""]"
008812,data/VOCdevkit/VOC2007/JPEGImages/008812.jpg,output/mid_frequency/pixelate/severity_2/008812.png,voc2007,test,pixelate,mid,4,2,main,,500,375,2,"[""person"", ""horse""]"
008812,data/VOCdevkit/VOC2007/JPEGImages/008812.jpg,output/mid_frequency/pixelate/severity_3/008812.png,voc2007,test,pixelate,mid,4,3,main,,500,375,2,"[""person"", ""horse""]"
008812,data/VOCdevkit/VOC2007/JPEGImages/008812.jpg,output/mid_frequency/pixelate/severity_4/008812.png,voc2007,test,pixelate,mid,4,4,main,,500,375,2,"[""person"", ""horse""]"
008812,data/VOCdevkit/VOC2007/JPEGImages/008812.jpg,output/mid_frequency/pixelate/severity_5/008812.png,voc2007,test,pixelate,mid,4,5,main,,500,375,2,"[""person"", ""horse""]"
008812,data/VOCdevkit/VOC2007/JPEGImages/008812.jpg,output/mid_frequency/defocus_blur/severity_1/008812.png,voc2007,test,defocus_blur,mid,5,1,main,,500,375,2,"[""person"", ""horse""]"
008812,data/VOCdevkit/VOC2007/JPEGImages/008812.jpg,output/mid_frequency/defocus_blur/severity_2/008812.png,voc2007,test,defocus_blur,mid,5,2,main,,500,375,2,"[""person"", ""horse""]"
008812,data/VOCdevkit/VOC2007/JPEGImages/008812.jpg,output/mid_frequency/defocus_blur/severity_3/008812.png,voc2007,test,defocus_blur,mid,5,3,main,,500,375,2,"[""person"", ""horse""]"
008812,data/VOCdevkit/VOC2007/JPEGImages/008812.jpg,output/mid_frequency/defocus_blur/severity_4/008812.png,voc2007,test,defocus_blur,mid,5,4,main,,500,375,2,"[""person"", ""horse""]"
008812,data/VOCdevkit/VOC2007/JPEGImages/008812.jpg,output/mid_frequency/defocus_blur/severity_5/008812.png,voc2007,test,defocus_blur,mid,5,5,main,,500,375,2,"[""person"", ""horse""]"
008812,data/VOCdevkit/VOC2007/JPEGImages/008812.jpg,output/mid_frequency/motion_blur/severity_1/008812.png,voc2007,test,motion_blur,mid,6,1,main,,500,375,2,"[""person"", ""horse""]"
008812,data/VOCdevkit/VOC2007/JPEGImages/008812.jpg,output/mid_frequency/motion_blur/severity_2/008812.png,voc2007,test,motion_blur,mid,6,2,main,,500,375,2,"[""person"", ""horse""]"
008812,data/VOCdevkit/VOC2007/JPEGImages/008812.jpg,output/mid_frequency/motion_blur/severity_3/008812.png,voc2007,test,motion_blur,mid,6,3,main,,500,375,2,"[""person"", ""horse""]"
008812,data/VOCdevkit/VOC2007/JPEGImages/008812.jpg,output/mid_frequency/motion_blur/severity_4/008812.png,voc2007,test,motion_blur,mid,6,4,main,,500,375,2,"[""person"", ""horse""]"
008812,data/VOCdevkit/VOC2007/JPEGImages/008812.jpg,output/mid_frequency/motion_blur/severity_5/008812.png,voc2007,test,motion_blur,mid,6,5,main,,500,375,2,"[""person"", ""horse""]"
008812,data/VOCdevkit/VOC2007/JPEGImages/008812.jpg,output/low_frequency/fog/severity_1/008812.png,voc2007,test,fog,low,7,1,main,,500,375,2,"[""person"", ""horse""]"
008812,data/VOCdevkit/VOC2007/JPEGImages/008812.jpg,output/low_frequency/fog/severity_2/008812.png,voc2007,test,fog,low,7,2,main,,500,375,2,"[""person"", ""horse""]"
008812,data/VOCdevkit/VOC2007/JPEGImages/008812.jpg,output/low_frequency/fog/severity_3/008812.png,voc2007,test,fog,low,7,3,main,,500,375,2,"[""person"", ""horse""]"
008812,data/VOCdevkit/VOC2007/JPEGImages/008812.jpg,output/low_frequency/fog/severity_4/008812.png,voc2007,test,fog,low,7,4,main,,500,375,2,"[""person"", ""horse""]"
008812,data/VOCdevkit/VOC2007/JPEGImages/008812.jpg,output/low_frequency/fog/severity_5/008812.png,voc2007,test,fog,low,7,5,main,,500,375,2,"[""person"", ""horse""]"
008812,data/VOCdevkit/VOC2007/JPEGImages/008812.jpg,output/low_frequency/contrast/severity_1/008812.png,voc2007,test,contrast,low,8,1,main,,500,375,2,"[""person"", ""horse""]"
008812,data/VOCdevkit/VOC2007/JPEGImages/008812.jpg,output/low_frequency/contrast/severity_2/008812.png,voc2007,test,contrast,low,8,2,main,,500,375,2,"[""person"", ""horse""]"
008812,data/VOCdevkit/VOC2007/JPEGImages/008812.jpg,output/low_frequency/contrast/severity_3/008812.png,voc2007,test,contrast,low,8,3,main,,500,375,2,"[""person"", ""horse""]"
008812,data/VOCdevkit/VOC2007/JPEGImages/008812.jpg,output/low_frequency/contrast/severity_4/008812.png,voc2007,test,contrast,low,8,4,main,,500,375,2,"[""person"", ""horse""]"
008812,data/VOCdevkit/VOC2007/JPEGImages/008812.jpg,output/low_frequency/contrast/severity_5/008812.png,voc2007,test,contrast,low,8,5,main,,500,375,2,"[""person"", ""horse""]"
002017,data/VOCdevkit/VOC2007/JPEGImages/002017.jpg,output/clean/002017.png,voc2007,test,clean,none,0,0,clean,,500,354,1,"[""horse""]"
002017,data/VOCdevkit/VOC2007/JPEGImages/002017.jpg,output/high_frequency/gaussian_noise/severity_1/002017.png,voc2007,test,gaussian_noise,high,1,1,main,,500,354,1,"[""horse""]"
002017,data/VOCdevkit/VOC2007/JPEGImages/002017.jpg,output/high_frequency/gaussian_noise/severity_2/002017.png,voc2007,test,gaussian_noise,high,1,2,main,,500,354,1,"[""horse""]"
002017,data/VOCdevkit/VOC2007/JPEGImages/002017.jpg,output/high_frequency/gaussian_noise/severity_3/002017.png,voc2007,test,gaussian_noise,high,1,3,main,,500,354,1,"[""horse""]"
002017,data/VOCdevkit/VOC2007/JPEGImages/002017.jpg,output/high_frequency/gaussian_noise/severity_4/002017.png,voc2007,test,gaussian_noise,high,1,4,main,,500,354,1,"[""horse""]"
002017,data/VOCdevkit/VOC2007/JPEGImages/002017.jpg,output/high_frequency/gaussian_noise/severity_5/002017.png,voc2007,test,gaussian_noise,high,1,5,main,,500,354,1,"[""horse""]"
002017,data/VOCdevkit/VOC2007/JPEGImages/002017.jpg,output/high_frequency/shot_noise/severity_1/002017.png,voc2007,test,shot_noise,high,2,1,main,,500,354,1,"[""horse""]"
002017,data/VOCdevkit/VOC2007/JPEGImages/002017.jpg,output/high_frequency/shot_noise/severity_2/002017.png,voc2007,test,shot_noise,high,2,2,main,,500,354,1,"[""horse""]"
002017,data/VOCdevkit/VOC2007/JPEGImages/002017.jpg,output/high_frequency/shot_noise/severity_3/002017.png,voc2007,test,shot_noise,high,2,3,main,,500,354,1,"[""horse""]"
002017,data/VOCdevkit/VOC2007/JPEGImages/002017.jpg,output/high_frequency/shot_noise/severity_4/002017.png,voc2007,test,shot_noise,high,2,4,main,,500,354,1,"[""horse""]"
002017,data/VOCdevkit/VOC2007/JPEGImages/002017.jpg,output/high_frequency/shot_noise/severity_5/002017.png,voc2007,test,shot_noise,high,2,5,main,,500,354,1,"[""horse""]"
002017,data/VOCdevkit/VOC2007/JPEGImages/002017.jpg,output/high_frequency/jpeg_compression/severity_1/002017.png,voc2007,test,jpeg_compression,high,3,1,main,,500,354,1,"[""horse""]"
002017,data/VOCdevkit/VOC2007/JPEGImages/002017.jpg,output/high_frequency/jpeg_compression/severity_2/002017.png,voc2007,test,jpeg_compression,high,3,2,main,,500,354,1,"[""horse""]"
002017,data/VOCdevkit/VOC2007/JPEGImages/002017.jpg,output/high_frequency/jpeg_compression/severity_3/002017.png,voc2007,test,jpeg_compression,high,3,3,main,,500,354,1,"[""horse""]"
002017,data/VOCdevkit/VOC2007/JPEGImages/002017.jpg,output/high_frequency/jpeg_compression/severity_4/002017.png,voc2007,test,jpeg_compression,high,3,4,main,,500,354,1,"[""horse""]"
002017,data/VOCdevkit/VOC2007/JPEGImages/002017.jpg,output/high_frequency/jpeg_compression/severity_5/002017.png,voc2007,test,jpeg_compression,high,3,5,main,,500,354,1,"[""horse""]"
002017,data/VOCdevkit/VOC2007/JPEGImages/002017.jpg,output/mid_frequency/pixelate/severity_1/002017.png,voc2007,test,pixelate,mid,4,1,main,,500,354,1,"[""horse""]"
002017,data/VOCdevkit/VOC2007/JPEGImages/002017.jpg,output/mid_frequency/pixelate/severity_2/002017.png,voc2007,test,pixelate,mid,4,2,main,,500,354,1,"[""horse""]"
002017,data/VOCdevkit/VOC2007/JPEGImages/002017.jpg,output/mid_frequency/pixelate/severity_3/002017.png,voc2007,test,pixelate,mid,4,3,main,,500,354,1,"[""horse""]"
002017,data/VOCdevkit/VOC2007/JPEGImages/002017.jpg,output/mid_frequency/pixelate/severity_4/002017.png,voc2007,test,pixelate,mid,4,4,main,,500,354,1,"[""horse""]"
002017,data/VOCdevkit/VOC2007/JPEGImages/002017.jpg,output/mid_frequency/pixelate/severity_5/002017.png,voc2007,test,pixelate,mid,4,5,main,,500,354,1,"[""horse""]"
002017,data/VOCdevkit/VOC2007/JPEGImages/002017.jpg,output/mid_frequency/defocus_blur/severity_1/002017.png,voc2007,test,defocus_blur,mid,5,1,main,,500,354,1,"[""horse""]"
002017,data/VOCdevkit/VOC2007/JPEGImages/002017.jpg,output/mid_frequency/defocus_blur/severity_2/002017.png,voc2007,test,defocus_blur,mid,5,2,main,,500,354,1,"[""horse""]"
002017,data/VOCdevkit/VOC2007/JPEGImages/002017.jpg,output/mid_frequency/defocus_blur/severity_3/002017.png,voc2007,test,defocus_blur,mid,5,3,main,,500,354,1,"[""horse""]"
002017,data/VOCdevkit/VOC2007/JPEGImages/002017.jpg,output/mid_frequency/defocus_blur/severity_4/002017.png,voc2007,test,defocus_blur,mid,5,4,main,,500,354,1,"[""horse""]"
002017,data/VOCdevkit/VOC2007/JPEGImages/002017.jpg,output/mid_frequency/defocus_blur/severity_5/002017.png,voc2007,test,defocus_blur,mid,5,5,main,,500,354,1,"[""horse""]"
002017,data/VOCdevkit/VOC2007/JPEGImages/002017.jpg,output/mid_frequency/motion_blur/severity_1/002017.png,voc2007,test,motion_blur,mid,6,1,main,,500,354,1,"[""horse""]"
002017,data/VOCdevkit/VOC2007/JPEGImages/002017.jpg,output/mid_frequency/motion_blur/severity_2/002017.png,voc2007,test,motion_blur,mid,6,2,main,,500,354,1,"[""horse""]"
002017,data/VOCdevkit/VOC2007/JPEGImages/002017.jpg,output/mid_frequency/motion_blur/severity_3/002017.png,voc2007,test,motion_blur,mid,6,3,main,,500,354,1,"[""horse""]"
002017,data/VOCdevkit/VOC2007/JPEGImages/002017.jpg,output/mid_frequency/motion_blur/severity_4/002017.png,voc2007,test,motion_blur,mid,6,4,main,,500,354,1,"[""horse""]"
002017,data/VOCdevkit/VOC2007/JPEGImages/002017.jpg,output/mid_frequency/motion_blur/severity_5/002017.png,voc2007,test,motion_blur,mid,6,5,main,,500,354,1,"[""horse""]"
002017,data/VOCdevkit/VOC2007/JPEGImages/002017.jpg,output/low_frequency/fog/severity_1/002017.png,voc2007,test,fog,low,7,1,main,,500,354,1,"[""horse""]"
002017,data/VOCdevkit/VOC2007/JPEGImages/002017.jpg,output/low_frequency/fog/severity_2/002017.png,voc2007,test,fog,low,7,2,main,,500,354,1,"[""horse""]"
002017,data/VOCdevkit/VOC2007/JPEGImages/002017.jpg,output/low_frequency/fog/severity_3/002017.png,voc2007,test,fog,low,7,3,main,,500,354,1,"[""horse""]"
002017,data/VOCdevkit/VOC2007/JPEGImages/002017.jpg,output/low_frequency/fog/severity_4/002017.png,voc2007,test,fog,low,7,4,main,,500,354,1,"[""horse""]"
002017,data/VOCdevkit/VOC2007/JPEGImages/002017.jpg,output/low_frequency/fog/severity_5/002017.png,voc2007,test,fog,low,7,5,main,,500,354,1,"[""horse""]"
002017,data/VOCdevkit/VOC2007/JPEGImages/002017.jpg,output/low_frequency/contrast/severity_1/002017.png,voc2007,test,contrast,low,8,1,main,,500,354,1,"[""horse""]"
002017,data/VOCdevkit/VOC2007/JPEGImages/002017.jpg,output/low_frequency/contrast/severity_2/002017.png,voc2007,test,contrast,low,8,2,main,,500,354,1,"[""horse""]"
002017,data/VOCdevkit/VOC2007/JPEGImages/002017.jpg,output/low_frequency/contrast/severity_3/002017.png,voc2007,test,contrast,low,8,3,main,,500,354,1,"[""horse""]"
002017,data/VOCdevkit/VOC2007/JPEGImages/002017.jpg,output/low_frequency/contrast/severity_4/002017.png,voc2007,test,contrast,low,8,4,main,,500,354,1,"[""horse""]"
002017,data/VOCdevkit/VOC2007/JPEGImages/002017.jpg,output/low_frequency/contrast/severity_5/002017.png,voc2007,test,contrast,low,8,5,main,,500,354,1,"[""horse""]"
006246,data/VOCdevkit/VOC2007/JPEGImages/006246.jpg,output/clean/006246.png,voc2007,test,clean,none,0,0,clean,,500,375,1,"[""car""]"
006246,data/VOCdevkit/VOC2007/JPEGImages/006246.jpg,output/high_frequency/gaussian_noise/severity_1/006246.png,voc2007,test,gaussian_noise,high,1,1,main,,500,375,1,"[""car""]"
006246,data/VOCdevkit/VOC2007/JPEGImages/006246.jpg,output/high_frequency/gaussian_noise/severity_2/006246.png,voc2007,test,gaussian_noise,high,1,2,main,,500,375,1,"[""car""]"
006246,data/VOCdevkit/VOC2007/JPEGImages/006246.jpg,output/high_frequency/gaussian_noise/severity_3/006246.png,voc2007,test,gaussian_noise,high,1,3,main,,500,375,1,"[""car""]"
006246,data/VOCdevkit/VOC2007/JPEGImages/006246.jpg,output/high_frequency/gaussian_noise/severity_4/006246.png,voc2007,test,gaussian_noise,high,1,4,main,,500,375,1,"[""car""]"
006246,data/VOCdevkit/VOC2007/JPEGImages/006246.jpg,output/high_frequency/gaussian_noise/severity_5/006246.png,voc2007,test,gaussian_noise,high,1,5,main,,500,375,1,"[""car""]"
006246,data/VOCdevkit/VOC2007/JPEGImages/006246.jpg,output/high_frequency/shot_noise/severity_1/006246.png,voc2007,test,shot_noise,high,2,1,main,,500,375,1,"[""car""]"
006246,data/VOCdevkit/VOC2007/JPEGImages/006246.jpg,output/high_frequency/shot_noise/severity_2/006246.png,voc2007,test,shot_noise,high,2,2,main,,500,375,1,"[""car""]"
006246,data/VOCdevkit/VOC2007/JPEGImages/006246.jpg,output/high_frequency/shot_noise/severity_3/006246.png,voc2007,test,shot_noise,high,2,3,main,,500,375,1,"[""car""]"
006246,data/VOCdevkit/VOC2007/JPEGImages/006246.jpg,output/high_frequency/shot_noise/severity_4/006246.png,voc2007,test,shot_noise,high,2,4,main,,500,375,1,"[""car""]"
006246,data/VOCdevkit/VOC2007/JPEGImages/006246.jpg,output/high_frequency/shot_noise/severity_5/006246.png,voc2007,test,shot_noise,high,2,5,main,,500,375,1,"[""car""]"
006246,data/VOCdevkit/VOC2007/JPEGImages/006246.jpg,output/high_frequency/jpeg_compression/severity_1/006246.png,voc2007,test,jpeg_compression,high,3,1,main,,500,375,1,"[""car""]"
006246,data/VOCdevkit/VOC2007/JPEGImages/006246.jpg,output/high_frequency/jpeg_compression/severity_2/006246.png,voc2007,test,jpeg_compression,high,3,2,main,,500,375,1,"[""car""]"
006246,data/VOCdevkit/VOC2007/JPEGImages/006246.jpg,output/high_frequency/jpeg_compression/severity_3/006246.png,voc2007,test,jpeg_compression,high,3,3,main,,500,375,1,"[""car""]"
006246,data/VOCdevkit/VOC2007/JPEGImages/006246.jpg,output/high_frequency/jpeg_compression/severity_4/006246.png,voc2007,test,jpeg_compression,high,3,4,main,,500,375,1,"[""car""]"
006246,data/VOCdevkit/VOC2007/JPEGImages/006246.jpg,output/high_frequency/jpeg_compression/severity_5/006246.png,voc2007,test,jpeg_compression,high,3,5,main,,500,375,1,"[""car""]"
006246,data/VOCdevkit/VOC2007/JPEGImages/006246.jpg,output/mid_frequency/pixelate/severity_1/006246.png,voc2007,test,pixelate,mid,4,1,main,,500,375,1,"[""car""]"
006246,data/VOCdevkit/VOC2007/JPEGImages/006246.jpg,output/mid_frequency/pixelate/severity_2/006246.png,voc2007,test,pixelate,mid,4,2,main,,500,375,1,"[""car""]"
006246,data/VOCdevkit/VOC2007/JPEGImages/006246.jpg,output/mid_frequency/pixelate/severity_3/006246.png,voc2007,test,pixelate,mid,4,3,main,,500,375,1,"[""car""]"
006246,data/VOCdevkit/VOC2007/JPEGImages/006246.jpg,output/mid_frequency/pixelate/severity_4/006246.png,voc2007,test,pixelate,mid,4,4,main,,500,375,1,"[""car""]"
006246,data/VOCdevkit/VOC2007/JPEGImages/006246.jpg,output/mid_frequency/pixelate/severity_5/006246.png,voc2007,test,pixelate,mid,4,5,main,,500,375,1,"[""car""]"
006246,data/VOCdevkit/VOC2007/JPEGImages/006246.jpg,output/mid_frequency/defocus_blur/severity_1/006246.png,voc2007,test,defocus_blur,mid,5,1,main,,500,375,1,"[""car""]"
006246,data/VOCdevkit/VOC2007/JPEGImages/006246.jpg,output/mid_frequency/defocus_blur/severity_2/006246.png,voc2007,test,defocus_blur,mid,5,2,main,,500,375,1,"[""car""]"
006246,data/VOCdevkit/VOC2007/JPEGImages/006246.jpg,output/mid_frequency/defocus_blur/severity_3/006246.png,voc2007,test,defocus_blur,mid,5,3,main,,500,375,1,"[""car""]"
006246,data/VOCdevkit/VOC2007/JPEGImages/006246.jpg,output/mid_frequency/defocus_blur/severity_4/006246.png,voc2007,test,defocus_blur,mid,5,4,main,,500,375,1,"[""car""]"
006246,data/VOCdevkit/VOC2007/JPEGImages/006246.jpg,output/mid_frequency/defocus_blur/severity_5/006246.png,voc2007,test,defocus_blur,mid,5,5,main,,500,375,1,"[""car""]"
006246,data/VOCdevkit/VOC2007/JPEGImages/006246.jpg,output/mid_frequency/motion_blur/severity_1/006246.png,voc2007,test,motion_blur,mid,6,1,main,,500,375,1,"[""car""]"
006246,data/VOCdevkit/VOC2007/JPEGImages/006246.jpg,output/mid_frequency/motion_blur/severity_2/006246.png,voc2007,test,motion_blur,mid,6,2,main,,500,375,1,"[""car""]"
006246,data/VOCdevkit/VOC2007/JPEGImages/006246.jpg,output/mid_frequency/motion_blur/severity_3/006246.png,voc2007,test,motion_blur,mid,6,3,main,,500,375,1,"[""car""]"
006246,data/VOCdevkit/VOC2007/JPEGImages/006246.jpg,output/mid_frequency/motion_blur/severity_4/006246.png,voc2007,test,motion_blur,mid,6,4,main,,500,375,1,"[""car""]"
006246,data/VOCdevkit/VOC2007/JPEGImages/006246.jpg,output/mid_frequency/motion_blur/severity_5/006246.png,voc2007,test,motion_blur,mid,6,5,main,,500,375,1,"[""car""]"
006246,data/VOCdevkit/VOC2007/JPEGImages/006246.jpg,output/low_frequency/fog/severity_1/006246.png,voc2007,test,fog,low,7,1,main,,500,375,1,"[""car""]"
006246,data/VOCdevkit/VOC2007/JPEGImages/006246.jpg,output/low_frequency/fog/severity_2/006246.png,voc2007,test,fog,low,7,2,main,,500,375,1,"[""car""]"
006246,data/VOCdevkit/VOC2007/JPEGImages/006246.jpg,output/low_frequency/fog/severity_3/006246.png,voc2007,test,fog,low,7,3,main,,500,375,1,"[""car""]"
006246,data/VOCdevkit/VOC2007/JPEGImages/006246.jpg,output/low_frequency/fog/severity_4/006246.png,voc2007,test,fog,low,7,4,main,,500,375,1,"[""car""]"
006246,data/VOCdevkit/VOC2007/JPEGImages/006246.jpg,output/low_frequency/fog/severity_5/006246.png,voc2007,test,fog,low,7,5,main,,500,375,1,"[""car""]"
006246,data/VOCdevkit/VOC2007/JPEGImages/006246.jpg,output/low_frequency/contrast/severity_1/006246.png,voc2007,test,contrast,low,8,1,main,,500,375,1,"[""car""]"
006246,data/VOCdevkit/VOC2007/JPEGImages/006246.jpg,output/low_frequency/contrast/severity_2/006246.png,voc2007,test,contrast,low,8,2,main,,500,375,1,"[""car""]"
006246,data/VOCdevkit/VOC2007/JPEGImages/006246.jpg,output/low_frequency/contrast/severity_3/006246.png,voc2007,test,contrast,low,8,3,main,,500,375,1,"[""car""]"
006246,data/VOCdevkit/VOC2007/JPEGImages/006246.jpg,output/low_frequency/contrast/severity_4/006246.png,voc2007,test,contrast,low,8,4,main,,500,375,1,"[""car""]"
006246,data/VOCdevkit/VOC2007/JPEGImages/006246.jpg,output/low_frequency/contrast/severity_5/006246.png,voc2007,test,contrast,low,8,5,main,,500,375,1,"[""car""]"
001291,data/VOCdevkit/VOC2007/JPEGImages/001291.jpg,output/clean/001291.png,voc2007,test,clean,none,0,0,clean,,500,375,1,"[""car""]"
001291,data/VOCdevkit/VOC2007/JPEGImages/001291.jpg,output/high_frequency/gaussian_noise/severity_1/001291.png,voc2007,test,gaussian_noise,high,1,1,main,,500,375,1,"[""car""]"
001291,data/VOCdevkit/VOC2007/JPEGImages/001291.jpg,output/high_frequency/gaussian_noise/severity_2/001291.png,voc2007,test,gaussian_noise,high,1,2,main,,500,375,1,"[""car""]"
001291,data/VOCdevkit/VOC2007/JPEGImages/001291.jpg,output/high_frequency/gaussian_noise/severity_3/001291.png,voc2007,test,gaussian_noise,high,1,3,main,,500,375,1,"[""car""]"
001291,data/VOCdevkit/VOC2007/JPEGImages/001291.jpg,output/high_frequency/gaussian_noise/severity_4/001291.png,voc2007,test,gaussian_noise,high,1,4,main,,500,375,1,"[""car""]"
001291,data/VOCdevkit/VOC2007/JPEGImages/001291.jpg,output/high_frequency/gaussian_noise/severity_5/001291.png,voc2007,test,gaussian_noise,high,1,5,main,,500,375,1,"[""car""]"
001291,data/VOCdevkit/VOC2007/JPEGImages/001291.jpg,output/high_frequency/shot_noise/severity_1/001291.png,voc2007,test,shot_noise,high,2,1,main,,500,375,1,"[""car""]"
001291,data/VOCdevkit/VOC2007/JPEGImages/001291.jpg,output/high_frequency/shot_noise/severity_2/001291.png,voc2007,test,shot_noise,high,2,2,main,,500,375,1,"[""car""]"
001291,data/VOCdevkit/VOC2007/JPEGImages/001291.jpg,output/high_frequency/shot_noise/severity_3/001291.png,voc2007,test,shot_noise,high,2,3,main,,500,375,1,"[""car""]"
001291,data/VOCdevkit/VOC2007/JPEGImages/001291.jpg,output/high_frequency/shot_noise/severity_4/001291.png,voc2007,test,shot_noise,high,2,4,main,,500,375,1,"[""car""]"
001291,data/VOCdevkit/VOC2007/JPEGImages/001291.jpg,output/high_frequency/shot_noise/severity_5/001291.png,voc2007,test,shot_noise,high,2,5,main,,500,375,1,"[""car""]"
001291,data/VOCdevkit/VOC2007/JPEGImages/001291.jpg,output/high_frequency/jpeg_compression/severity_1/001291.png,voc2007,test,jpeg_compression,high,3,1,main,,500,375,1,"[""car""]"
001291,data/VOCdevkit/VOC2007/JPEGImages/001291.jpg,output/high_frequency/jpeg_compression/severity_2/001291.png,voc2007,test,jpeg_compression,high,3,2,main,,500,375,1,"[""car""]"
001291,data/VOCdevkit/VOC2007/JPEGImages/001291.jpg,output/high_frequency/jpeg_compression/severity_3/001291.png,voc2007,test,jpeg_compression,high,3,3,main,,500,375,1,"[""car""]"
001291,data/VOCdevkit/VOC2007/JPEGImages/001291.jpg,output/high_frequency/jpeg_compression/severity_4/001291.png,voc2007,test,jpeg_compression,high,3,4,main,,500,375,1,"[""car""]"
001291,data/VOCdevkit/VOC2007/JPEGImages/001291.jpg,output/high_frequency/jpeg_compression/severity_5/001291.png,voc2007,test,jpeg_compression,high,3,5,main,,500,375,1,"[""car""]"
001291,data/VOCdevkit/VOC2007/JPEGImages/001291.jpg,output/mid_frequency/pixelate/severity_1/001291.png,voc2007,test,pixelate,mid,4,1,main,,500,375,1,"[""car""]"
001291,data/VOCdevkit/VOC2007/JPEGImages/001291.jpg,output/mid_frequency/pixelate/severity_2/001291.png,voc2007,test,pixelate,mid,4,2,main,,500,375,1,"[""car""]"
001291,data/VOCdevkit/VOC2007/JPEGImages/001291.jpg,output/mid_frequency/pixelate/severity_3/001291.png,voc2007,test,pixelate,mid,4,3,main,,500,375,1,"[""car""]"
001291,data/VOCdevkit/VOC2007/JPEGImages/001291.jpg,output/mid_frequency/pixelate/severity_4/001291.png,voc2007,test,pixelate,mid,4,4,main,,500,375,1,"[""car""]"
001291,data/VOCdevkit/VOC2007/JPEGImages/001291.jpg,output/mid_frequency/pixelate/severity_5/001291.png,voc2007,test,pixelate,mid,4,5,main,,500,375,1,"[""car""]"
001291,data/VOCdevkit/VOC2007/JPEGImages/001291.jpg,output/mid_frequency/defocus_blur/severity_1/001291.png,voc2007,test,defocus_blur,mid,5,1,main,,500,375,1,"[""car""]"
001291,data/VOCdevkit/VOC2007/JPEGImages/001291.jpg,output/mid_frequency/defocus_blur/severity_2/001291.png,voc2007,test,defocus_blur,mid,5,2,main,,500,375,1,"[""car""]"
001291,data/VOCdevkit/VOC2007/JPEGImages/001291.jpg,output/mid_frequency/defocus_blur/severity_3/001291.png,voc2007,test,defocus_blur,mid,5,3,main,,500,375,1,"[""car""]"
001291,data/VOCdevkit/VOC2007/JPEGImages/001291.jpg,output/mid_frequency/defocus_blur/severity_4/001291.png,voc2007,test,defocus_blur,mid,5,4,main,,500,375,1,"[""car""]"
001291,data/VOCdevkit/VOC2007/JPEGImages/001291.jpg,output/mid_frequency/defocus_blur/severity_5/001291.png,voc2007,test,defocus_blur,mid,5,5,main,,500,375,1,"[""car""]"
001291,data/VOCdevkit/VOC2007/JPEGImages/001291.jpg,output/mid_frequency/motion_blur/severity_1/001291.png,voc2007,test,motion_blur,mid,6,1,main,,500,375,1,"[""car""]"
001291,data/VOCdevkit/VOC2007/JPEGImages/001291.jpg,output/mid_frequency/motion_blur/severity_2/001291.png,voc2007,test,motion_blur,mid,6,2,main,,500,375,1,"[""car""]"
001291,data/VOCdevkit/VOC2007/JPEGImages/001291.jpg,output/mid_frequency/motion_blur/severity_3/001291.png,voc2007,test,motion_blur,mid,6,3,main,,500,375,1,"[""car""]"
001291,data/VOCdevkit/VOC2007/JPEGImages/001291.jpg,output/mid_frequency/motion_blur/severity_4/001291.png,voc2007,test,motion_blur,mid,6,4,main,,500,375,1,"[""car""]"
001291,data/VOCdevkit/VOC2007/JPEGImages/001291.jpg,output/mid_frequency/motion_blur/severity_5/001291.png,voc2007,test,motion_blur,mid,6,5,main,,500,375,1,"[""car""]"
001291,data/VOCdevkit/VOC2007/JPEGImages/001291.jpg,output/low_frequency/fog/severity_1/001291.png,voc2007,test,fog,low,7,1,main,,500,375,1,"[""car""]"
001291,data/VOCdevkit/VOC2007/JPEGImages/001291.jpg,output/low_frequency/fog/severity_2/001291.png,voc2007,test,fog,low,7,2,main,,500,375,1,"[""car""]"
001291,data/VOCdevkit/VOC2007/JPEGImages/001291.jpg,output/low_frequency/fog/severity_3/001291.png,voc2007,test,fog,low,7,3,main,,500,375,1,"[""car""]"
001291,data/VOCdevkit/VOC2007/JPEGImages/001291.jpg,output/low_frequency/fog/severity_4/001291.png,voc2007,test,fog,low,7,4,main,,500,375,1,"[""car""]"
001291,data/VOCdevkit/VOC2007/JPEGImages/001291.jpg,output/low_frequency/fog/severity_5/001291.png,voc2007,test,fog,low,7,5,main,,500,375,1,"[""car""]"
001291,data/VOCdevkit/VOC2007/JPEGImages/001291.jpg,output/low_frequency/contrast/severity_1/001291.png,voc2007,test,contrast,low,8,1,main,,500,375,1,"[""car""]"
001291,data/VOCdevkit/VOC2007/JPEGImages/001291.jpg,output/low_frequency/contrast/severity_2/001291.png,voc2007,test,contrast,low,8,2,main,,500,375,1,"[""car""]"
001291,data/VOCdevkit/VOC2007/JPEGImages/001291.jpg,output/low_frequency/contrast/severity_3/001291.png,voc2007,test,contrast,low,8,3,main,,500,375,1,"[""car""]"
001291,data/VOCdevkit/VOC2007/JPEGImages/001291.jpg,output/low_frequency/contrast/severity_4/001291.png,voc2007,test,contrast,low,8,4,main,,500,375,1,"[""car""]"
001291,data/VOCdevkit/VOC2007/JPEGImages/001291.jpg,output/low_frequency/contrast/severity_5/001291.png,voc2007,test,contrast,low,8,5,main,,500,375,1,"[""car""]"
009075,data/VOCdevkit/VOC2007/JPEGImages/009075.jpg,output/clean/009075.png,voc2007,test,clean,none,0,0,clean,,500,375,9,"[""person"", ""person"", ""person"", ""person"", ""person"", ""person"", ""bottle"", ""bottle"", ""chair""]"
009075,data/VOCdevkit/VOC2007/JPEGImages/009075.jpg,output/high_frequency/gaussian_noise/severity_1/009075.png,voc2007,test,gaussian_noise,high,1,1,main,,500,375,9,"[""person"", ""person"", ""person"", ""person"", ""person"", ""person"", ""bottle"", ""bottle"", ""chair""]"
009075,data/VOCdevkit/VOC2007/JPEGImages/009075.jpg,output/high_frequency/gaussian_noise/severity_2/009075.png,voc2007,test,gaussian_noise,high,1,2,main,,500,375,9,"[""person"", ""person"", ""person"", ""person"", ""person"", ""person"", ""bottle"", ""bottle"", ""chair""]"
009075,data/VOCdevkit/VOC2007/JPEGImages/009075.jpg,output/high_frequency/gaussian_noise/severity_3/009075.png,voc2007,test,gaussian_noise,high,1,3,main,,500,375,9,"[""person"", ""person"", ""person"", ""person"", ""person"", ""person"", ""bottle"", ""bottle"", ""chair""]"
009075,data/VOCdevkit/VOC2007/JPEGImages/009075.jpg,output/high_frequency/gaussian_noise/severity_4/009075.png,voc2007,test,gaussian_noise,high,1,4,main,,500,375,9,"[""person"", ""person"", ""person"", ""person"", ""person"", ""person"", ""bottle"", ""bottle"", ""chair""]"
009075,data/VOCdevkit/VOC2007/JPEGImages/009075.jpg,output/high_frequency/gaussian_noise/severity_5/009075.png,voc2007,test,gaussian_noise,high,1,5,main,,500,375,9,"[""person"", ""person"", ""person"", ""person"", ""person"", ""person"", ""bottle"", ""bottle"", ""chair""]"
009075,data/VOCdevkit/VOC2007/JPEGImages/009075.jpg,output/high_frequency/shot_noise/severity_1/009075.png,voc2007,test,shot_noise,high,2,1,main,,500,375,9,"[""person"", ""person"", ""person"", ""person"", ""person"", ""person"", ""bottle"", ""bottle"", ""chair""]"
009075,data/VOCdevkit/VOC2007/JPEGImages/009075.jpg,output/high_frequency/shot_noise/severity_2/009075.png,voc2007,test,shot_noise,high,2,2,main,,500,375,9,"[""person"", ""person"", ""person"", ""person"", ""person"", ""person"", ""bottle"", ""bottle"", ""chair""]"
009075,data/VOCdevkit/VOC2007/JPEGImages/009075.jpg,output/high_frequency/shot_noise/severity_3/009075.png,voc2007,test,shot_noise,high,2,3,main,,500,375,9,"[""person"", ""person"", ""person"", ""person"", ""person"", ""person"", ""bottle"", ""bottle"", ""chair""]"
009075,data/VOCdevkit/VOC2007/JPEGImages/009075.jpg,output/high_frequency/shot_noise/severity_4/009075.png,voc2007,test,shot_noise,high,2,4,main,,500,375,9,"[""person"", ""person"", ""person"", ""person"", ""person"", ""person"", ""bottle"", ""bottle"", ""chair""]"
009075,data/VOCdevkit/VOC2007/JPEGImages/009075.jpg,output/high_frequency/shot_noise/severity_5/009075.png,voc2007,test,shot_noise,high,2,5,main,,500,375,9,"[""person"", ""person"", ""person"", ""person"", ""person"", ""person"", ""bottle"", ""bottle"", ""chair""]"
009075,data/VOCdevkit/VOC2007/JPEGImages/009075.jpg,output/high_frequency/jpeg_compression/severity_1/009075.png,voc2007,test,jpeg_compression,high,3,1,main,,500,375,9,"[""person"", ""person"", ""person"", ""person"", ""person"", ""person"", ""bottle"", ""bottle"", ""chair""]"
009075,data/VOCdevkit/VOC2007/JPEGImages/009075.jpg,output/high_frequency/jpeg_compression/severity_2/009075.png,voc2007,test,jpeg_compression,high,3,2,main,,500,375,9,"[""person"", ""person"", ""person"", ""person"", ""person"", ""person"", ""bottle"", ""bottle"", ""chair""]"
009075,data/VOCdevkit/VOC2007/JPEGImages/009075.jpg,output/high_frequency/jpeg_compression/severity_3/009075.png,voc2007,test,jpeg_compression,high,3,3,main,,500,375,9,"[""person"", ""person"", ""person"", ""person"", ""person"", ""person"", ""bottle"", ""bottle"", ""chair""]"
009075,data/VOCdevkit/VOC2007/JPEGImages/009075.jpg,output/high_frequency/jpeg_compression/severity_4/009075.png,voc2007,test,jpeg_compression,high,3,4,main,,500,375,9,"[""person"", ""person"", ""person"", ""person"", ""person"", ""person"", ""bottle"", ""bottle"", ""chair""]"
009075,data/VOCdevkit/VOC2007/JPEGImages/009075.jpg,output/high_frequency/jpeg_compression/severity_5/009075.png,voc2007,test,jpeg_compression,high,3,5,main,,500,375,9,"[""person"", ""person"", ""person"", ""person"", ""person"", ""person"", ""bottle"", ""bottle"", ""chair""]"
009075,data/VOCdevkit/VOC2007/JPEGImages/009075.jpg,output/mid_frequency/pixelate/severity_1/009075.png,voc2007,test,pixelate,mid,4,1,main,,500,375,9,"[""person"", ""person"", ""person"", ""person"", ""person"", ""person"", ""bottle"", ""bottle"", ""chair""]"
009075,data/VOCdevkit/VOC2007/JPEGImages/009075.jpg,output/mid_frequency/pixelate/severity_2/009075.png,voc2007,test,pixelate,mid,4,2,main,,500,375,9,"[""person"", ""person"", ""person"", ""person"", ""person"", ""person"", ""bottle"", ""bottle"", ""chair""]"
009075,data/VOCdevkit/VOC2007/JPEGImages/009075.jpg,output/mid_frequency/pixelate/severity_3/009075.png,voc2007,test,pixelate,mid,4,3,main,,500,375,9,"[""person"", ""person"", ""person"", ""person"", ""person"", ""person"", ""bottle"", ""bottle"", ""chair""]"
009075,data/VOCdevkit/VOC2007/JPEGImages/009075.jpg,output/mid_frequency/pixelate/severity_4/009075.png,voc2007,test,pixelate,mid,4,4,main,,500,375,9,"[""person"", ""person"", ""person"", ""person"", ""person"", ""person"", ""bottle"", ""bottle"", ""chair""]"
009075,data/VOCdevkit/VOC2007/JPEGImages/009075.jpg,output/mid_frequency/pixelate/severity_5/009075.png,voc2007,test,pixelate,mid,4,5,main,,500,375,9,"[""person"", ""person"", ""person"", ""person"", ""person"", ""person"", ""bottle"", ""bottle"", ""chair""]"
009075,data/VOCdevkit/VOC2007/JPEGImages/009075.jpg,output/mid_frequency/defocus_blur/severity_1/009075.png,voc2007,test,defocus_blur,mid,5,1,main,,500,375,9,"[""person"", ""person"", ""person"", ""person"", ""person"", ""person"", ""bottle"", ""bottle"", ""chair""]"
009075,data/VOCdevkit/VOC2007/JPEGImages/009075.jpg,output/mid_frequency/defocus_blur/severity_2/009075.png,voc2007,test,defocus_blur,mid,5,2,main,,500,375,9,"[""person"", ""person"", ""person"", ""person"", ""person"", ""person"", ""bottle"", ""bottle"", ""chair""]"
009075,data/VOCdevkit/VOC2007/JPEGImages/009075.jpg,output/mid_frequency/defocus_blur/severity_3/009075.png,voc2007,test,defocus_blur,mid,5,3,main,,500,375,9,"[""person"", ""person"", ""person"", ""person"", ""person"", ""person"", ""bottle"", ""bottle"", ""chair""]"
009075,data/VOCdevkit/VOC2007/JPEGImages/009075.jpg,output/mid_frequency/defocus_blur/severity_4/009075.png,voc2007,test,defocus_blur,mid,5,4,main,,500,375,9,"[""person"", ""person"", ""person"", ""person"", ""person"", ""person"", ""bottle"", ""bottle"", ""chair""]"
009075,data/VOCdevkit/VOC2007/JPEGImages/009075.jpg,output/mid_frequency/defocus_blur/severity_5/009075.png,voc2007,test,defocus_blur,mid,5,5,main,,500,375,9,"[""person"", ""person"", ""person"", ""person"", ""person"", ""person"", ""bottle"", ""bottle"", ""chair""]"
009075,data/VOCdevkit/VOC2007/JPEGImages/009075.jpg,output/mid_frequency/motion_blur/severity_1/009075.png,voc2007,test,motion_blur,mid,6,1,main,,500,375,9,"[""person"", ""person"", ""person"", ""person"", ""person"", ""person"", ""bottle"", ""bottle"", ""chair""]"
009075,data/VOCdevkit/VOC2007/JPEGImages/009075.jpg,output/mid_frequency/motion_blur/severity_2/009075.png,voc2007,test,motion_blur,mid,6,2,main,,500,375,9,"[""person"", ""person"", ""person"", ""person"", ""person"", ""person"", ""bottle"", ""bottle"", ""chair""]"
009075,data/VOCdevkit/VOC2007/JPEGImages/009075.jpg,output/mid_frequency/motion_blur/severity_3/009075.png,voc2007,test,motion_blur,mid,6,3,main,,500,375,9,"[""person"", ""person"", ""person"", ""person"", ""person"", ""person"", ""bottle"", ""bottle"", ""chair""]"
009075,data/VOCdevkit/VOC2007/JPEGImages/009075.jpg,output/mid_frequency/motion_blur/severity_4/009075.png,voc2007,test,motion_blur,mid,6,4,main,,500,375,9,"[""person"", ""person"", ""person"", ""person"", ""person"", ""person"", ""bottle"", ""bottle"", ""chair""]"
009075,data/VOCdevkit/VOC2007/JPEGImages/009075.jpg,output/mid_frequency/motion_blur/severity_5/009075.png,voc2007,test,motion_blur,mid,6,5,main,,500,375,9,"[""person"", ""person"", ""person"", ""person"", ""person"", ""person"", ""bottle"", ""bottle"", ""chair""]"
009075,data/VOCdevkit/VOC2007/JPEGImages/009075.jpg,output/low_frequency/fog/severity_1/009075.png,voc2007,test,fog,low,7,1,main,,500,375,9,"[""person"", ""person"", ""person"", ""person"", ""person"", ""person"", ""bottle"", ""bottle"", ""chair""]"
009075,data/VOCdevkit/VOC2007/JPEGImages/009075.jpg,output/low_frequency/fog/severity_2/009075.png,voc2007,test,fog,low,7,2,main,,500,375,9,"[""person"", ""person"", ""person"", ""person"", ""person"", ""person"", ""bottle"", ""bottle"", ""chair""]"
009075,data/VOCdevkit/VOC2007/JPEGImages/009075.jpg,output/low_frequency/fog/severity_3/009075.png,voc2007,test,fog,low,7,3,main,,500,375,9,"[""person"", ""person"", ""person"", ""person"", ""person"", ""person"", ""bottle"", ""bottle"", ""chair""]"
009075,data/VOCdevkit/VOC2007/JPEGImages/009075.jpg,output/low_frequency/fog/severity_4/009075.png,voc2007,test,fog,low,7,4,main,,500,375,9,"[""person"", ""person"", ""person"", ""person"", ""person"", ""person"", ""bottle"", ""bottle"", ""chair""]"
009075,data/VOCdevkit/VOC2007/JPEGImages/009075.jpg,output/low_frequency/fog/severity_5/009075.png,voc2007,test,fog,low,7,5,main,,500,375,9,"[""person"", ""person"", ""person"", ""person"", ""person"", ""person"", ""bottle"", ""bottle"", ""chair""]"
009075,data/VOCdevkit/VOC2007/JPEGImages/009075.jpg,output/low_frequency/contrast/severity_1/009075.png,voc2007,test,contrast,low,8,1,main,,500,375,9,"[""person"", ""person"", ""person"", ""person"", ""person"", ""person"", ""bottle"", ""bottle"", ""chair""]"
009075,data/VOCdevkit/VOC2007/JPEGImages/009075.jpg,output/low_frequency/contrast/severity_2/009075.png,voc2007,test,contrast,low,8,2,main,,500,375,9,"[""person"", ""person"", ""person"", ""person"", ""person"", ""person"", ""bottle"", ""bottle"", ""chair""]"
009075,data/VOCdevkit/VOC2007/JPEGImages/009075.jpg,output/low_frequency/contrast/severity_3/009075.png,voc2007,test,contrast,low,8,3,main,,500,375,9,"[""person"", ""person"", ""person"", ""person"", ""person"", ""person"", ""bottle"", ""bottle"", ""chair""]"
009075,data/VOCdevkit/VOC2007/JPEGImages/009075.jpg,output/low_frequency/contrast/severity_4/009075.png,voc2007,test,contrast,low,8,4,main,,500,375,9,"[""person"", ""person"", ""person"", ""person"", ""person"", ""person"", ""bottle"", ""bottle"", ""chair""]"
009075,data/VOCdevkit/VOC2007/JPEGImages/009075.jpg,output/low_frequency/contrast/severity_5/009075.png,voc2007,test,contrast,low,8,5,main,,500,375,9,"[""person"", ""person"", ""person"", ""person"", ""person"", ""person"", ""bottle"", ""bottle"", ""chair""]"
